ae,Abu Dhabi
ae,Abu Hail
ae,Abu Dabi
ae,Abu Zabi
ae,Abu Zabye
ae,Abu Zabyo
ae,Ad Dharbaniya
ae,Adgat
ae,Adh Dhaid
ae,Adhin
ae,Afarah
ae,`Ain
ae,Ain al Ghamur
ae,`Ain Dhawahir
ae,Ajima
ae,Akamiya
ae,Al Abadilah
ae,Al Ain
ae,Al Ajman
ae,Al `Ayn
ae,Al `Ayn al Ghamur
ae,Al Badiyah
ae,Al Bithnah
ae,Al Daid
ae,Al-Dhayd
ae,Al Dini
ae,Al Duss
ae,Al Fai
ae,Al Fiyya
ae,Al-Fudjayra
ae,Al Fuqait
ae,Al Fuyay'
ae,Al-Ghil
ae,Algida
ae,Al Gissemari
ae,Al Hagarein
ae,Al Haira
ae,Al Hairah
ae,Alhala
ae,Al Hama'im
ae,Al Hamra'
ae,Al Hamriya
ae,Al Hayir
ae,Al Hayl
ae,Al Hayl
ae,Al Hinya
ae,Al-Hirah
ae,Al-Humaimah
ae,Al Ian
ae,Aliya
ae,Al Jazirah al Hamra'
ae,Al Jima
ae,Al Jimi
ae,Al Khalabiya
ae,Al Kharan
ae,Al Khatt
ae,Al Khawiya
ae,Al Khulaybiyah
ae,Al Layyah
ae,Al Maham
ae,Al-Mariyya Al-Gharbyya
ae,Al-Mariyya
ae,Al-Mariyyah
ae,Al-Mirfa'
ae,Al Mu`taridh
ae,Al Muwaijh
ae,Al Muweiqi
ae,Al-Nashash
ae,Al-Naslah
ae,Al Odeid
ae,Al-Qatarah
ae,Al Qawr
ae,Al Qima
ae,Al Qor
ae,Al-Rol
ae,Al Saad
ae,Al Said
ae,Al Satwa
ae,Al Selimat
ae,Al Sharjah
ae,Al-Tarif
ae,Al-'Udaid
ae,Al-`Udeid
ae,Al Wathba
ae,An Naslah
ae,Aqqa
ae,`Arada
ae,Araibi
ae,Ar Ru'ays
ae,Ash 'Mariqah
ae,Ash Shariqa
ae,`Asimah
ae,As Salihiyah
ae,As Saqamqam
ae,Athaba
ae,At Tarif
ae,At Turayf
ae,`Awanat
ae,Ayaina
ae,Ayn al Faidah
ae,`Ayn al Ghamur
ae,`Ayn Zawahir
ae,Badiya
ae,Badiyyah
ae,Bandar Mirfah
ae,Barahah
ae,Batain
ae,Batein
ae,Bidayarat Margham
ae,Bidiya
ae,Bidyah
ae,Bid' Zayed
ae,Bilaida
ae,Bilaidah
ae,Bithna
ae,Bithnah
ae,Budayyah
ae,Bulaidha
ae,Chuwais
ae,Daba al-Ghurfah
ae,Daba al-Hisn
ae,Daba
ae,Dabei
ae,Dadna
ae,Dadnah
ae,Dafir
ae,Dafta
ae,Daira
ae,Dairah
ae,Dasa
ae,Datta
ae,Dayd
ae,Deira
ae,Dhadna
ae,Dhafir
ae,Dhaiah
ae,Dhaid
ae,Dhaiyah
ae,Dhawaihir
ae,Dhayd
ae,Dhuwaiher
ae,Diba al Hisn
ae,Dibah
ae,Dibai
ae,Dibay
ae,Dibba
ae,Dibbah
ae,Digdagga
ae,Diq Duqqah
ae,Dirah
ae,Dubai
ae,Dubay
ae,Duhayd
ae,Duwaihir
ae,Duwayhin
ae,El Ain
ae,Fahlain
ae,Fahlayn
ae,Faiyada
ae,Fakkan
ae,Falaiya
ae,Falaiyah
ae,Falaj al Ali
ae,Falaj Ibn Mu'alla
ae,Falj Al `Ali
ae,Falq Al Ali
ae,Fara
ae,Far`
ae,Farfar
ae,Fashra
ae,Fayyadah
ae,Fili Ma`ala
ae,Fort Dabei
ae,Fujaira
ae,Fujairah
ae,Fujayrah
ae,Fulayyah
ae,Furfar
ae,Gargaha
ae,Garmada
ae,Ge'aisa
ae,Ghadaf
ae,Ghail
ae,Ghail
ae,Ghalla
ae,Ghallah
ae,Ghamara
ae,Gharaifah
ae,Gharefa
ae,Ghob
ae,Ghubbah
ae,Ghubbat Khawarah
ae,Ghumrah
ae,Ghuna
ae,Ghura
ae,Ghurayfah
ae,Ghurfah
ae,Girath
ae,Habhab
ae,Hadaibah
ae,Hadeiba
ae,Hadhi
ae,Hail
ae,Hail
ae,Hail
ae,Haira
ae,Hair
ae,Hajarain
ae,Hajarayn
ae,Hajrain
ae,Hama'im
ae,Hamra
ae,Hamriya
ae,Hamriyah
ae,Hamriyyah
ae,Harra
ae,Hayrah
ae,Hil
ae,Hili
ae,Hisn Diba
ae,Hiweitein
ae,Hiyawa
ae,Howeilat
ae,Humaym
ae,Husn Dibba
ae,Huwaila
ae,Huwaitin
ae,Huweilah
ae,Idhn
ae,Ihaid
ae,Istaihah
ae,Isteiha
ae,Jareef
ae,Jarmada
ae,Je`eisah
ae,Jeraira
ae,Jereirah
ae,Jimeirah
ae,Jimi
ae,Juhr
ae,Julfa
ae,Jumairah
ae,Jumeira
ae,Jumaira
ae,Kalbah
ae,Kayya
ae,Khaimah
ae,Khalaibiyah
ae,Khalaibiya
ae,Khan
ae,Khauran
ae,Khawr al Fakkan
ae,Khawr al Kalba
ae,Khawran
ae,Khawr Mala
ae,Khawr Za`ab
ae,Khor al Fakhan
ae,Khor al Fakkan
ae,Khor al Kalba
ae,Khorfakan
ae,Khorfakhan
ae,Khor Fakhan
ae,Khor Fakkan
ae,Khor Kalba
ae,Khor Khuwair
ae,Khouran
ae,Khubakhib
ae,Khuwair
ae,Kuways
ae,Laiyah
ae,Laiya
ae,Laiyya
ae,Latir
ae,Lisaili
ae,Lulaiyah
ae,Luliyyah
ae,Lu'lu'iyah
ae,Luluya
ae,Lumweijah
ae,Ma'airidh
ae,Ma'aridh
ae,Ma`arid
ae,Ma'ataradh
ae,Ma'ataridh
ae,Madaq
ae,Madha
ae,Madinat Za'id
ae,Magrobiyya
ae,Mahtarraqah
ae,Maidaq
ae,Manai'i
ae,Manai
ae,Manamah
ae,Manama
ae,Manqasnah
ae,Marawah
ae,Marbad
ae,Marbah
ae,Ma`rid
ae,Mas`adi
ae,Mashrub
ae,Mas'ud
ae,Mausal
ae,Mausil
ae,Mawsal
ae,Ma`yarid
ae,Mezaira'a
ae,Milqata
ae,Mirba
ae,Mirbih
ae,Mirfah
ae,Mirfa
ae,Mizeir`ah
ae,Mondafanah
ae,Mondafinah
ae,Mozayri`
ae,Muaifi
ae,Mughairah
ae,Mughaira
ae,Mugharah
ae,Mughayrah
ae,Muhtarqah
ae,Mukhtaraja
ae,Mundafnah
ae,Murawwah
ae,Musafi
ae,Musaifi
ae,Mushayrib
ae,Musil
ae,Mutaradh
ae,Mu`tarad
ae,Mutarad
ae,Muwafi
ae,Nadd Shubayh
ae,Nad Shibeih
ae,Nahai
ae,Nahawa
ae,Nashshash
ae,Naslah
ae,Nasla
ae,Nedaifi
ae,Nefair
ae,Nishash
ae,Nuslah
ae,'Odaid
ae,Palhain
ae,Port Khor Fakkan
ae,Qalba
ae,Qamh
ae,Qaraiyah
ae,Qaraiyat
ae,Qarat ad Dulm
ae,Qarat al Dum
ae,Qarmadah
ae,Qatarah
ae,Qatara
ae,Qattara
ae,Qatuf
ae,Qidfa
ae,Qidfi`
ae,Qima
ae,Qimh
ae,Quor
ae,Qurayyah
ae,Qusaidat
ae,Qutuf
ae,Ramla
ae,Raml Sabil
ae,Raml Za`bil
ae,Rams
ae,Ras al Khaimah
ae,Ras al Khaima
ae,Ras Dibba
ae,Rashdia
ae,Rashidiyah
ae,Righeilat
ae,Riyama
ae,Rol Dadnah
ae,Rugheilat
ae,Rul Dabbah
ae,Rul Dadnah
ae,Rul Dhadna
ae,Rul Dibah
ae,Rul Dibba
ae,Ruwais
ae,Sa`bah
ae,Sabakha
ae,Sabkha
ae,Sabukhah
ae,Sahawat
ae,Sakamkam
ae,Sal
ae,Shaam
ae,Sha`m
ae,Sharam
ae,Sharga
ae,Sharijah
ae,Shariqah
ae,Sharjah
ae,Sharja
ae,Shauka
ae,Shib al Gat
ae,Shimil
ae,Shokah
ae,Shuways
ae,Sram
ae,Sufad
ae,Suheila
ae,Sulaymat
ae,Sumbrair
ae,Taiyibah
ae,Tawian
ae,Taraif
ae,Tawi as Siji
ae,Tawi Siji
ae,Tayibah
ae,Tayiban
ae,Tayyibah
ae,Tereg
ae,Tharwaniyyah
ae,Tharwaniyya
ae,Theeb
ae,Thoban
ae,Ud al Beida
ae,`Ujman
ae,Um al Quweim
ae,Umm al Qaiwain
ae,Umm al Qawain
ae,Umm as Suqaym
ae,Umm Grain
ae,`Umm Qrein
ae,`Uyaynah
ae,Wa'abain
ae,Waafit
ae,Wafid
ae,Wahala
ae,Wedheil
ae,Wefid
ae,Western Mariyyah
ae,Wudhayl
ae,Yaif
ae,Yalah
ae,Yumul al Quwain
ae,Zayah
ae,Zubara
ae,Zuweihir
