am,Abaran
am,Abaran Verin
am,Abilkend
am,Ablkend
am,Abovyan
am,Abovyan
am,Achadzhur
am,Ach'ajur
am,Achanan
am,Achasu
am,Achkhlu
am,Achpach
am,Achtarak
am,Adamkhan
am,Adyaman
am,Adzhatin
am,Adzhebadzh
am,Adzhibadzh
am,Adzhilu
am,Agadzor
am,Agagchi
am,Agalu
am,Agamzalu
am,Agarakadzor
am,Agarak
am,Agarak
am,Agarak
am,Agavnadzor
am,Agavnadzor
am,Agavnatun
am,Agbash
am,Agbulag
am,Agbulag
am,Agbulakh
am,Agbulakh
am,Agbulalakh
am,Agdan
am,Agdzhakala
am,Agdzhakala
am,Agdzhakishlag
am,Agdzhakishlag
am,Agdzharkh
am,Agëkhush
am,Agexus
am,Aghavnadzor
am,Aghavnadzor
am,Aghavnatun
am,Aghavnavank'
am,Aghberk'
am,Aghbulagh
am,Aghin
am,Aghitu
am,Aghk'end
am,Aghkend
am,Aghk'ilisa
am,Aghnjadzor
am,Aghts'k'
am,Aghudi
am,Aghvani
am,Aghvorik
am,Aghyokhush
am,Agin
am,Agkilisa
am,Agkilisa
am,Agkilisa
am,Agndzhadzor
am,Agnilisa
am,Agpara
am,Agsu
am,Agudi
am,Agvani
am,Agveran
am,Agvi
am,Agzibir
am,Ahnidzor
am,Aigedzor
am,Ajabaj
am,Aj'ap'nyak
am,Ajaraj
am,Ajaran
am,Ajatin
am,Ajbaj
am,Ajbej
am,Ajbij
am,Ajebach'
am,Ajebaj
am,Ajevach'
am,Ajibaj
am,Ajilu
am,Ajizur
am,Ajlu
am,Ajrlu
am,Ajylu
am,Akhavnadzor
am,Akhavnadzor
am,Akhavnatukh
am,Akhavnatun
am,Akhbrak
am,Akhkala
am,Akhkend
am,Akhkikhli
am,Akhkikhlu
am,Akhkilisa
am,Akhkilisa
am,Akhlatian
am,Akhlat'yan
am,Akhnidzor
am,Akhpat
am,Akhpradzor
am,Akhpyurak
am,Akhs
am,Akhsibara
am,Akhsu
am,Akhta
am,Akhta
am,Akhtakhana
am,Akhtala
am,Akht'ala
am,Akhtanak
am,Akhtanak
am,Akhti
am,Akhula
am,Akhum
am,Akhund Bzovan
am,Akhundov
am,Akhurik
am,Akhuryan
am,Akko
am,Aknalich
am,Aknashen
am,Akner
am,Akner
am,Ak'ori
am,Aksibara
am,Akunk
am,Akunk'
am,Akunk'
am,Alages
am,Alagëz
am,Alagyaz
am,Alagyaz
am,Alagyoz
am,Alakilisa
am,Alap'ars
am,Alatala
am,Alavar
am,Alaverdi
am,Alaverdy
am,Alawerdy
am,Alayaz
am,Aldara
am,Alek'pol
am,Alek'sandrapol
am,Alek'sandrobol
am,Aleksandropol'
am,Aleksandrovka
am,Aleksandrovka
am,Aleksandrovka
am,Alexandropol'
am,Alibeklu
am,Alichali
am,Alighulashen
am,Alighuli Ashaghy
am,Alikhan
am,Alikhan-Payasy
am,Alikrykh
am,Alikuchak
am,Alikulik'yand
am,Alilu
am,Alkhat'yan
am,Allaverdy
am,Almalu
am,Alvar
am,Amaghu
am,Amagu
am,Amamlu
am,Amamth
am,Amasia
am,Amasiya
am,Amasiya
am,Amberd
am,Amirkher
am,Amodzh
am,Amrakits'
am,Anastasavan
am,Anastasavan
am,Angeghakot'
am,Angekhakot
am,Angelaut
am,Anipemza
am,Ankadzor
am,Ankavan
am,Antaramut
am,Antarashat
am,Antarramej
am,Antarramut
am,Antarrashat
am,Antarut
am,Anushavan
am,Apaga
am,Aparan
am,Aparanbol
am,Aparanpol
am,Aparan Verin
am,Apaven
am,Ap'nagyugh
am,Apnagyukh
am,Aqarak
am,Arabkir
am,Arachadzor
am,Aragats
am,Aragats
am,Aragatsotn
am,Aragyugh
am,Aragyukh
am,Arai
am,Arak's
am,Arak'savan
am,Aralek
am,Aralykh
am,Aralykh
am,Aramis
am,Aramus
am,Arapi
am,Ararat
am,Arates
am,Aravet
am,Aravus
am,Arazap
am,Arazdayan
am,Arbat'
am,Arch'adzor
am,Archis
am,Archut
am,Ardashar
am,Ardenis
am,Ardvi
am,Areg
am,Aregnadem
am,Areguni
am,Areni
am,Arevabuyr
am,Arevashat
am,Arevashet
am,Arevashogh
am,Arevashokh
am,Arevatsag
am,Arevik
am,Arevik
am,Arevis
am,Arevshat
am,Arevshat
am,Argavand
am,Argavand
am,Argel
am,Argishti
am,Arich
am,Arikhvali
am,Arin
am,Arindzh
am,Arjadzor
am,Arjagur-Avsarlu
am,Arjazur
am,Arjut
am,Arkel
am,Armanis
am,Armash
am,Armavir
am,Armutlu
am,Armutlu
am,Armyanskiy Gerger
am,Arpa
am,Arpavar
am,Arpeni
am,Arp'i
am,Arp'unk'
am,Arrach'adzor
am,Arrajadzor
am,Arrajnadzor
am,Arrap'i
am,Arratashen
am,Arrinj
am,Arrjahur
am,Arshaluys
am,Artabuynk'
am,Artagyukh
am,Artanish
am,Artashar
am,Artashat
am,Artashavan
am,Artashe
am,Artashen
am,Artashen
am,Artashen
am,Artavan
am,Artavan
am,Artavaz
am,Artemed
am,Arteni
am,Art'ik
am,Artimet
am,Artiz
am,Artsbashen
am,Artsevanik'
am,Artsni
am,Artsvaberd
am,Artsvakar
am,Artsvanik
am,Artsvanist
am,Artsvashen
am,Artsvenik
am,Artzvanik
am,Arum
am,Arzakan
am,Arzakyand
am,Arzhis
am,Arzni
am,Ashaga Zeyva
am,Ashaya-Zeyva
am,Ashnak
am,Ashotavan
am,Ashots'k'
am,Ashtarak
am,Ashtarakats' Gyugh
am,Astazur
am,Astghadzor
am,Astkhadzor
am,Astvatsinkal
am,Atamkhan
am,At'an
am,Atarbekyan
am,At'arbekyan
am,Atarbekyan
am,Atdash
am,At'ghunk'
am,Atis
am,Atsarat
am,Atsashen
am,Atsavan
am,Atsavan
am,Atsik
am,Atsik
am,Avagabinaper
am,Avan-Arrinj
am,Avan
am,Avan
am,Avan Vardgesi
am,Avazak
am,Avazan
am,Avdalagalu
am,Avdalar
am,Avdibek
am,Avgeat
am,Avsarlu
am,Avshar
am,Avshen
am,Avtona
am,Axpradzor
am,Ayar
am,Ayarlu
am,Ayasasi
am,Ayaslu
am,Aydarbek
am,Aydarli
am,Aygabats
am,Aygavan
am,Aygeat
am,Aygedzor
am,Aygedzor
am,Aygedzor
am,Aygehat
am,Aygehovit
am,Aygek
am,Aygeovit
am,Aygepar
am,Aygepat
am,Aygerlich
am,Aygeshat
am,Aygeshat
am,Aygestan
am,Aygezard
am,Aygut
am,Aykadzor
am,Aykasar
am,Aykashen
am,Aykavan
am,Aykavan
am,Aynadzor
am,Aynali
am,Aynt'ap'
am,Ayravank'
am,Ayrenyats
am,Ayrivan
am,Ayrivan
am,Ayrk'
am,Ayrum
am,Ayrum
am,Aysasi
am,Aysori Dvin
am,Aytag
am,Aytakh
am,Azad
am,Azatamut
am,Azatan
am,Azatashen-Alighuli
am,Azatashen
am,Azatavan
am,Azatavan
am,Azat
am,Azatek
am,Azeri
am,Azizbekov
am,Azizbekov
am,Azizkend
am,Azizlu
am,Aznvadzor
am,Babadzhan
am,Babajan
am,Babakishi
am,Baburli
am,Badal
am,Badzhogli
am,Baganis
am,Bagaran
am,Bagar
am,Bagarlu
am,Baghramian
am,Baghramyan
am,Baghramyan
am,Bagramyan
am,Bagramyan
am,Bagratashen
am,Bagravan
am,Bahar
am,Baharlu
am,Bakavank
am,Bakhchalar
am,Balahovit
am,Balak'
am,Balakend
am,Balaovit
am,Balikli
am,Balykhli
am,Balykhly
am,Bambakashat
am,Bambakavan
am,Bandivan
am,Barabat'um
am,Barana
am,Baran
am,Barbatum
am,Bardidzor
am,Bardzrashen
am,Bardzravan
am,Bardzruni
am,Barekamavan
am,Barepat
am,Bariabad
am,Bartsrashen
am,Bartsrashen
am,Bartsravan
am,Bartsruni
am,Basargech'ar
am,Bash Abaran
am,Bash Aparan
am,Bash Gyarni
am,Bashgyukh
am,Bashgyukh
am,Bashkend
am,Bashkend
am,Bashnalu
am,Batikyan
am,Bavra
am,Bayandur
am,Bayandur
am,Bayburd
am,Baydash
am,Baykht'ash
am,Baysuz
am,Baysyz
am,Baytar
am,Bazarchay
am,Bazardzhug
am,Bazirkhana
am,Bazmakhpyur
am,Bazmavan
am,Bazum
am,Bebdash
am,Bedzhazlu
am,Bek'dash
am,Bekh
am,Bekyand
am,Bendik
am,Beniamin
am,Berdashen
am,Berdavan
am,Berd
am,Berdkunk'
am,Berkanush
am,Berkarat
am,Berk'arrat
am,Berkashat
am,Berrdagyugh
am,Berrdgyugh
am,Bert
am,Beyuk-Vedi
am,Birali
am,Biurakan
am,Biyuk-Vedi
am,Bjni
am,Bjurakan
am,Blagodarnoye
am,Blkher
am,Bnunik'
am,Bnunis
am,Bogazkyasan
am,Bogdanovka
am,Bogutlu
am,Boloraberd
am,Bol'shaya Mazra
am,Bol'shaya Shishtapa
am,Bol'shaya Zeyva
am,Bol'shiye Demurchi
am,Bol'shoy Dzhamushli
am,Bol'shoy Gilanlar
am,Bol'shoy Mantash
am,Bol'shoy Tapakey
am,Borisovka
am,Bozdogan
am,Bozekhush
am,Bozigekh
am,Brnakot
am,Brrat'umb
am,Brrnakot'
am,Brrun
am,Brun
am,Bugdashen
am,Bulagli
am,Bulakhlar
am,Bulakhly
am,Bununis
am,Burakan
am,Burastan
am,Buravet
am,Buzhakan
am,Byl Mazra
am,Byurakan
am,Byuravan
am,Byuregavan
am,Byureghavan
am,Bzhni
am,Bzovan
am,Bzovdal
am,Chabukhly
am,Chakaten
am,Chakhmakh
am,Chakhmakhly
am,Chakhrlu
am,Chakhyrlu
am,Chakidyn
am,Chalab
am,Chalabi
am,Chambarak
am,Chamrlu
am,Chamyrlu
am,Chanakhchi
am,Ch'anakhch'i
am,Changli
am,Chapin
am,Ch'apni
am,Ch'arants'avan
am,Charbakh
am,Ch'arents'avan
am,Chatkran
am,Chaybasar
am,Chaykend
am,Ch'ayk'end
am,Chaykend
am,Chibukhchi
am,Chibukhly
am,Chichakli
am,Chiftali
am,Chigdamal
am,Chigdamlu
am,Chikdamal
am,Chikdamlu
am,Chimankend
am,Ch'inari
am,Ch'inch'in
am,Ch'invinli
am,Chirakhlu
am,Chirchir
am,Chirchiri
am,Chirish
am,Chirpili
am,Ch'iva
am,Chivinli
am,Chizikhlar
am,Ch'kalov
am,Ch'kalovka
am,Chknag
am,Chknakh
am,Chlokhan
am,Chobankara
am,Ch'obanlu
am,Chobanmaz
am,Chochkan
am,Choentsavan
am,Ch'orat'an
am,Chorlit
am,Chorlu
am,Chorort Gyukh
am,Chotur
am,Chrakhli
am,Chubukhly
am,Chubuliki
am,Chullu
am,Dadakishlag
am,Dada-Kishlyag
am,Dadakyashlag
am,Dadalu
am,Dagarli
am,Dailakhlu
am,Dalar
am,Dalarik
am,Dalikardash
am,Dalikdash
am,Dallaklu
am,Dalular
am,Danagirmaz
am,Danushavan
am,Darabas
am,Darabaz
am,Darachichag
am,Darach'iman
am,Dara
am,Daragyukh
am,Darakend
am,Darakend
am,Darakert
am,Darakey
am,Darakoy
am,Daranak
am,Darapas
am,Darband
am,Darbas
am,Darbas
am,Darb
am,Darbnik
am,Dargalu
am,Dargalu Verkhniy
am,Darik
am,Darpas
am,Dash Abaron
am,Dashalty
am,Dashkala
am,Dashkand
am,Dashkend
am,Dashkerpi
am,Dashlu
am,Dashnoa
am,Dashtadem
am,Dashtavan
am,Dasht
am,Dastakern
am,Dastakert
am,Dastakyurd
am,Davalinskiy Tsemzavod
am,Davalu
am,Davdashen
am,Davidashen
am,David-Bek
am,Davitashen
am,Davit' Bek
am,Davrus
am,Davtashen
am,Daylakhlu
am,Daymadaglu
am,Ddmashen
am,Debedashen
am,Debed
am,Debetashen
am,Debet
am,Deghtsut
am,Dekhtsut
am,Delijan
am,Delishan
am,Delizhan
am,Demurchi
am,Demurchilar
am,Derek
am,Dgyr
am,Dian
am,Dilichan
am,Dili
am,Dilijan
am,Dili P'ok'r
am,Dilishan
am,Dilizhan
am,Dimitrov
am,Dirak
am,Diraklar
am,Ditak
am,Ditavan
am,Dits'mayri
am,Dodmashen
am,Doghs
am,Dokhkuz
am,Dokhs
am,Donguzyan
am,Dort'ni
am,Dostlu
am,Dostlug
am,Dovekh
am,Dovrus
am,Dovruz
am,Dprabak
am,Drakhtik
am,Dsegh
am,Dsekh
am,Duvakh
am,Duzk'end
am,Duzkend
am,Duzk'end Mets
am,Duzkharab
am,Duzk'yand
am,Dvin Armyanskiy
am,Dvin
am,Dvoragyukh
am,Dyarrgyarr
am,Dyg
am,Dyolli
am,Dzagidzor
am,Dzhabachalu
am,Dzhadzhur
am,Dzhafarabat
am,Dzhafarapat
am,Dzhalab
am,Dzhalalogly
am,Dzhamushli
am,Dzhamushlu Bol'shoy
am,Dzhamushlu
am,Dzhanakhmed
am,Dzhanfida
am,Dzhangi
am,Dzhani
am,Dzhannatlu
am,Dzhararat
am,Dzhardzharis
am,Dzharkhech
am,Dzharkhedzh
am,Dzhelaloglu
am,Dzhermuk
am,Dzhibillu
am,Dzhil
am,Dzhiliza
am,Dzhirmanis
am,Dzhiviskli
am,Dzhivrishch'
am,Dzhogaz
am,Dzhomardlu
am,Dzhoragyukh
am,Dzhraber
am,Dzhradzor
am,Dzhraovit
am,Dzhrapi
am,Dzhorakhpyur
am,Dzhrarat
am,Dzhrarat
am,Dzhrarat
am,Dzhrashen
am,Dzhrashen
am,Dzhrashen
am,Dzhrvezh
am,Dzhudzhakyand
am,Dzhudzhevan
am,Dzhul
am,Dzitankov
am,Dzit'hank'ov
am,Dzitkhankov
am,Dzoraghbyur
am,Dzoraghp'yur
am,Dzoraglukh
am,Dzoragyugh
am,Dzoragyugh
am,Dzoragyukh
am,Dzoragyukh
am,Dzoragyukh
am,Dzorakap
am,Dzorakhpyur
am,Dzoramut
am,Dzorap
am,Dzorashen
am,Dzorashen
am,Dzorastan
am,Dzoravank'
am,Dzun
am,Dzyunashogh
am,Echmiadzin
am,Echmiatsin
am,Efendi
am,Efendi
am,Eghnajur
am,Ejmiatsin
am,Elar
am,Ellar
am,Ellar Oyugi
am,Elmalu
am,Elpin
am,Erandzor
am,Erdapin
am,Erebuni
am,Ereun
am,Erevan
am,Erewan
am,Eridzor
am,Erivan
am,Erizak
am,Ertich
am,Evdzhilar
am,Evlu
am,Eylas
am,Fantan
am,Farukh
am,Ferik
am,Fioletovo
am,Fontan
am,Franganots
am,Gadzhibagir
am,Gadzhi Bagr
am,Gadzhi Bayram
am,Gadzhikara
am,Gadzhikara
am,Gadzhi-Khalil
am,Gadzhilar
am,Gadzhi Mukhan
am,Gadzhi Nazar
am,Gagarin
am,Galavar
am,Galidzor
am,Gamzachemanskaya
am,Gamzachiman
am,Gandzak'ar
am,Gandzak
am,Gargarr
am,Garibdzhanyan
am,Garnarich
am,Garni
am,Garnovit
am,Garrgarr
am,Garrnarrich
am,Garrni
am,Garzhis
am,Gasankend
am,Gavar
am,Gavarr
am,Gaydarli
am,Gay
am,Gecherlau
am,Gechrlu
am,Gedakbulag
am,Gedaklu
am,Gegamavan
am,Geghadir
am,Geghadir
am,Geghadir
am,Geghahovit
am,Geghak'ar
am,Geghamabak
am,Geghamasar
am,Geghamavan
am,Geghanist
am,Geghanush
am,Geghard
am,Geghark'unik'
am,Gegharot
am,Geghashen
am,Geghavank'
am,Geghi
am,Gegi
am,Gekhadir
am,Gekhadir
am,Gekhadir
am,Gekhadzor
am,Gekhakert
am,Gekhanist
am,Gekhanist
am,Gekhanush
am,Gekhard
am,Gekharkuni
am,Gekharkunik
am,Gekharot
am,Gekhashen
am,Gekhi
am,Gelaysor
am,Gël
am,Gëlkend
am,Gëlli
am,Gëran
am,Gerger
am,Gerger
am,Gergeri
am,Gerger Russkiy
am,Geryusy
am,Geshin
am,Getahovit
am,Getamech
am,Getamej
am,Getap'
am,Getap'
am,Getapi
am,Getapnia
am,Getap'nya
am,Getar
am,Getashen
am,Getashen
am,Getashen
am,Getatag
am,Getat'agh
am,Getatakh
am,Getazat
am,Getik
am,Getik
am,Getk
am,Geyarchin
am,Gëygmbet
am,Gëykilisa
am,Gëysu
am,Gey Yekhush
am,Gezaldara
am,Gezaldara
am,Gezeldara
am,Gezlu
am,Ghabakhlu
am,Ghai-kend
am,Ghalak'yand
am,Ghap'an
am,Gharabulagh
am,Gharaghaya
am,Gharak'ilisa
am,Gharatgha
am,Gharibjanian
am,Gharibjanyan
am,Ghashka
am,Ghavushugh
am,Ghazanch'i
am,Ghazaravan
am,Ghonjali
am,Ghovshut
am,Ghukasavan
am,Ghukasyan
am,Ghurdghulagh
am,Ghursali
am,Ghushch'i
am,Ghyotur
am,Ghzlgyul
am,Ghzljugh
am,Ghzyljugh
am,Gilanlar
am,Gimri
am,Ginevet
am,Girt'
am,Gladzor
am,Glamuzh
am,Gnaberd
am,Gndevaz
am,Gnishik
am,Gogaran
am,Gogavan
am,Goght'anik
am,Goght'
am,Gokht
am,Golgat
am,Golovino
am,Gomadzor
am,Gomaran
am,Gomer
am,Gomk'
am,Gomshavar
am,Gomur
am,Gora Sangyar-Topa
am,Gorayk'
am,Gorbatakh
am,Gorbatekh
am,Goris
am,Gorovan
am,Gors
am,Gosh
am,Grampa
am,Griboyedov
am,Gtashen
am,Gudemnis
am,Gugark'
am,Gukarrich
am,Gukasavan
am,Gukasyan
am,Gulistan
am,Gumri
am,Gumry
am,Güney
am,Gusanagyugh
am,Gusanagyukh
am,Guseyn Kuli
am,Gushch'i
am,Gutnikishlag
am,Gyabur
am,Gyabut
am,Gyadigvank
am,Gyadikvank
am,Gyadikvank'
am,Gyalto
am,Gyalur
am,Gyamrez
am,Gyard
am,Gyard Nerk'in
am,Gyart'
am,Gyrad
am,Gyukh
am,Gyulabarrak
am,Gyulablu
am,Gyulagarak
am,Gyulagorak
am,Gyulistan
am,Gyulist
am,Gyullibulag Armyanskiy
am,Gyullibulag
am,Gyullibulagh
am,Gyulliduz
am,Gyulliduz Otselok
am,Gyullidzha
am,Gyullidzha
am,Gyullidzha
am,Gyullija
am,Gyulludara
am,Gyumri
am,Gyumush
am,Gyunashli
am,Gyuney
am,Gyutashen
am,Gyutkum
am,Haghardzin
am,Haghartsin
am,Haghpat
am,Haght'anak
am,Haght'anak
am,Hajat'in
am,Hajibaj
am,Hakhpat
am,Hakko
am,Halaj
am,Halavar
am,Halidzor
am,Hamgach'iman
am,Hank'avan
am,Hardzis
am,Harrich
am,Hart'agyugh
am,Hartashen
am,Hart'ashen
am,Hart'avan
am,Harzhis
am,Hasankand
am,Hatis
am,Hats'avan
am,Hats'avan
am,Hats'ik
am,Hats'ik
am,Hayanist
am,Haykadzor
am,Haykashen
am,Haykavan
am,Hayravank'
am,Hayrenyats'
am,Hayt'agh
am,Herher
am,Herher
am,Hermon
am,Hesan Kand
am,Hin
am,Hnaberd
am,Hnaberd
am,Hoktember
am,Hoktemberyan
am,Horadis
am,Horbategh
am,Horom
am,Horrom
am,Hors
am,Hovk'
am,Hovtamej
am,Hovtashat
am,Hovtashen
am,Hovtun
am,Hrazdan
am,Hrazdan
am,Hunut
am,Hushakert
am,Ibish
am,Idzhevan
am,Iejmiatsin
am,Igdalu
am,Ijevan
am,Ilanchalan
am,Ilanli
am,Ilanly
am,Ilkhiabi
am,Illi
am,Illi Karakilisa
am,Illmazlu
am,Ilmazlu
am,Imanshalu
am,Imeni Beriya
am,Imeni Beriya
am,Imeni Dzerzhinskogo
am,Imeni Kalinina
am,Imeni Kirova
am,Imeni Mikoyana
am,Imeni Shaumyana
am,Imeni Shaumyana
am,Imeni Stalina
am,Imeni Tairova
am,Imeni Voroshilova
am,Imeni Zhdanova
am,Imrkhan
am,Imrlu
am,Inakdag
am,Inaklu
am,Inchevar
am,Indzhevar
am,Injevar
am,Ipakli
am,Ipakly
am,Iravan
am,Irimis
am,Irind
am,Isaakyan
am,Isahakian
am,Isahakyan
am,Isharandi
am,Ishkanasar
am,Istibulagh
am,Itkran
am,Itsakar
am,Jaghats'adzor
am,Jajur
am,Jajurr
am,Jamshlu
am,Janfida
am,Jegward
am,Jermuk
am,Jibillu
am,Jiliza
am,Jil
am,Jomardlu
am,Jraber
am,Jradzor
am,Jrahovit
am,Jrambar
am,Jrap'i
am,Jrarat
am,Jrarat
am,Jrarrat
am,Jrarrat
am,Jrarrat
am,Jrashen
am,Jrashen
am,Jrvezh
am,Kaayrlu
am,Kabakhlu
am,Kabakhlu
am,Kabakhtapa
am,Kachachkut
am,Kachagan
am,Kadrlu
am,Kadzharan
am,Kafan
am,Kafin
am,Kaghnut
am,K'aghsi
am,Kagrizner
am,Kahurt
am,Kaikuli-Kazanchi
am,K'ajaran
am,K'ajarants'
am,Kak'avadzor
am,Kakavadzor
am,Kakhakn
am,Kakhnut
am,Kakhsi
am,Kakhtsrashen
am,Kalacha
am,Kalachik
am,Kalagar
am,Kalagiran
am,Kalakut
am,Kalali
am,Kalara
am,Kalasar
am,Kalaser
am,Kalavan
am,Kaler
am,Kaliniko
am,Kalinin
am,Kalinin
am,Kalinino
am,Kaltakhchi
am,Kamaris
am,Kamarl
am,Kamarlu
am,Kamarlu
am,Kamarlyu
am,Kamkhut
am,Kamo
am,Kamo
am,Kamyshkut
am,Kamyshlu
am,Kamyshlu
am,Kamzak
am,Kanach'ut
am,Kanakeravan
am,Kanaker
am,K'anak'erravan
am,K'anak'err
am,Kanlidzha
am,Kanli
am,Kantarat
am,Kapanak
am,Kapan
am,Kaps
am,Kapuli
am,Kaputan
am,Kapuyt
am,Karaberd
am,K'araberd
am,Karaboya
am,Karabulag
am,Karabulag
am,Karaburun
am,Karachanta
am,Karachiman
am,Karadaglu
am,Karadash
am,Karadzhalar
am,Karadzhoran
am,Karadzor
am,Karagamzalu
am,K'araglukh
am,K'arahunj
am,Karaiman
am,Karaisa orKara Isa
am,Karakala
am,Karakala
am,Karakala
am,Karakaya
am,Karakaya
am,K'arakert
am,Karakhach
am,Karakhs
am,Karakhs
am,Karakilisa
am,Karakilisa
am,Karakilisa
am,Karakilisa
am,Karakilisa Tret'ya
am,Karakilisa Turki
am,Karakilis
am,Karakishlag
am,Karaklis
am,Karakoymaz
am,Karakoyun
am,Karakula
am,Karalar
am,Karal
am,Kara-Mamed
am,Karanamaz
am,Karanlug
am,Karanlug
am,Karanlukhdara
am,Karanlukh
am,K'arashamb
am,K'arashen
am,K'arat'agh
am,Karatag
am,Karatga
am,Karaundzh
am,Karavansarai
am,K'aravansaray
am,Karavan Savan
am,Karbi
am,Karbulag
am,Karchaghbyur
am,Karchaghpyur
am,Karchakhpyur
am,Karchawan
am,Karchevan
am,Kard
am,Kard Nerk'in
am,Karenis
am,Kargabazar
am,Kargavank
am,Karibdzhanyan
am,Karindzh
am,Karkhun
am,Karmir Agek
am,Karmirgyugh
am,Karmir Gyukh
am,Karmir
am,Karmirkharab
am,Karmir-Kulali
am,Karmir-Ovit
am,Karmir Vank'
am,Karmrakar
am,Karmrashen
am,Karmrashen
am,Karmravan
am,Karmyrkharah
am,Karnut
am,Karrnut
am,K'art'i
am,Kart'
am,Karvansara
am,Karvansara
am,K'arvansara
am,K'asagh
am,K'asakh
am,Kasakh
am,Kashka
am,K'ashuni
am,Kasmali
am,Katan
am,Katnadzhur
am,Katnagbyur
am,Kat'naghbyur
am,Kat'naghbyur
am,Kat'naghbyur
am,Katnaghpyur
am,Katnaghpyur
am,Kat'najur
am,Katnakhpyur
am,Katnakhpyur
am,Katnakhpyur
am,Katnarat
am,Katnarat
am,Kat'narrat
am,Kat'narrat
am,Kavart
am,Kavchut
am,Kavushug
am,Kayabash
am,Kayalu
am,Kaynepolis
am,Kayrak'aghak'
am,Kazanchi
am,Kazarapat
am,Kaznafar
am,Kechik-Vedi
am,Kech'ut
am,K'efashen
am,Kefli
am,Kegach
am,Këlanlu Aralykh
am,Këlanlu
am,Kenakeravan
am,Kenaker
am,Kerin Ptghni
am,Kërpalu
am,Kerpikend
am,Kerpilu
am,Këru
am,K'ervansera
am,Kësamamed
am,Keshishkend
am,Keshishkend
am,Keshishkent
am,Keshishveran
am,Këtanlu
am,K'et'i
am,Keti Verkhniye
am,Ketran
am,Khachagbyur
am,Khach'aghbyur
am,Khachakilisa
am,Khachaparakh
am,Khach'ardzan
am,Khachidur
am,Khachigyukh
am,Khach'ik
am,Khach'p'as
am,Khaladzh
am,Khalaj
am,Khalisa
am,Khandzhugaz
am,Kharaba Këlanlu
am,Kharachiman
am,Kharatlu
am,Kharkov
am,Khashtarak
am,Khasht'arrak
am,Khatunarkh
am,Khavaradzor
am,Khazarapat
am,Khdran
am,Khdrants'
am,Kherbeklu
am,Khlatag
am,Khnaberd
am,Khnaberd
am,Khnatsakh
am,Khndrants'
am,Khndrats'i
am,Khndzoresk
am,Khndzorut
am,Khndzorut
am,Khnkoyan
am,Khnok
am,Khoghvani
am,Khordzor
am,Khoronk'
am,Khoronk'
am,Khosrov
am,Khotavan
am,Khot
am,Khotorants'
am,Khovt
am,Khozikend
am,Khoznavar
am,Khrkoyan
am,Khtrants'
am,Khznauz
am,Kichik Vedi
am,Kilisa
am,Kilisakyand
am,Kipchag
am,Kirakosik
am,Kirgi
am,Kirgilu
am,Kirkhbulag
am,Kirkhdagirman
am,Kirmizlu
am,Kirovakan
am,Kirovka
am,Kirov
am,Kirowakan
am,K'irs
am,K'irt'
am,Kishlag
am,Kishlag
am,Kishlag
am,Kizildag
am,Kizildash
am,Kizildzhug
am,Kizildzhuk
am,Kizilgyul
am,Kizilkend
am,Kizilkharab
am,Kizilkilisa Armyanskaya
am,Kizilkilisa
am,Kizilkoch
am,Kizil-Kulag
am,Kizilshafag
am,Kizilshafak
am,Kizilshafak
am,Kiziltamur
am,Kizilvank
am,Kizkala
am,Kizlshafak
am,Klichatakh
am,Kochbek
am,Kochb
am,Kochki
am,Kodukh-Vank
am,Koges
am,Koghb
am,Koghes
am,Kogos
am,Kokhb
am,K'olageran
am,Kolakran
am,Konakhkran
am,Kondagsaz
am,Kondakhsaz
am,Kond
am,Kondzhali
am,Koragbyur
am,Korakhpyur
am,Korbulag
am,Korbulakh
am,Korchlu
am,Kornidzor
am,Korovakan
am,Korrnidzor
am,Koshabulag
am,Koshabulag
am,Koshabulakh
am,Koshavank
am,Kosh
am,Koshkotan
am,Kotayk'
am,Kotigekh
am,Kot'i
am,Koturbulag
am,Koturvan
am,Kovshut
am,Köysu
am,Koytu
am,Koytul
am,Koytur
am,Kozman
am,Krasar
am,Krashen
am,Kraside
am,Krasnosel'sk
am,Krasnoye
am,Krchak
am,Krdevan
am,Krivoy Most
am,Kruglaya Shishka
am,Krykh
am,K'uch'ak
am,Kuchuma
am,Kulali
am,Kulali
am,Kuldarvish
am,Kulidzhan
am,Kumayri
am,Kümri
am,Kunakhkran
am,Kunen
am,Kurdbulag
am,Kurdbulakh
am,Kurdbulak
am,Kurdkulag
am,Kurdkulag
am,Kurdkulakh
am,Kurdukuli
am,Kuris
am,Kursali
am,Kurt'an
am,Kurtkulag
am,Kuru-Araz
am,Kurubogaz
am,Kurumsulu
am,Kush-Bilyak
am,Kushch'i
am,Kushchi
am,Kushch'i-T'azak'end
am,Kutakan
am,Kut'
am,Kuybishev
am,Kuybyshev
am,Kuybyshev
am,Kuzigidan
am,Kuzikend
am,Kyalagarkh
am,Kyalali
am,Kyalashbek
am,Kyalr
am,K'yalur
am,K'yank'yan
am,Kyarimarkh
am,Kyarimkend
am,Kyarkibash
am,Kyarpichlu
am,Kyasaman
am,Kyasikbash
am,Kyavar
am,Kyavtarlu
am,Kyotanli
am,Kyrkhdagirman
am,Kyuchuk Vedi
am,Kyulludzha
am,Kyumayri
am,Kyumri
am,Kyurakyan
am,Kyurdikend
am,K'yurut
am,Kyuzadzhik
am,Kyzloran
am,Kyzylâ-kochâ
am,Kyzyldag
am,Kyzyldzhug
am,Kyzyldzhuk
am,Kyzylkach
am,Kyzylkend
am,Kzloran
am,Kzylk'end
am,Kzyl-Koch
am,Laligekh
am,Laligokh
am,Laligyukh
am,Lalvar
am,Lambalu
am,Landzhakhpyur
am,Landzhar
am,Landzhazat
am,Landzhik
am,Lanjaghbyur
am,Lanjarr
am,Lanjazat
am,Lanjik
am,Last
am,Lchap'
am,Lchashen
am,Lchkadzor
am,Ledzhan
am,Legvaz
am,Lehap
am,Lehvaz
am,Lejan
am,Lekh
am,Lendzhazat
am,Leninakan
am,Lenughi
am,Lenugi
am,Lermontov
am,Lermontovo
am,Lernadzor
am,Lernakert
am,Lernakert
am,Lernanist
am,Lernantsk
am,Lernantsk
am,Lernapar
am,Lernapat
am,Lernarot
am,Lernashen
am,Lernavan
am,Lernhovit
am,Lernovit
am,Lernut
am,Lerrnadzor
am,Lerrnagog
am,Lerrnakert
am,Lerrnakert
am,Lerrnanist
am,Lerrnants'k'
am,Lerrnapat
am,Lerrnashen
am,Lerrnhovit
am,Lichadzar
am,Lichik
am,Lichkadzor
am,Lichk'
am,Lichk'
am,Lishk
am,Lizhin
am,Lizin
am,Lorasar
am,Lori Berd
am,Loriyskiy Sovkhoz
am,Lor
am,Lorplemsovkhoz
am,Lorut
am,Ltse
am,Ltsen
am,Lukashin
am,Lukashin
am,Lusadzor
am,Lusagekh
am,Lusaghbyur
am,Lusaghbyur
am,Lusagyugh
am,Lusagyugh
am,Lusagyukh
am,Lusagyukh
am,Lusahovit
am,Lusakert
am,Lusakert
am,Lusakert
am,Lusakhpyur
am,Lusakhpyur
am,Lusarrat
am,Lusashogh
am,Lusavan
am,Machidli
am,Madan
am,Madina
am,Maflar
am,Magandzh
am,Magandzhug
am,Magaradzhug
am,Magaradzhuk
am,Magda
am,Maghanjugh
am,Magharajugh
am,Magmudzhuk
am,Mahmutcuk
am,Maisian
am,Maisyan
am,Makarashen
am,Mak'enis
am,Makhmudlu
am,Makhmudzhug
am,Makravan
am,Maksim Gor'kiy
am,Maksim Gor'kly
am,Malatiya
am,Malaya Mazra
am,Malaya Shishtapa
am,Malaya Zeyva
am,Maldash
am,Maliklar
am,Malishka
am,Malyye Demurchi
am,Malyye Dzhamushli
am,Malyy Kyapanak
am,Malyy Mantash
am,Malyy Shagriar
am,Mamai
am,Mamay
am,Manes
am,Mantash
am,Manvo
am,Maralik
am,Maralzami
am,Margahovit
am,Margaovit
am,Margara
am,Markara
am,Marmarashen
am,Marmarik
am,Marmashen
am,Marmorashen
am,Martiros
am,Marts'
am,Martuki
am,Martuni
am,Martuny
am,Masis
am,Mastara
am,Mastara
am,Masumlu
am,Mayakovski
am,Mayakovskiy
am,Mayisyan
am,Mazra
am,Mazra
am,Medovka
am,Meghradzor
am,Meghrashen
am,Meghri
am,Meghrut
am,Meghvahovit
am,Megrablu
am,Megradzor
am,Megrashat
am,Megrashen
am,Megriban
am,Megri
am,Megrut
am,Megry
am,Mehub
am,Mekhmandar
am,Mekhub
am,Melikgekh
am,Melik'gyugh
am,Melikgyukh
am,Melikgyukh
am,Melikkend
am,Meliklar
am,Meliklu
am,Merdzavan
am,Mergi
am,Mertsavan
am,Meshakend
am,Metsamor
am,Mets Arikhvali
am,Metsavan
am,Mets Ayrum
am,Mets Dzhamshlu
am,Mets Gilanlar
am,Mets-Gilaylar
am,Mets Jamyshlu
am,Mets Karakilisa
am,Mets Karakoyun
am,Mets Keti
am,Mets Kyapanak
am,Mets Mant'ash
am,Mets Masrik
am,Mets-Mazra
am,Mets Parni
am,Mets Sariar
am,Mets Sepasar
am,Mets Shagriar
am,Mets Shishtapa
am,Mets Shorlu Demurchi
am,Mets Tapakey
am,Metz Mantash
am,Mgart
am,Mgub
am,Mikhaylovka
am,Mikhaylovka
am,Mikhaylovka
am,Mikoyan
am,Milikgekh
am,Mirak
am,Miskhana
am,Mkhch'yan
am,Moges
am,Mogez
am,Moghes
am,Mogri
am,Molla Badal
am,Molla Bayazet
am,Molla Dursun
am,Molla Eylublu
am,Molla Eyublu
am,Molla Gëkcha
am,Molla Kasum
am,Molla Musa
am,Monastyr' Gekhard
am,Moqez
am,Mosesgegh
am,Mosesgekh
am,Mozrov
am,Mravyan
am,Mrganush
am,Mrgashat
am,Mrgashen
am,Mrgastan
am,Mrgavan
am,Mrgavet
am,Mrravyan
am,Mugamlu
am,Mugam
am,Mugandzhug
am,Mugan
am,Mughanjugh
am,Mugni
am,Mukhan
am,Mulk'i
am,Mundzhukhli
am,Murad Tapa
am,Murkhuz
am,Murkuz
am,Musakan
am,Musaler
am,Musalerr
am,Musallam
am,Musayelian
am,Musayelyan
am,Mushakan
am,Mushavan
am,Muslugli
am,Muts'k'
am,Myasnikyan
am,Nadezhdino
am,Nagapetavan
am,Nalband
am,Nalbandyan
am,Narimanlu
am,Narimanlu
am,Navlar
am,Navur
am,Nazrvan
am,Nazyrvan
am,Nedzhirlu
am,Negots
am,Nerin-Chambarak
am,Nerki-Karmirakhpyur
am,Nerkin Adyaman
am,Nerkin Agbash
am,Nerkin Agdan
am,Nerkin Agdzhakala
am,Nerkin Akhta
am,Nerkin Aluchalu
am,Nerkin And
am,Nerkin Aylanlu
am,Nerkin Bazmaberd
am,Nerkin Ch'arbakh
am,Nerkin Dvin
am,Nerkin Dzhrapi
am,Nerkin Gedaklu
am,Nerk'in Getashen
am,Nerkin Gezaldara
am,Nerk'in Girat'agh
am,Nerkin Giratakh
am,Nerk'in Gyodak'lu
am,Nerk'in Hand
am,Nerk'in Kamarlu
am,Nerkin Kanlidzha
am,Nerkin Karabakhlar
am,Nerkin Karakoymaz
am,Nerkin Karanlukh
am,Nerkin Karkhun
am,Nerk'in Karmiraghbyur
am,Nerkin Karmiraghpyur
am,Nerkin Karmirakhpyur
am,Nerkin Khatunarkh
am,Nerkin Khndzoresk
am,Nerk'in Khotanan
am,Nerkin Kilisa
am,Nerkin Nedzhirlu
am,Nerkin Pirtikan
am,Nerk'in Sasunashen
am,Nerkin Shengavit'
am,Nerk'in Shorzha
am,Nerkin Talin
am,Nerk'in Turkmenlu
am,Nerkin Zagalu
am,Nerkin-Zeyva
am,Nezrvan
am,Niavan
am,Nigatun
am,Nigavan
am,Nikitino
am,Nikolayevka
am,Nikolayevka
am,Nizami
am,Nizhne Akhti
am,Nizhneye Nedzhirlu
am,Nizhniy Adyaman
am,Nizhniy Agbash
am,Nizhniy Agdan
am,Nizhniy Aluchalu
am,Nizhniy Aylanlu
am,Nizhniy Ayrum
am,Nizhniy Chambarak
am,Nizhniy Charbakh
am,Nizhniy Dvin
am,Nizhniye Akhty
am,Nizhniye Chanakhchi
am,Nizhniye Keti
am,Nizhniy Giratag
am,Nizhniy Karabaglyar
am,Nizhniy Karakoymaz
am,Nizhniy-Karanlug
am,Nizhniy Karkhun
am,Nizhniy Karmragbyur
am,Nizhniy Khatunarkh
am,Nizhniy Khotanan
am,Nizhniy Pirtikan
am,Nizhniy Talin
am,Nizhniy Vardanadzor
am,Nizhniy Zagalu
am,Nizhnyaya Agdzhakala
am,Nizhnyaya Akhtala
am,Nizhnyaya Akhta
am,Nizhnyaya Gezaldara
am,Nizhnyaya Gezaldara
am,Nizhnyaya Kilisa
am,Nizhnyaya Shorzha
am,Norabak
am,Norabats'
am,Noraberd
am,Noraber
am,Nor Achin
am,Noraduz
am,Noragavit'
am,Noragyugh
am,Norak'aghak'
am,Norakert
am,Norakert
am,Norakhpyur
am,Nor Amanos
am,Noramarg
am,Noramut
am,Nor-Aparan
am,Nor Arabkir
am,Nor-Arachadzor
am,Nor Aresh
am,Nor Aresh
am,Nor Armavir
am,Nor Artanet
am,Nor Artik
am,Norashenik
am,Norashen
am,Norashen
am,Norashen
am,Norashen
am,Norashen
am,Noratus
am,Noravan
am,Nor Aznaberd
am,Nor-Bajaset
am,Nor Bashgyukh
am,Nor-Bataniya
am,Nor Bayazet
am,Nor Butaniya
am,Nor Byut'ania
am,Nor Dzhrashen
am,Nor Geghi
am,Nor Gekhi
am,Nor Gyugh
am,Nor Gyukh
am,Nor Hachyn
am,Norka
am,Nor-Kesariya
am,Nor Kharberd
am,Nork'
am,Nor-Kokhb
am,Nor Kokhp
am,Nor Kyank
am,Nor Kyank'
am,Nor Kyurin
am,Nor Malat'ia
am,Nor Marash
am,Nor-Norka
am,Nor Nork'
am,Nor Sasunik
am,Nor Yedesia
am,Nor-Yedisia
am,Nor Yerznka
am,Nor Zeyt'un
am,Novo Bayazet
am,Novosel'tsevo
am,Novosel'tsovo
am,Novoye
am,Novyi Bayaset
am,Noyakert
am,Noyemberyan
am,Nshavan
am,Nubarashen
am,Nuparashen
am,Nurnus
am,Nurrnus
am,Nyuvadi
am,Nyuvedi
am,Odzhakhkuli
am,Odzun
am,Oganavan
am,Oghch'oghli
am,Ogrudzha
am,Ogurbeklu
am,Okhchi
am,Okhchogli
am,Okhtar
am,Oksuz
am,Oksyuz
am,Oktember
am,Oktemberyan
am,Ollag
am,Onut
am,Opartsi
am,Oparts
am,Opartsy
am,Orbatekh
am,Ordaklu
am,Ordzhonikidze
am,Orgov
am,Orom
am,Ortachia
am,Ort'achya
am,Ortakend
am,Ortakilisa
am,Oshakan
am,Ovandara
am,Ovit
am,Ovit
am,Ovnanadzor
am,Ovtamech
am,Ovtashat
am,Ovtashen
am,Ovtashen
am,Ovuni
am,Paghakn
am,Pahakn
am,Palutli
am,P'ambak
am,Pambak
am,P'ambak
am,Pamb Armyanskiy
am,Pamb Kurdskiy
am,Pamb
am,P'anik
am,Papanino
am,P'arak'ar
am,Paravakar
am,Paravaker
am,P'araznavert
am,Parni
am,Parni
am,Paros
am,P'arpi
am,Parravak'ar
am,Parravat'ap'
am,Pashaghu
am,Pashakend
am,Pashakend
am,Pashalu
am,Pash Aparan
am,Pashkend
am,Patridzh
am,Patrindzh
am,Payagan
am,P'ayahan
am,Pemzashen
am,Persi
am,Petrovka
am,P'ilmazra
am,Pipis
am,Pirdaudan
am,Pirdoudan
am,P'irilu
am,P'irlu
am,Pirmalak
am,Pirmazra
am,Pirtikyan
am,Pirudan
am,Pkhrut
am,Pkhtavan
am,Pnunis
am,Pokr Arkhvali
am,Pokrashen
am,Pokravan
am,Pokr Ayrum
am,Pokr Karakilisa
am,Pokr Keti
am,Pokr Kyapanak
am,Pokr Mantash
am,P'ok'r Masrik
am,Pokr-Mazra
am,Pokrovka
am,Pokr Parni
am,P'ok'r Sariar
am,P'ok'r Sepasar
am,Pokr Shagriar
am,Pokr Shishtapa
am,Pokr Shorlu Demurchi
am,P'ok'r Vedi
am,Polad Ayrum
am,Polad
am,Por
am,P'orr
am,Posëlok Imeni Kalinina
am,Posëlok Imeni Shaumyana
am,Posëlok Zakfederatsii
am,Privolnoye
am,Proshaberd
am,Proshian
am,Proshyan
am,Prravt'umb
am,Prroshyan
am,Pshatavan
am,Ptghni
am,Ptghunk'
am,Ptgni
am,Ptkhni
am,Ptkhunk
am,Ptykhni
am,P'ukhrut Mazra
am,Pusak
am,Pushi
am,Pushkag
am,Pushkino
am,Pykhrut
am,Pylmazra
am,Qacaran
am,Qafan
am,QayabasÄ±
am,Qizilqach
am,Qusabulaq
am,Ragimabad
am,Ranchpar
am,Randamal
am,Randa
am,Randomal
am,Rantamah
am,Razdan
am,Razdan
am,Razvaliny Adzhilu
am,Razvaliny Avsarlu
am,Razvaliny Kelanlu
am,Reganlu
am,Revan
am,Revazlu
am,Revaz
am,Rind
am,Rndamal
am,Rranch'par
am,Rrind
am,Rrya T'aza
am,Rya-Taza
am,Sabunchi
am,Sabunchi
am,Sachlu
am,Sadibagdi
am,Sagmosavan
am,Salakh
am,Salli
am,Salut
am,Salvard
am,Samadarvish
am,Samagar
am,Samaghar
am,Samrly
am,Samurli
am,Sanain
am,Sandzharavaz
am,Sangyar
am,Sapar Ali
am,Saraart
am,Saradzhalar
am,Saragyugh
am,Saragyukh
am,Sarahart'
am,Sarakap
am,Saralandzh
am,Saralandzh
am,Saralandzh
am,Saralandzh
am,Saralanj
am,Saral
am,Saramech
am,Saramist
am,Saranist
am,Sarapat
am,Saratak
am,Saratovka
am,Saravan
am,Sarch'apet
am,Sardar-Abad
am,Sardarapat
am,Sardzhalar
am,Sariar Bol'shoy
am,Sariar Malyy
am,Sariar
am,Saribash
am,Sarigyugh
am,Sarigyukh
am,Sarit'agh
am,Sari Tag
am,Sariyagub
am,Sarmsakhlu
am,Sarnaghpyur
am,Sarnakhbyur
am,Sarnakhpyur
am,Sarnakhpyur
am,Sarnakunk
am,Sarrnaghbyur
am,Sarrnakunk'
am,Sarukhan
am,Sarvanlar
am,Sasunik
am,Satanakhach
am,Sayat'-Nova
am,Saybalu
am,Schanlu
am,Semënovka
am,Semyonovka
am,Sers
am,Ses
am,Sevaberd
am,Sevak'ar
am,Sevan
am,Sevk'ar
am,Shaab
am,Shabadin
am,Shafak
am,Shagab
am,Shagali-Eylar
am,Shagali
am,Shagaplu
am,Shagap'
am,Shagat
am,Shaghat
am,Shaghik
am,Shagriar Bol'shoy
am,Shagriar
am,Shagriz
am,Shaharshik
am,Shahumian
am,Shahumian
am,Shahumian
am,Shahumyani Anvan Avazan
am,Shahumyan
am,Shahumyan
am,Shahumyan
am,Shahumyan
am,Shakhnazar
am,Shak'i
am,Shamakhyan
am,Shamb
am,Shamiram
am,Shamiran
am,Shamlugh
am,Shamlug
am,Shamsua
am,Shamsuz
am,Shamut
am,Sharbulakh
am,Shatik
am,Shatin
am,Shatjrek
am,Shatvan
am,Shaumyana
am,Shaumyan
am,Shaumyan
am,Shaumyan
am,Shaumyan
am,Shavarshavan
am,Shavarut
am,Shehirchik
am,Shenat'agh
am,Shenatag
am,Shenavan
am,Shenavan
am,Shenavan
am,Shengavit
am,Shenkani
am,Shgardzhik
am,Shgarshik
am,Shgharshik
am,Shidlu
am,Shikahogh
am,Shikakhokh
am,Shikhlar
am,Shikhlar
am,Shinagat
am,Shingait
am,Shinkovit
am,Shinuair
am,Shinuayr
am,Shinuhayr
am,Shirabad
am,Shirakala
am,Shirakamut
am,Shirakavan
am,Shirak
am,Shirazlu
am,Shiraz
am,Shirvandzhug
am,Shirvan
am,Shishkaya
am,Shishkert
am,Shishtapa
am,Shkhadzhi
am,Shkhlar
am,Shlorut
am,Shnogh
am,Shnokh
am,Shorbulagh
am,Shorbulakh
am,Shordzhalu
am,Shorlu Mekhmandar
am,Shorlu
am,Shorzha
am,Shrvenants'
am,Shurabad
am,Shurakend
am,Shurnukh
am,Shurrnukh
am,Shvandor
am,Shvanidzor
am,Silikyan
am,Sip'anik
am,Sipan
am,Sirbat'as
am,Sirkatag
am,Sirkat'as
am,Sisavan
am,Sisavan
am,Sisavan
am,Sisian
am,Sisqaya
am,Sis
am,Sizavet
am,Siznak
am,Snikh
am,Sodk'
am,Soflu
am,Sogyutlu
am,Solak
am,Songyurlu
am,Songyur
am,Sorik
am,Sot'k'
am,Sotlu
am,Sotsgyukh
am,Sovetakan
am,Sovetakert
am,Sovetashen
am,Sovetashen
am,Sovkhoz Gecherlyu
am,Sovkhoz Nomer Shest'
am,Sovugbulakh
am,Soylan
am,Spandaryan
am,Spandaryan
am,Spandaryan
am,Spitak
am,Srashen
am,Srigekh
am,Srygekh
am,Ssewan
am,Stepahavan
am,Step'anavan
am,Stepanawan-Lori
am,Subatan
am,Sukhan
am,Sultanabad
am,Sultan Ali Kishlak
am,Sultanbek
am,Surbyadag
am,Surenavan
am,Surnux
am,Suser
am,Susuz
am,Svan
am,Svanverdi
am,Svarants'
am,Sverdlov
am,Syunik'
am,Syznak
am,T'airov
am,Taitan
am,Takhanshalu
am,Takiya
am,Taknali
am,Takyalu
am,Takyarlu
am,Takyarlu
am,T'ak'yarrlu
am,Tala
am,Talibogly
am,Talib
am,T'alin
am,Talin
am,Talish
am,Tamamlu
am,Tamdzhirlu
am,T'anahat
am,Tandzatap'
am,Tandzaver
am,Tandzut
am,Tandzut
am,Tapadibi
am,Tapadolag
am,Tapadolak
am,Tapakey
am,T'ap'akyoy
am,Tapanli
am,Tapan
am,Tap'erakan
am,Taratumb
am,Taronik
am,Tarp
am,Tarratumb
am,Tarsachay
am,Tashir
am,Tashtun
am,T'asik
am,Taten
am,Tatevges
am,Tat'ev
am,Taua Kale
am,T'auzkala
am,T'auzk'end
am,Tavros
am,T'avruz
am,Tavshankishlag
am,T'avshut
am,T'avuzghala
am,Taya-Kala
am,Taycharukh
am,Taytan
am,T'azagyugh
am,T'azagyugh
am,Tazagyukh
am,Tazagyukh
am,Tazagyukh
am,Tazagyukh
am,Tazagyukh
am,Tazagyukh
am,Tazakend
am,T'azak'end
am,Tedshirabad
am,Tedzhirabad
am,Tedzhrabak
am,T'eghenik'
am,Tegh
am,T'eghut
am,Tekher
am,Tekh
am,Tekhut
am,Terp
am,Tghuni
am,Tgit
am,Tilichan
am,Tili
am,Titoy-Kharabase
am,Tkhit
am,Tkhkut
am,Tlik
am,Tokhanshalu
am,Tokhludzha
am,Tolk
am,Tolors
am,Tolor
am,Tomartash
am,Toparli
am,Topar
am,Torfavan
am,Torini
am,T'orosgyugh
am,Torosgyukh
am,Torpakhkala
am,Tort'in
am,Tortni
am,Tort'n
am,Torunik'
am,Totmashen
am,T'ous Gale
am,T'ous
am,Tovruz
am,Tovuzkala
am,T'ovuz
am,Trazagyukh
am,Tretuk'
am,Tsaghkaber
am,Tsaghkadzor
am,Tsaghkahovit
am,Tsaghkalanj
am,Tsaghkavan
am,Tsaghkunk'
am,Tsaghkunk'
am,Tsaghkut
am,Tsakghadzor
am,Tsakhkaber
am,Tsakhkadzor
am,Tsakhkaladzh
am,Tsakhkaovit
am,Tsakhkasar
am,Tsakhkashat
am,Tsakhkashen
am,Tsakhkashen
am,Tsakhkashen
am,Tsakhkashen
am,Tsakhkashen
am,Tsakhkavan
am,Tsakhkunk
am,Tsakhkunk
am,Tsakk'ar
am,Tsamakaberd
am,Ts'amak'asar
am,Tsap'at'agh
am,Tsat'er
am,Tsav
am,Tsghuk
am,Ts'ghuni
am,Tsilk'ar
am,Ts'oghamarg
am,Tsokhamarg
am,Tsornatap
am,Tsovagyugh
am,Tsovagyukh
am,Tsovak
am,Tsovazard
am,Tsovinar
am,Tsrrvis
am,Tsrviz
am,Tsiatsan
am,Ttudzhur
am,Ttudzhur
am,T't'ujur
am,T't'ujur
am,Tudzhur
am,Tufashen
am,Tulnabi
am,Tumanian
am,Tumanyan
am,T'umanyan
am,T'unis Ajylu
am,Turdzhan
am,Tuskyulu
am,Tutiya
am,T'uvruz
am,T'uzukala
am,Tyakyalu
am,Tyrchkhan
am,Tytudzhur
am,Tzaghkaber
am,Tzaghkahovit
am,Tzaghkavan
am,Tzaghkunk
am,Tzakkar
am,Tzav
am,Tzilkar
am,Tzovagyugh
am,Uch'k'ilisa
am,Üçkilise
am,Udzhan
am,Ughedzor
am,Uits
am,Ujan
am,Uliya Sarvanlar
am,Ulukhanlu
am,Unut
am,Urasar
am,Urrut
am,Urrut
am,Urts'adzor
am,Urtsalanj
am,Urut
am,Urut
am,Ushi
am,Usuklyar
am,Uyts
am,Uzhanis
am,Uzunlar
am,Uzunoba
am,Uzuntala
am,Uz
am,Vaagni
am,Vagashen
am,Vagatur
am,Vagharshapat
am,Vaghashen
am,Vaghatin
am,Vaghatur
am,Vagramaberd
am,Vagravar
am,Vagudi
am,Vagudy
am,Vahagni
am,Vahan
am,Vahravar
am,Valeroktista
am,Vali Agalu
am,Vanadzor
am,Vanevan
am,Vank
am,Varagavan
am,Vardablur
am,Vardablur
am,Vardadzor
am,Vardagbyur
am,Vardahovit
am,Vardakar
am,Vardakhpyur
am,Vardanadzor
am,Vardanashen
am,Vardanavan
am,Vardanidzor
am,Vardanlu
am,Vardaolur
am,Vardashat
am,Vardashen
am,Vardashen
am,Vardavank
am,Vardenik
am,Vardenis
am,Vardenis
am,Vardenut
am,Vardgesavan
am,Vardnav
am,Varmaziar
am,Varser
am,Vartablur
am,Vartakhpyur
am,Vartandzor
am,Vayk'
am,Vazashen
am,Vedi
am,Veligekh
am,Veli
am,Verdablur
am,Verev Khotanan
am,Verin Adyaman
am,Verin Agbash
am,Verin-Agdan
am,Verin Agdzhakala
am,Verin Akhtala
am,Verin Akhta
am,Verin And
am,Verin Artashat
am,Verin Aylanlu
am,Verin Aznaberd
am,Verin Bazmaberd
am,Verin-Chambarak
am,Verin Ch'arbakh
am,Verin Dvin
am,Verin Dzhrapi
am,Verin Dzhrashen
am,Verin Dzhrashen
am,Verin Gedaklu
am,Verin Getashen
am,Verin Girat'agh
am,Verin Giratakh
am,Verin-Gukasyan
am,Verin Gyodak'lu
am,Verin Hand
am,Verin Jrashen
am,Verin Kanlidzha
am,Verin Karakoymaz
am,Verin Karkhun
am,Verin Karmiraghbyur
am,Verin Karmirakhpyur
am,Verin Këlanlu
am,Verin Kerpilu
am,Verin Khatunarkh
am,Verin Khotanan
am,Verin-Kilisa
am,Verin-Kulibeklu
am,Verin Kurdkend
am,Verin Kuylasar
am,Verin Nedzhirlu
am,Verin Pirtikan
am,Verin Sasunashen
am,Verin Shengavit'
am,Verin Shorzha
am,Verin Talin
am,Verin Turkmenlu
am,Verin Vachagan
am,Verin Zeyva
am,Verishen
am,Verkhniy Adyaman
am,Verkhniy Agbash
am,Verkhniy Agdan
am,Verkhniy Aluchalu
am,Verkhniy Artashat
am,Verkhniy Ayrum
am,Verkhniy Bandivan
am,Verkhniy Chambarak
am,Verkhniy Dargalu
am,Verkhniy Dvin
am,Verkhniy Giratag
am,Verkhniy Kalakut
am,Verkhniy Karakoymaz
am,Verkhniy Karanlug
am,Verkhniy Karkhun
am,Verkhniy Karmragbyur
am,Verkhniy Khatunarkh
am,Verkhniy Khotanan
am,Verkhniy Kulibeklu
am,Verkhniy Kuylasar
am,Verkhniy Nedzhirlu
am,Verkhniy Pirtikan
am,Verkhniy Shengavit
am,Verkhniy Shinkovit
am,Verkhniy Talin
am,Verkhniy Vachagan
am,Verkhniy Zagalu
am,Verkhnyaya Agdzhakala
am,Verkhnyaya Akhtala
am,Verkhnyaya Akhta
am,Verkhnyaya Aylanlu
am,Verkhnyaya Gezaldara
am,Verkhnyaya Gezaldara
am,Verkhnyaya Shorzha
am,Vernashen
am,Voghjaberd
am,Voghji
am,Voghji
am,Vokhchaberd
am,Vokhchi
am,Volorut
am,Vordnav
am,Vorontsovka
am,Vorotan
am,Vortnav
am,Voskeask
am,Voskeat
am,Voskeat
am,Voskehask
am,Voskehat
am,Voskepar
am,Vosketap'
am,Vosketas
am,Voskevan
am,Voskevaz
am,Voskresenovka
am,Vostan
am,Yagdan
am,Yaghdan
am,Yagublu
am,Yamandzhalu
am,YanÄ±x
am,Yanygh
am,Yanykhpaya
am,Yanykhskiy Sovkhoz
am,Yanykh
am,Yariuzlu
am,Yasaul
am,Yaudzhi
am,Yaydzhi
am,Yaydzhi
am,Yayji
am,Yegegnut
am,Yeghegik
am,Yeghegis
am,Yeghegnadzor
am,Yeghegnavan
am,Yeghegnut
am,Yeghegnut
am,Yegheg
am,Yeghipatrush
am,Yeghnajur
am,Yeghvard
am,Yeghvard
am,Yegvard
am,Yegvard
am,Yegvart
am,Yegvart
am,Yekanlar
am,Yekan
am,Yekhegis
am,Yekhegnadzor
am,Yekhegnut
am,Yekheknut
am,Yekheknut
am,Yekhnik
am,Yelenovka
am,Yelgovan
am,Yellidzha
am,Yelp'in
am,Yemazli
am,Yemazlu
am,Yengidzha
am,Yengidzha
am,YenikÇnd
am,Yenikend
am,Yenikend
am,Yenikëy
am,Yeni-Yël
am,Yeniyol
am,Yenokavan
am,Yeranos
am,Yeraskhahun
am,Yeraskhaun
am,Yeraskh
am,Yerazgavors
am,Yeremes
am,Yerets'vanik
am,Yerets'
am,Yerets'-Yerets'vanik
am,Yerevan
am,Yerindzhatap
am,Yerinjatap
am,Yeritsatumb
am,Yerits'vanik
am,Yerits'vank'
am,Yerizak
am,Yerndzhatap
am,Yernjatap'
am,Yerord Karakilisa
am,Yerts'u Vank'
am,Yervandashat
am,Yervandavan
am,Yesaul
am,Yeshil
am,Yevgard
am,Yukhari Gedaklyu
am,Yukhary-Kerpilu
am,Yuva
am,Zakhmat
am,Zakhmet
am,Zangakatun
am,Zangezur
am,Zangibasar
am,Zangilar
am,Zarindzha
am,Zarishat
am,Zaritap
am,Zarkend
am,Zarndzha
am,Zarndzha
am,Zarrit'ap'
am,Zarr
am,Zart'onk'
am,Zar
am,Zarzibil
am,Zedea
am,Zeita
am,Zeyta
am,Zeytun
am,Zeyva
am,Zeyva
am,Zhani Kabakhlu
am,Zhdanov
am,Zhdanov
am,Zhirmanis
am,Zod
am,Zograblu
am,Zolak'ar
am,Zolakhach
am,Zorakert
am,Zorak
am,Zoravan
am,Zorba
am,Zovaber
am,Zovaber
am,Zovasar
am,Zovashen
am,Zovashen
am,Zovk'
am,Zovuni
am,Zuygaghbyur
am,Zuygaghpyur
am,Zuygakhpyur
