bw,Aphiri
bw,Babusi
bw,Badiri
bw,Bahonong
bw,Baines Drift
bw,Bakops
bw,Bakwena
bw,Barachu
bw,Bebe
bw,Boatenwana
bw,Boatlaname
bw,Bobonong
bw,Bogo Gobo
bw,Boitshoko
bw,Bokaa
bw,Bokspits
bw,Boleki Village
bw,Bonapitse
bw,Bonapitse Stadt
bw,Bonapitsi Stadt
bw,Bontleng
bw,Bonwapitse
bw,Borakalalo Camp
bw,Borakalalop Camp
bw,Borakanelo
bw,Botie
bw,Botlapatla
bw,Botswelelo
bw,Broadhurst
bw,Buitsiuang
bw,Buitsivango
bw,Bulukubalo
bw,Chichales
bw,Chiro Pan
bw,Chor-he-samuke
bw,Chuaning
bw,Chuela
bw,Chukudu Kraal
bw,Chuma
bw,Damara
bw,Dauga
bw,Dekar
bw,Demarara
bw,Detoie
bw,Dichaobe Ramokwena
bw,Dichaobe Ramokwenas
bw,Dilalelo
bw,Dinokana
bw,Dirolos
bw,Ditauana
bw,Ditsinane
bw,Dodo
bw,Dukwe
bw,Dukwe Quarantine Camp
bw,Duma
bw,Dumadumana
bw,Dutlwe
bw,Dwaha
bw,Five Dunes
bw,Francistown
bw,Gabane
bw,Gaberones Camp
bw,Gaberones
bw,Gaberones Village
bw,Gaborone
bw,Gadyana Pits
bw,Galekgatshwane
bw,Gaphatshwe
bw,Gaphiri
bw,Garaditau
bw,Gehumdi
bw,Gerufa
bw,Geruf
bw,Ghanzi
bw,Goa
bw,Gobojango
bw,Gobokonkwane
bw,Gomo
bw,Gubujango
bw,Gucta
bw,Gutta
bw,Gwaraha
bw,Gweta
bw,Habangan
bw,Horeme
bw,Hukuntsi
bw,Ikwaka
bw,Inkangwe
bw,Jakops
bw,Janeng
bw,Joani
bw,Joverega
bw,Kabakai
bw,Kabulabula
bw,Kachikau
bw,Kai-Kai
bw,Kakamashe
bw,Kakhoudi
bw,Kakoaka
bw,Kakoro
bw,Kakia
bw,Kalakamati
bw,Kalakshani
bw,Kalamare
bw,Kalkfontein
bw,Kangaras
bw,Kang
bw,Kanguma
bw,Kanye
bw,Karaka
bw,Karamechen
bw,Karamechen Stad
bw,Kasane
bw,Kashiambaras
bw,Kasinka
bw,Kataba
bw,Kaunkwankwata
bw,Kavimba
bw,Kgamanes Post
bw,Kgaphamadi
bw,Kgomofatsha
bw,Khabane
bw,Khakalashwe
bw,Khakhea
bw,Khama
bw,Khama Khama
bw,Khanyeng
bw,Khanzi
bw,Kharekai
bw,Khasabake
bw,Khasebake
bw,Khemsbok
bw,Khnaitso
bw,Khomodimo
bw,Khomodimo Village
bw,Khomo
bw,Khoti
bw,Khudumelapye
bw,Khuis
bw,Khutswe
bw,Ki-e-Wonga
bw,Kitsuhele
bw,Kkhobi
bw,Kkhoutsa
bw,Kkhoutsiri
bw,Kladiba
bw,Kobajango
bw,Kobojango
bw,Kogu
bw,Komane
bw,Kopong
bw,Kopong Villages
bw,Krombi Pits
bw,Kubu A Hachwe
bw,Kudia Kam
bw,Kudumalapshwe
bw,Kudumatsi
bw,Kuke
bw,Kuki
bw,Kukumane Kraal
bw,Kuli
bw,Kumba Pits
bw,Kurametse
bw,Kurametsi
bw,Kwakhanai
bw,Kwaraga
bw,Kwedia
bw,Labani
bw,Lambeye
bw,Lechaneng
bw,Lechen
bw,Lechomos
bw,Lefase
bw,Lefatsis
bw,Leftka
bw,Legwe
bw,Lehututu
bw,Lehwerane
bw,Lekala
bw,Lelotong
bw,Lenake
bw,Lenchwe Le Tau
bw,Lephepe
bw,Lesoane
bw,Lethakane
bw,Letlaking
bw,Letlhajweng
bw,Letlhakane
bw,Letlhakawe
bw,Letlhakeng
bw,Letsili
bw,Lettertree
bw,Levisfontein
bw,Likolwalo
bw,Linakalablo
bw,Lobatse
bw,Lobatsi
bw,Lobilos
bw,Lohoklane
bw,Lokala Drift
bw,Lokala
bw,Lokerane
bw,Lokwabe
bw,Lolale
bw,Lothlekane
bw,Lothlekane Well
bw,Lotlakani
bw,Lupani
bw,Lutlhe
bw,Luzwe
bw,Maapi
bw,Mabole
bw,Mabosi
bw,Mabosi Stadt
bw,Mabuli
bw,Mabutswe
bw,Machaakha
bw,Machaneng
bw,Machaneng
bw,Machenen
bw,Macloutsie
bw,Madibeng
bw,Madinare
bw,Madista
bw,Maenga
bw,Magothla
bw,Mahalapitsa
bw,Mahalapye
bw,Mahalatswe
bw,Maike
bw,Maiphatelo
bw,Maiyabane
bw,Majana
bw,Majaning
bw,Makalamabedi
bw,Makaleng
bw,Makgobi's Stad
bw,Makgobis Stadt
bw,Makgobistad
bw,Makkhalo
bw,Maklautsi
bw,Maklauts
bw,Makoba
bw,Makome
bw,Makoro
bw,Makuba
bw,Makumbe
bw,Makvekve
bw,Makwa
bw,Makwata East
bw,Makwata
bw,Malachoona
bw,Malaka
bw,Malake
bw,Malalaling
bw,Malatshi
bw,Malau
bw,Malekaoakkhomos
bw,Mampi
bw,Mamuno
bw,Manduyan
bw,Manduyan Stad
bw,Manyana
bw,Manyane
bw,Maope
bw,Marushela
bw,Masame
bw,Masarwa
bw,Maseme
bw,Mashendus
bw,Mashopa
bw,Masike
bw,Massering
bw,Massubia
bw,Masunga
bw,Masungas
bw,Matangwan
bw,Matangwan Stad
bw,Matapa
bw,Matepasane
bw,Mathathane
bw,Mathobudukwane
bw,Mathubudukwane
bw,Matima
bw,Matlakhotse
bw,Matlakola
bw,Matlamanyane
bw,Matlopi
bw,Maunatlala
bw,Maun
bw,Mekomxana
bw,Melekgon
bw,Mena-a-Kwena
bw,Mephato
bw,Metsematluko
bw,Metsemotlhaba
bw,Micawber
bw,Mirapene
bw,Mmadinare
bw,Mmaraka
bw,Mmathubudkwane
bw,Mmathubudukwane
bw,Mmokolodi
bw,Mmopone
bw,Mmumoshweu
bw,Moakhi
bw,Mochosens
bw,Mochudi
bw,Mochudi Village
bw,Mochumi
bw,Mochumi Stad
bw,Mochwere
bw,Moeng
bw,Mogapi
bw,Mogapinyana
bw,Mogoditsane
bw,Mogoditshane
bw,Mogoditshan
bw,Mohembo
bw,Moijabana
bw,Moiyabana
bw,Mojane
bw,Mokatani
bw,Mokaya
bw,Mokhapinyana
bw,Mokhokhelo
bw,Mokhopetsana
bw,Mokhopudis
bw,Mokobeng
bw,Mokokwane
bw,Mokwatis
bw,Molepolole
bw,Molete
bw,Molibatsi
bw,Molorosi
bw,Molusi
bw,Monedi
bw,Monnatlala
bw,Mononyane
bw,Montsadidi
bw,Mookane
bw,Mopipi
bw,Moremaoto
bw,Moreme
bw,Morwamotsu
bw,Mosetse
bw,Moshupa
bw,Moshwana
bw,Moshwane
bw,Mosikobale
bw,Mosopa
bw,Mosveng
bw,Motlhatlokho
bw,Motlotsane
bw,Motloutse
bw,Motusi Village
bw,Moyonda
bw,Mpechukudu
bw,Mswazi
bw,Mswazi Village
bw,Muchenje
bw,Muekekle
bw,Muhembo
bw,Mumungwe
bw,Murumush
bw,Mushu
bw,Mutinyane
bw,Naledi
bw,Nata
bw,Nekati
bw,Ngwala
bw,Ngwezumba
bw,Njinga
bw,Nkoyaphiri
bw,Nojane
bw,Nokaneng
bw,Nokanen
bw,Nokaning
bw,Ntabis
bw,Nwali
bw,Nwanaeanoka
bw,Odanakumadona
bw,Old Palapye
bw,Old Tati
bw,Olifants Kloof
bw,Omagaga
bw,Omajaha
bw,Ootsi
bw,Ootsi Siding
bw,Oramalai
bw,Orapa
bw,Otse
bw,Pala Camp
bw,Palapaye Road
bw,Palapshwe
bw,Palapye
bw,Palapye Road
bw,Palatswe
bw,Pamashaba
bw,Pandamatenga
bw,Papascheem
bw,Paranatungu
bw,Penhalonga
bw,Pepascheem
bw,Pepe
bw,Phala
bw,Phikwe
bw,Phikwe
bw,Phologolo
bw,Phukumakahu
bw,Pikwe
bw,Pikwe-Selibe
bw,Pilane
bw,Pilikwe
bw,Puluhelo
bw,Rakops
bw,Rakuku
bw,Ramakonami
bw,Ramaphato
bw,Rammu
bw,Ramokwena's
bw,Ramotsaodi
bw,Ramotswa
bw,Ramoutsa
bw,Ranku
bw,Rantsadi
bw,Ranwanalenaus
bw,Ratholo
bw,Ratolo
bw,Sadibas
bw,Salapitos
bw,Salidiro
bw,Samahala's
bw,Samandozis
bw,Samusipas
bw,Sanie
bw,Sankauas Kraal
bw,Sansake
bw,Sapakanes
bw,Sebe
bw,Sebina
bw,Sebutu
bw,Sefhetla
bw,Sefophe
bw,Segara
bw,Sehengo
bw,Sehengos
bw,Sehithwa
bw,Sehithwe
bw,Sekgwa
bw,Sekhawawa
bw,Sekheng
bw,Sekhwawa
bw,Sekoma
bw,Sekumis Kraal
bw,Selebi-Pikwe
bw,Selebi
bw,Selemela
bw,Selibe-Phikwe
bw,Selibe-Pikwe Mine Lease Area
bw,Selibe
bw,Selika
bw,Seluipe
bw,Senikh
bw,Seokane
bw,Serokhe
bw,Serowe
bw,Seruli
bw,Sesaloa
bw,Sesume
bw,Sevrelela
bw,Shadihadi
bw,Shakawe
bw,Shakawe
bw,Shakse
bw,Shakwe
bw,Shaleshanto
bw,Shashis
bw,Shawila
bw,Shawila Village
bw,Shoshong
bw,Shushong
bw,Siambiza
bw,Sihoro
bw,Silokwalela
bw,Simati
bw,Skegau
bw,Sofala
bw,Soromesis
bw,Stumkies Dam
bw,Sua
bw,Sukwane
bw,Sunnyside
bw,Tagu
bw,Takachu
bw,Tamasane
bw,Tantebane
bw,Tau Stadt
bw,Tau
bw,Thabatskudu
bw,Thamaga
bw,The Mall
bw,Tikaseoulo
bw,Tipa
bw,Tlabala
bw,Tlala Mabeli
bw,Tlhape
bw,Tlhapin
bw,Tlhareseleele
bw,Tlhareselele
bw,Tlogoeankwes
bw,Tlokhoetonnas
bw,Tlokweng
bw,Tlopse
bw,Tobane
bw,Tobgat
bw,Tonota
bw,Tonoto
bw,Toping
bw,Toteng
bw,Totoru
bw,Tsabong
bw,Tsane
bw,Tsau
bw,Tsekanyani
bw,Tshabong
bw,Tshane
bw,Tshapatain
bw,Tshoroga
bw,Tshwane
bw,Tsienyane
bw,Tsigara
bw,Tsimo Ea Pula
bw,Tsipi
bw,Tsitle
bw,Tsuli Village
bw,Tubani
bw,Village
bw,Vlei
bw,Wegdraai
bw,Werda
bw,Xhane
bw,Zuwe
