dj,Adi Adda
dj,Airolaf
dj,Airoli
dj,Alaili Dadda`
dj,Alayli Dadda`
dj,Ali Ada
dj,Ali Adda
dj,Ali Adda Courant
dj,`Ali `Addé
dj,Aliadh
dj,Ali Sabiè
dj,`Ali Sabieh
dj,Ali Sabiet
dj,`Ali Sabih
dj,Ambabbo
dj,Amboua
dj,Ambouli
dj,Ambua
dj,Angârou
dj,Anghar
dj,`Arta
dj,`As `Êla
dj,Assa-ela
dj,`Assa Gaïla
dj,Ass'èyla
dj,Balho
dj,Bankoualé
dj,Bankouwâle
dj,Bissîdiro
dj,Boûl'aos
dj,Boulaos Camp
dj,Boulas
dj,Boûl`aws
dj,Bulaos
dj,Camp Boulaos
dj,Dadda`to
dj,Damêrdjôg
dj,Danan
dj,Dicchil
dj,Digri
dj,Dikhil
dj,Dikil
dj,Dikkil
dj,Dikri
dj,Djibouti
dj,Djibuti
dj,Dorra
dj,Gaherré
dj,Gâlâfi
dj,Gibuti
dj,Goubatto
dj,Goubéto
dj,Goubeto Station
dj,Goubétto
dj,Hayyou
dj,HÌ±oumbouli
dj,Holhol
dj,Hol Holl
dj,Holl-Holl
dj,Jibouti
dj,Jibuti
dj,Khôr `Angar
dj,Khor-Anghar
dj,Koûta Boûyya
dj,Lâ`assa
dj,La Plaine
dj,La-waada
dj,Loya Ada
dj,Loyada
dj,Loyi Ada
dj,Médého
dj,Méé Dôho
dj,Mouddo
dj,Moulhoulé
dj,Obock
dj,Obok
dj,Ouê`a
dj,Ouê`a
dj,Poste d' Anghor
dj,Randa
dj,Sêdorre
dj,Tadjoura
dj,Tadjura
dj,Tagiura
dj,Tajura
dj,Teoao
dj,Tewao
dj,Tew`o
dj,Wê`a
dj,Wê`a
dj,Yoboki
