fj,Ahau
fj,Alava
fj,Ambatha
fj,Andako
fj,Arua
fj,Assawa
fj,Atopisi
fj,Au Soso
fj,Avea
fj,Bega
fj,Beka
fj,Biagunu
fj,Boiling Springs
fj,Bouwanga
fj,Bowanka
fj,Buratu
fj,Chomah
fj,Dagai
fj,Dalice
fj,Daviqele
fj,Delaiyadua
fj,Dogowali
fj,Draiba
fj,Dravuni
fj,Drekena
fj,Driba
fj,Drio drio
fj,Ekubu
fj,Ekumbu
fj,Else'e
fj,Elsio
fj,Emuri
fj,Enduanasali
fj,Etumba
fj,Eveve
fj,Fafaisina
fj,Fapufa
fj,Feavai
fj,Feavarere
fj,Galligarua
fj,Fort Carnarvon
fj,Granby Harbour
fj,Haga
fj,Hofvea
fj,Hua
fj,Itumuta
fj,Ituteu
fj,Jolmea
fj,Juju
fj,Kaivala
fj,Kalambo
fj,Kaleta Levu
fj,Kaloka Levu
fj,Kalokolevu
fj,Kalvaka
fj,Kamba
fj,Kambariki
fj,Kambisi
fj,Kana
fj,Kanakana
fj,Kanathea
fj,Kandavu
fj,Kande
fj,Kandi
fj,Karoko
fj,Karomaci
fj,Kasaleka
fj,Kasavu
fj,Kasenkula
fj,Kaunakoro
fj,Kavala
fj,Kavula
fj,Keiasi
fj,Keiaski
fj,Keiyasi
fj,Kendra
fj,Kese
fj,Ketei
fj,Keteira
fj,Keua
fj,Kiombo
fj,Kiti-i-ra
fj,Kiura
fj,Kiuva
fj,Kolokolevu
fj,Komari
fj,Komave
fj,Korobamba
fj,Koroinasolo
fj,Koroivonu
fj,Koro i Vunu
fj,Koroiyatha
fj,Koro
fj,Koro Kula
fj,Korokula
fj,Koro Kula
fj,Korolevu
fj,Korolevu
fj,Korolevu
fj,Koromathi
fj,Koro Nandi
fj,Koronatonga
fj,Koronggangga
fj,Koronisangana
fj,Koronivonu
fj,Koro-Ono
fj,Korosi
fj,Korosuli
fj,Korotasere
fj,Koro Tavea
fj,Korothirithiri
fj,Korothirithiri
fj,Korotolu
fj,Korotonga
fj,Korotongo
fj,Korotumbu
fj,Koro Vaca
fj,Korovatu
fj,Korovisilou
fj,Korovou
fj,Korovou
fj,Korovou
fj,Korovuli
fj,Korovuto
fj,Korovutu
fj,Korowiri
fj,Koroyatha
fj,Kothoma
fj,Ko-vaua
fj,Kovo Vu
fj,Kubuna
fj,Kumbuna
fj,Kumi
fj,Labasa
fj,Lakemba
fj,Lala
fj,Lalati
fj,Lambasa
fj,Lambasa Mill
fj,Lambase
fj,Lambassa
fj,Lameta
fj,Lami
fj,Lamini
fj,Lamiti
fj,Langgere
fj,Langi
fj,Lasakau
fj,Laselase
fj,Laseleva
fj,Laselevu
fj,Lauthala Bay
fj,Lauthala
fj,Lauthala
fj,Lautoka
fj,Lauwaki
fj,Lauwaki
fj,Laveine
fj,Lavena
fj,Lawai
fj,Lawake
fj,Lawake
fj,Lawaki
fj,Lawaki
fj,Lawaki
fj,Lawangga
fj,Lawaqa
fj,Lekanai
fj,Lekutu
fj,Lekutulevu
fj,Levoni
fj,Levukaindaku
fj,Levuka
fj,Levuka
fj,Levuka
fj,Levukana
fj,Lewa
fj,Leya
fj,Laucala
fj,Lau
fj,Ligau levu
fj,Liku
fj,Lindiasinga
fj,Lingaulevu
fj,Lingau
fj,Lithawa
fj,Loa
fj,Lokia
fj,Loloa
fj,Lomai
fj,Lomainasau
fj,Lomaji
fj,Lomaloma
fj,Lomanikaya
fj,Lomanikoro
fj,Lomanikoro
fj,Lomatandra
fj,Lomati
fj,Lomati
fj,Lomawai
fj,Lombau
fj,Lomiti
fj,Lomo-lomo
fj,Lomolomo
fj,Londoni
fj,Longani
fj,Lopo
fj,Losa
fj,Lovoni
fj,Lovoninggai
fj,Lovonivonu
fj,Lovu
fj,Lungani
fj,Lutukina
fj,Lutu
fj,Luvunivuaka
fj,Maftoa
fj,Maiambi
fj,Makolei
fj,Makomako
fj,Malailombau
fj,Malaka
fj,Malakati
fj,Malake
fj,Malake
fj,Malaki
fj,Mala
fj,Malambi
fj,Malau
fj,Malawai
fj,Malevu
fj,Maloku
fj,Malomalo
fj,Malsa'a
fj,Mambula
fj,Manuku
fj,Manuku
fj,Manu
fj,Marama
fj,Marou
fj,Matailambasa
fj,Matailombau
fj,Matai
fj,Matainananu
fj,Matainasau
fj,Matainimoli
fj,Matainotho
fj,Mataithangi
fj,Mataithang
fj,Matakula
fj,Mataleka
fj,Matalolo
fj,Matamaivere
fj,Matameivere
fj,Matanangata
fj,Mataniwai
fj,Mataniwai
fj,Matanuku
fj,Matasawalevu
fj,Mataso
fj,Matathauthau
fj,Matathawalevu
fj,Matathula
fj,Mataveikai
fj,Matavuralevu
fj,Matawailevu
fj,Matawailevu
fj,Matayalevu
fj,Mathuata-i-Wai
fj,Matokana
fj,Matokana
fj,Mau
fj,Maumi
fj,Mavana
fj,Mavua
fj,Mbaindamundamu
fj,Mbalekinanga
fj,Mbalenambelo
fj,Mbalesere
fj,Mbalevuto
fj,Mba
fj,Mbangasau
fj,Mbangata
fj,Mbanikea
fj,Mbanikeya
fj,Mbariki
fj,Mbarotu
fj,Mbatimaoli
fj,Mbatinikama
fj,Mbatiri
fj,Mbatiri
fj,Mbaulevu
fj,Mbau
fj,Mbavu
fj,Mbemana
fj,Mbengga
fj,Mbiaungunu
fj,Mbiausevu
fj,Mboitathi
fj,Mboma
fj,Mbotenaulu
fj,Mbouma
fj,Mboumba
fj,Mboutini
fj,Mboutini
fj,Mbouwangga
fj,Mbualu
fj,Mbua
fj,Mbuinduna
fj,Mbukama
fj,Mbuke Levuira
fj,Mbukuya
fj,Mbulia
fj,Mbulileka
fj,Mbuliya
fj,Mbulumbulu
fj,Mbuma
fj,Mbunduna
fj,Mburelevu
fj,Mburelevu
fj,Mburembasanga
fj,Mburembau
fj,Mburenitu
fj,Mburenivalu
fj,Mburerua
fj,Mburetu
fj,Mbusa
fj,Mbusa
fj,Mbuthalevu
fj,Mbutha
fj,Mbutha
fj,Mea
fj,Melimeli
fj,Moala
fj,Mofmanu
fj,Mokani
fj,Mokoisa
fj,Momi
fj,Mongumongua
fj,Monothaki
fj,Monu Ku
fj,Motomoto
fj,Motusa
fj,Mouta
fj,Muaira
fj,Muaivuso
fj,Mualevu
fj,Mua
fj,Mua
fj,Muamua
fj,Muamua
fj,Muana-i-Ra
fj,Muanaira
fj,Muanaithake
fj,Muana-i-Thake
fj,Muana
fj,Muana
fj,Muanikau
fj,Muani
fj,Muaninuku
fj,Muaniseva
fj,Muanisolo
fj,Muanivatu
fj,Muanivuso
fj,Mudu
fj,Mundu
fj,Muneran
fj,Murimuri
fj,Muundu
fj,Nabotini
fj,Nabukalukiu
fj,Nabukeleva
fj,Nabuli
fj,Nabuna
fj,Nacamaki
fj,Nacavanadi
fj,Nadarivatu
fj,Nadaro
fj,Nadi
fj,Naduri
fj,Naevuevu
fj,Nagaidamu
fj,Nagumu
fj,Naiborebore
fj,Naigani
fj,Naiiviivi
fj,Naikawangga
fj,Naikorokoro
fj,Naikorokoro
fj,Naila
fj,Nailanga
fj,Nailawa
fj,Nailenga
fj,Nailenga
fj,Naililili
fj,Nailou
fj,Nailuva
fj,Naimalavau
fj,Naimasimasi
fj,Naimbalembale
fj,Naimbalembale
fj,Naimbita
fj,Naimborembore
fj,Nainderi
fj,Naindi
fj,Naindiri
fj,Naingani
fj,Naingganggi
fj,Naioti
fj,Nairukuruku
fj,Naisaumbua
fj,Naisaumua
fj,Naisausau
fj,Naiserelangi
fj,Naisonggo
fj,Naisongovau
fj,Naisomua
fj,Naisumbua
fj,Naitauvoli
fj,Naithambethambe
fj,Naithekoro
fj,Naitonitoni
fj,Naitutu
fj,Naivaka
fj,Naivakarauniniu
fj,Naivakareuniniu
fj,Naivakathau
fj,Naivikisara
fj,Naivilathalatha
fj,Naivilatha
fj,Naivindamu
fj,Na Ivisaro
fj,Naiviteitei
fj,Naivithula
fj,Naivotho
fj,Naivuruvuru
fj,Naivuthini
fj,Naivutu
fj,Naivuvuni
fj,Naiyalayala
fj,Nakaile
fj,Na-kalau
fj,Nakalava
fj,Nakalavo
fj,Nakalawatha
fj,Nakalou
fj,Nakama
fj,Nakambuta
fj,Nakanakana
fj,Nakanathangi
fj,Nakarabo
fj,Nakarambo
fj,Na Kasaleka
fj,Nakasa
fj,Na Kasasara
fj,Nakaungasele
fj,Nakavika
fj,Nakavu
fj,Nakavu
fj,Nakawakawa
fj,Nakawanga
fj,Nakelikoso
fj,Nakelo
fj,Nakini
fj,Nakodu
fj,Nakombo
fj,Nakondu-i-sawana
fj,Nakondu
fj,Na Koro Ere
fj,Nakoroivau
fj,Nakorokula
fj,Nakorolevu
fj,Nakoro
fj,Nakoro
fj,Nakoronawa
fj,Nakorotiki
fj,Nakoroutari
fj,Nakorovou
fj,Nakorowaiwai
fj,Nakorowaiwai
fj,Nakoso
fj,Nakuku
fj,Nakula
fj,Nakuriwai
fj,Nakusa
fj,Nakwava
fj,Nalalawa
fj,Nalauwaki
fj,Nalase
fj,Naleile
fj,Nalele
fj,Nalembalemba
fj,Naloaloa
fj,Nalotawa
fj,Naloto
fj,Nalotu
fj,Nalutu
fj,Na Luvunavuaka
fj,Naluwai
fj,Namalata
fj,Namalata
fj,Namalavou
fj,Namama
fj,Namanda
fj,Namandi
fj,Namanggumanggua
fj,Namanusa
fj,Namarai
fj,Namara
fj,Namara
fj,Na-maria
fj,Namatakula
fj,Namata
fj,Namatana
fj,Namathu
fj,Namatiu
fj,Nambaitavo
fj,Nambalambala
fj,Nambalembale
fj,Nambathe
fj,Nambathi
fj,Nambau
fj,Nambauto
fj,Nambavatu
fj,Nambawangga
fj,Nambekavu
fj,Nambena
fj,Nambila
fj,Nambiti
fj,Nambitu
fj,Nambothiwa
fj,Nambouono
fj,Nambouthiwa
fj,Namboutini
fj,Namboutini
fj,Namboutini
fj,Nambouva
fj,Nambouwalu
fj,Nambouwalu
fj,Nambouwalu
fj,Nambouwangga
fj,Na-mbowono
fj,Nambua
fj,Nambua
fj,Nambukaluka
fj,Nambukandongo
fj,Nambukandra
fj,Nambukavesi
fj,Nambukelevuira
fj,Nambukelevu
fj,Nambukeru
fj,Nambula
fj,Nambuli
fj,Nambulini
fj,Nambumbu
fj,Nambuna
fj,Nambuna
fj,Nambuna
fj,Nambundrau
fj,Nambuniganitu
fj,Nambuniyanitu
fj,Nambutumbutu
fj,Nambuyasa
fj,Nameka
fj,Namoala
fj,Namoli
fj,Namoli
fj,Na-Momo
fj,Namono
fj,Namosau Government Station
fj,Namosau
fj,Namosi
fj,Namotomoto
fj,Namuaimanda
fj,Namuamua
fj,Namuamua
fj,Namuana
fj,Namuavoivoi
fj,Namukalau
fj,Namuka
fj,Namuka
fj,Namulomulo
fj,Namuriwai
fj,Nanani
fj,Nananivatu
fj,Nananu
fj,Nananu
fj,Nandakuni
fj,Nandakura
fj,Na Ndala
fj,Nandali
fj,Nandal
fj,Nandarathi
fj,Nandariva
fj,Nandarivatu
fj,Nandaro
fj,Nandawa
fj,Nandelei
fj,Nandele
fj,Nandevo
fj,Nandilo
fj,Nandi
fj,Nandioka
fj,Nandiondio
fj,Nandivakarua
fj,Nandoi
fj,Nandoli
fj,Nandongo
fj,Nandoria
fj,Nandrala
fj,Nandrau
fj,Nandromai
fj,Nandronga
fj,Nandroumai
fj,Nandrunga
fj,Nandrungu
fj,Nandua
fj,Nanduna
fj,Nanduri
fj,Nanduri
fj,Nanduru
fj,Nanduruyasi
fj,Nangaindamu
fj,Nangandoa
fj,Nangandua
fj,Nangasauva
fj,Nangatangata
fj,Nangavungavu
fj,Nangera
fj,Nanggaindamu
fj,Nanggainggai
fj,Nanggali
fj,Nanggalotu
fj,Nanggara
fj,Nanggarani
fj,Nanggaravutu
fj,Nanggarawai
fj,Nanggelewai
fj,Nanggia
fj,Nanggumu
fj,Na Ngilangilo
fj,Nangilongilo
fj,Nangingi
fj,Nangumu
fj,Nanivunda
fj,Nanoko
fj,Nanokonoko
fj,Nanukuloa
fj,Nanuku
fj,Nanuku
fj,Nanutha
fj,Nanuthe
fj,Naothombau
fj,Naqaidamu
fj,Naqumu
fj,Naraiyawa
fj,Narara
fj,Nararavou
fj,Narata
fj,Naravuka
fj,Nardroumai
fj,Nareva
fj,Narewa
fj,Narikosa
fj,Narikoso
fj,Narikoso
fj,Nariri
fj,Narir
fj,Naroi
fj,Narokorokoyawa
fj,Naroro
fj,Narothake
fj,Narothivo
fj,Narothivo
fj,Na-rua
fj,Narukua
fj,Naruwai
fj,Nasaimbitu
fj,Nasaiyani
fj,Nasalai
fj,Nasalau
fj,Nasalia
fj,Nasama
fj,Nasanga
fj,Nasanggalau
fj,Nasao
fj,Nasarowangga
fj,Nasasaivua
fj,Nasasa
fj,Nasaumatua
fj,Nasau
fj,Nasau
fj,Nasau
fj,Nasau
fj,Nasauthoko
fj,Nasautoka
fj,Nasauva
fj,Nasauvere
fj,Nasauvuki
fj,Nasava
fj,Nasava
fj,Nasavu
fj,Nasavu
fj,Nasawana
fj,Nasawasa
fj,Nasealevu
fj,Nasea
fj,Naseile
fj,Nasekula
fj,Naselai
fj,Naselesele
fj,Nasengai
fj,Naseri Lengi
fj,Nasesara
fj,Nasese
fj,Nasese
fj,Naseula
fj,Naseuvou
fj,Naseva
fj,Nasewana
fj,Naseyani
fj,Nasigatoka
fj,Nasilai
fj,Nasingasinga
fj,Na Singatoka
fj,Nasinu
fj,Nasinu
fj,Nasiriti
fj,Nasirotu
fj,Nasivikoso
fj,Nasoki
fj,Nasoli
fj,Nasolo
fj,Nasolo
fj,Nasomo
fj,Nasonggo
fj,Nasovatava
fj,Nasovivi
fj,Nassaya
fj,Nasukainai
fj,Nasukamai
fj,Nasuva
fj,Natalau
fj,Nataleira
fj,Natambua Government Station
fj,Natambua
fj,Nataria
fj,Natauloa
fj,Nataveya
fj,Natawa
fj,Nate va
fj,Natewa
fj,Natewa
fj,Nathamaki
fj,Nathanga
fj,Nathaurokovi
fj,Nathavanandi
fj,Nathavanandi
fj,Nathekoro
fj,Natheva
fj,Natheva
fj,Nathokaika
fj,Nathokeka
fj,Nathokula
fj,Nathokulati
fj,Nathomaki
fj,Nathombo
fj,Nathomoto
fj,Nathovu
fj,Nathula
fj,Nathula
fj,Nathuru
fj,Natia
fj,Nativi
fj,Natoaika
fj,Natokalau
fj,Natokalau
fj,Natokalou
fj,Natongandravo
fj,Natongandravu
fj,Natua
fj,Natuatuacoko
fj,Natuatuathoko
fj,Natuma
fj,Natumua
fj,Natunuka
fj,Natunuku
fj,Naturu
fj,Naturu
fj,Na tuta tuta
fj,Natutu
fj,Natuva
fj,Na Tuva
fj,Natuvu
fj,Naua
fj,Nauidamu
fj,Naulu
fj,Nauluvatu
fj,Nauouo
fj,Naurea
fj,Nauria
fj,Nausori
fj,Nausori
fj,Nauthiwai
fj,Navaga
fj,Navai
fj,Navakaka
fj,Navaka
fj,Navakasali
fj,Navakasombu
fj,Navakathoa
fj,Navakawau
fj,Navakuru
fj,Navala
fj,Navanga
fj,Navanga
fj,Na Vasi
fj,Navata
fj,Navatu
fj,Navatu
fj,Navatu
fj,Navatuvula
fj,Navatuyamba
fj,Navaundra
fj,Navave
fj,Naveimavu
fj,Naveindrendre
fj,Naveithovatu
fj,Navetau
fj,Naveyango
fj,Navidamou
fj,Navidamu
fj,Navilawa
fj,Navindamou
fj,Navindamu
fj,Navindamu
fj,Navindom
fj,Navinggiri
fj,Navitilevu
fj,Navivanga
fj,Naviyango
fj,Navolau
fj,Navolau
fj,Navora
fj,Navotua
fj,Navua
fj,Navuandra
fj,Navuatu
fj,Navuavuni
fj,Navuevu
fj,Navukailagi
fj,Navukailangi
fj,Navukembuli
fj,Navukimbuli
fj,Navuloa
fj,Navunievu
fj,Navuniivi
fj,Navuniivi
fj,Navunikambi
fj,Navunimono
fj,Navunisole
fj,Navunitogoloa
fj,Navuniyaro
fj,Navuniyasi
fj,Navuniyevo
fj,Navurevure
fj,Navuruvuru
fj,Navuso
fj,Navuti
fj,Navutoka
fj,Navuto
fj,Navutulevu
fj,Navutu
fj,Nawailevu
fj,Nawai
fj,Na wai nde
fj,Nawaindo
fj,Nawairambe
fj,Nawaka
fj,Nawala
fj,Nawamangimangi
fj,Nawamangi
fj,Na Wangarua
fj,Nawanggabena
fj,Nawanggambena
fj,Nawanggandamu
fj,Nawanggarua
fj,Nawatha
fj,Nawau
fj,Naweni
fj,Nawi
fj,Nayarailangi
fj,Nayarambale
fj,Nayaulevu
fj,Nayavuira
fj,Nayavutoka
fj,Nayawa
fj,Ndakuiloa
fj,Ndakuilomaloma
fj,Ndakuimbengga
fj,Ndakuinuku
fj,Ndakuirase
fj,Ndakuivuna
fj,Ndaku
fj,Ndaku
fj,Ndakundaku
fj,Ndakunimba
fj,Ndakuni
fj,Ndalithe
fj,Ndalithi
fj,Ndalomo
fj,Ndalomo
fj,Ndama
fj,Ndama
fj,Ndangai
fj,Ndaria
fj,Ndatithoni
fj,Ndavinggele
fj,Ndawa
fj,Ndawara
fj,Ndawasamu
fj,Ndeiandamanu
fj,Ndelailasakau
fj,Ndelaitonga
fj,Ndelaivandra
fj,Ndelaiyandua
fj,Ndelakando
fj,Ndelalasakau
fj,Ndela na manu
fj,Ndelandamanu
fj,Ndenimanu
fj,Ndevoira
fj,Ndevo
fj,Ndiloi
fj,Ndilo
fj,Ndiondio
fj,Ndoi
fj,Ndomokavu
fj,Ndongobuki
fj,Ndongoloa
fj,Ndongotuki
fj,Ndongowali
fj,Ndraimba
fj,Ndraimba
fj,Ndrambuta
fj,Ndraumbuta
fj,Ndraumbuta
fj,Ndrauniivi
fj,Ndraunindakua
fj,Ndravawalu
fj,Ndravo
fj,Ndravualu
fj,Ndravuni
fj,Ndravuni
fj,Ndravuwalu
fj,Ndravuwalu
fj,Ndrekena
fj,Ndrekeniwai
fj,Ndrekeniwai
fj,Ndreketilailai
fj,Ndreketi
fj,Ndriti
fj,Ndromoninuku
fj,Ndromuna
fj,Ndromuninuku
fj,Ndrue
fj,Ngaleine
fj,Ngaligali
fj,Ngalingali
fj,Ngaloa
fj,Ngaloa
fj,Ngaloa
fj,Ngaravutu
fj,Ngasauva
fj,Ngasele
fj,Ngeleni
fj,Nggaliira
fj,Nggalikarua
fj,Nggalira
fj,Nggarani
fj,Nggaranivai
fj,Nggaravutu
fj,Nggathavula
fj,Nggathavulu
fj,Nggelekuro
fj,Nggelemumu
fj,Nggelendamu
fj,Nggeleni
fj,Nggeleni
fj,Nggelethimbi
fj,Nggelewara
fj,Nggilai
fj,Nggoma
fj,Ngunu
fj,Ngusuitoto
fj,Nia Vakamothe
fj,Nikorokoro
fj,Nirikoso
fj,Niumbasanga
fj,Niundua
fj,Niurua
fj,Niutoto
fj,Nivotavota
fj,Noatau
fj,Nogilai
fj,Nokulau
fj,Nondaulau
fj,Noraimba
fj,Novalau
fj,Nuanakira
fj,Nukelo
fj,Nukudum
fj,Nukudumu
fj,Nukuilau
fj,Nukui
fj,Nukulau
fj,Nukuloa
fj,Nuku Loa
fj,Nukumbalavu
fj,Nukundamu
fj,Nuku-ndum
fj,Nuku
fj,Nuku
fj,Nuku nuku
fj,Nukunuku
fj,Nukunuku
fj,Nukusa
fj,Nukusere
fj,Nukusiri
fj,Nukutothia
fj,Nukutumbu
fj,Nukuvou
fj,Numbathe
fj,Numbumakita
fj,Numbunikavula
fj,Numbuniyavula
fj,Numbu
fj,Numbutautau
fj,Numbutumbutu
fj,Numbuyani
fj,Numbuyanitu
fj,Nunguni
fj,Ohu
fj,Oinafa
fj,Oloa
fj,Olosenga
fj,Olosinga
fj,Ongea
fj,Ono Levu
fj,Ovaiau
fj,Ovalau
fj,Ovea
fj,Owundu
fj,Pangai
fj,Paolo
fj,Paptea
fj,Penang
fj,Pephahua
fj,Poiva
fj,Qarani
fj,Rairaiwangga
fj,Raiwai
fj,Raiwanga
fj,Raiwangga
fj,Rakiraki
fj,Rakiraki
fj,Raksawa
fj,Rambulu
fj,Raralevu
fj,Rarama
fj,Raranimbulumbulu
fj,Rararua
fj,Rauribu
fj,Rauriko
fj,Rave-rave
fj,Raviravi
fj,Raviravi
fj,Raviravi
fj,Ravitaki
fj,Rewangga
fj,Rewasa
fj,Rewasau
fj,Richmond
fj,Rokovuaka
fj,Rukua
fj,Rukurukeluvu
fj,Rukurukulevu
fj,Rukuruku
fj,Saivou
fj,Salevukoso
fj,Salialevu
fj,Saliandrau
fj,Salia
fj,Salvaka
fj,Samambula East
fj,Samambula North
fj,Samambula
fj,Sambata
fj,Sanasana
fj,Sandro
fj,Sanggani
fj,Saolei
fj,Saolo
fj,Sarava
fj,Sarawangga
fj,Saru
fj,Sasa
fj,Sasa
fj,Satulaki
fj,Saukama
fj,Saumakia
fj,Saunaka
fj,Sauniviuto
fj,Sautambu
fj,Sautiki
fj,Sauvakarua
fj,Savuna
fj,Savu Sau
fj,Savu
fj,Savusavuitangga
fj,Savusavu
fj,Savusavu
fj,Sawaieke
fj,Sawakasa
fj,Sawanikula
fj,Sawani
fj,Sawani
fj,Sawani
fj,Sawa
fj,Sawayake
fj,Saweni
fj,Seavathi
fj,Semo
fj,Serea
fj,Serua
fj,Seseninga
fj,Sese
fj,Sevathi
fj,Sikituru
fj,Silana
fj,Singatoka
fj,Singatoka
fj,Singuma
fj,Sinuvaca
fj,Singatoke
fj,Sinuvatha
fj,Sisila
fj,Sisili
fj,Soa
fj,Soievu
fj,Solevu Mission
fj,Solevu
fj,Solevu
fj,Solianga
fj,Soliyanga
fj,Solondamu
fj,Solo Tavine
fj,Solotavui
fj,Somosomo
fj,Somo Somo
fj,Somosomo
fj,Somosomo
fj,Songombiau
fj,Sorokomba
fj,Soso
fj,Soso
fj,Sote
fj,Sueni
fj,Suliyanga
fj,Sumi
fj,Suva City
fj,Suvalailai
fj,Suva
fj,Suvaviti
fj,Suvavou
fj,Tai
fj,Talaulia
fj,Talethake
fj,Tamavua Heights
fj,Tamavua
fj,Tambalei
fj,Tambia
fj,Tambulei
fj,Tambungguto
fj,Tambuya
fj,Tamura
fj,Tamusua
fj,Tangala
fj,Tangangge
fj,Tanganghi
fj,Tangangi
fj,Tarakua
fj,Tarokua
fj,Tarokua Village
fj,Tarua
fj,Tarukua
fj,Tathelevu
fj,Tathilau
fj,Tathilevu
fj,Tathi
fj,Taulevu
fj,Taunovo
fj,Tau
fj,Tavea
fj,Tavia
fj,Taviya
fj,Tavua
fj,Tavua
fj,Tavuka
fj,Tavuki
fj,Tavuki
fj,Tavulomo
fj,Tawake
fj,Tawaki
fj,Tawapa
fj,Tawatawandi
fj,Tawava
fj,Tethi
fj,Tevai
fj,Thakova
fj,Thalia
fj,Thalira
fj,Thaumbati
fj,Thautata
fj,Thava Levu
fj,Thavanga
fj,Thava
fj,Thavonga
fj,Thavu
fj,Thawandevo
fj,Thawara
fj,Thawaro
fj,The Domain
fj,Thevai
fj,Thikombia
fj,Tholoisuva
fj,Thongea
fj,Thulanuku
fj,Thuvu
fj,Tia
fj,Tilivalevu
fj,Tiliva
fj,Tiliva
fj,Tioma
fj,Tokala
fj,Tokalau
fj,Tokalau
fj,Tokalou
fj,Toki
fj,Tokolau
fj,Toko
fj,Tokou
fj,Toliera
fj,Tombu
fj,Tonga
fj,Tongaviri
fj,Tonge
fj,Tongo
fj,Tongovere
fj,Tongowere
fj,Tonuva
fj,Tonuve
fj,Toorak
fj,Tore
fj,Totongo
fj,Toumbo
fj,Tovulailai
fj,Tovu
fj,Tovu
fj,Tovutovu
fj,Tuai
fj,Tuakoi
fj,Tuapona
fj,Tuatua
fj,Tukavesi
fj,Tulaulia
fj,Tumavia
fj,Tumbairata
fj,Tumbalevu
fj,Tumbenasolo
fj,Tumbou
fj,Tuniloa
fj,Tunoloa
fj,Tuvutha
fj,Tuvu
fj,Uanheta
fj,Ujia
fj,Uluimbau
fj,Ului Mhau
fj,Undu
fj,Upu
fj,Urata
fj,Uruone
fj,Uthiwai-na-Tamavua
fj,Uthunivanua
fj,Uto
fj,Ututu
fj,Utu
fj,Vagadace
fj,Vagandathe
fj,Vailaka
fj,Vaileka
fj,Vaindoko
fj,Vairama
fj,Vaivunu
fj,Vakambuli
fj,Vakano
fj,Vakativa
fj,Vakawau
fj,Valeni
fj,Valenthi
fj,Valethi Government Station
fj,Valethi
fj,Valovoni
fj,Vambea
fj,Vambia
fj,Vandrai
fj,Vandrakula
fj,Vandra
fj,Vandravandra
fj,Vandravandra
fj,Vangai
fj,Vangandathe
fj,Vangandathi
fj,Vangandra
fj,Vanuakula
fj,Vanua-kula
fj,Vanuakula
fj,Vanualevu
fj,Vanua Levu
fj,Vanualevu
fj,Vanuandina
fj,Vanuaso
fj,Vanuavatu
fj,Vanuavou
fj,Vanuavo
fj,Vanumbua
fj,Varoka
fj,Vatani
fj,Vatau Karasa
fj,Vathaleya
fj,Vatoa
fj,Vatoa
fj,Vatoa
fj,Vatolotolo
fj,Vatukalo
fj,Vatukarasa
fj,Vatukarasa
fj,Vatukathevatheva
fj,Vatukoula
fj,Vatukutha
fj,Vatu-lei-le
fj,Vatu Leile
fj,Vatulele
fj,Vatuloa
fj,Vatulovona
fj,Vatumbalavu
fj,Vatuolalai
fj,Vaturua
fj,Vatuseikiyasawa
fj,Vatusongosongo
fj,Vatutavui
fj,Vatutandova
fj,Vatutu
fj,Vatu
fj,Vatuvonu
fj,Vatuvula
fj,Vatuwangga
fj,Vatuyamba
fj,Vaua
fj,Vavalangi
fj,Veindik
fj,Veindrala
fj,Veinugga
fj,Veinungga
fj,Veiuto
fj,Vendrala
fj,Veivatuloa
fj,Verata
fj,Verevere
fj,Vesi
fj,Viani
fj,Vianutha
fj,Vindawa
fj,Vinungga
fj,Vione
fj,Viria
fj,Visama
fj,Visa
fj,Viseisei
fj,Visonggo
fj,Vi-songu
fj,Visoto
fj,Vitawa
fj,Vitina
fj,Vitongo
fj,Vivili
fj,Viwa
fj,Volinangerua
fj,Volivoli
fj,Vorovoro
fj,Votualailai
fj,Votua
fj,Voua
fj,Vou-nuku
fj,Vuake
fj,Vuandomo
fj,Vua
fj,Vuinakawakawa
fj,Vuinandi
fj,Vuinanggalutu
fj,Vuinmono
fj,Vuiranggilai
fj,Vukavu
fj,Vulovi
fj,Vuluna
fj,Vuma
fj,Vunambua
fj,Vunamoli
fj,Vunanggoru
fj,Vunanitu
fj,Vunaniu
fj,Vuna Nui
fj,Vunatoto
fj,Vunatovau
fj,Vunavutu
fj,Vunayasi
fj,Vunayawa
fj,Vunievu
fj,Vuniivisavu
fj,Vunikondi
fj,Vunikura
fj,Vunilangi
fj,Vunimanggo
fj,Vunimbau
fj,Vunimoli
fj,Vunimoli
fj,Vunimono
fj,Vunindamoli
fj,Vunindawa Government Station
fj,Vunindawa
fj,Vunindongoloa
fj,Vunindongoloa
fj,Vunindumba
fj,Vuniniundrovu
fj,Vunisea Station
fj,Vunisea
fj,Vunisea
fj,Vunisea
fj,Vunisea
fj,Vunisei
fj,Vunisei
fj,Vunisimu
fj,Vunisinga
fj,Vunisinu
fj,Vunisotho
fj,Vuni-ta-moli
fj,Vunivaivai
fj,Vunivatu
fj,Vunivau
fj,Vunivesi
fj,Vunivota
fj,Vunivundi
fj,Vese
fj,Vunivuthea
fj,Vunivutu
fj,Vuniwai
fj,Vuniyaumunu
fj,Vunuku
fj,Vuo
fj,Vuru vuru
fj,Vusama
fj,Vusamu
fj,Vusanatu
fj,Vusaratu
fj,Vusasivo
fj,Vusua
fj,Vuthi
fj,Vuthuna
fj,Vutivuti
fj,Vutu Levu
fj,Vutuma
fj,Vutuna
fj,Vuya
fj,Wai Dravu
fj,Waikama
fj,Waikama
fj,Waikete
fj,Waikumbukumbu
fj,Wailanga
fj,Wailevu
fj,Wailevu
fj,Wailevu
fj,Wailoku
fj,Wailotua
fj,Waimbalavu
fj,Waimbasanga
fj,Waimbongi
fj,Wainandiro
fj,Wainasomo
fj,Wainawangga
fj,Waindo
fj,Waindrathia
fj,Waingganaki
fj,Wainggori
fj,Wainiika
fj,Wainika
fj,Wainikia
fj,Wainilotulevu
fj,Wainimakatu
fj,Wainimakutu
fj,Wainingandru
fj,Wainisikia
fj,Wainiyambia
fj,Wairiki
fj,Wairuarua
fj,Wairuku
fj,Waisali
fj,Waisa
fj,Waisa
fj,Waisomo
fj,Waisomo
fj,Waitambu
fj,Waithoka
fj,Waitoga
fj,Waitonga
fj,Waitovu
fj,Waito
fj,Waivaka
fj,Waivou
fj,Waivunia
fj,Waivunu
fj,Waiyanitu
fj,Waiyevo Government Station
fj,Waiyevo
fj,Waiyevu
fj,Walu Bay
fj,Wanosi
fj,Warua
fj,Wathiwathi
fj,Wavu
fj,Wayalevu
fj,Welangi
fj,Yadua
fj,Yakani
fj,Yakita
fj,Yako
fj,Yalava
fj,Yale
fj,Yaloku
fj,Yalombi
fj,Yambatha
fj,Yandrana
fj,Yandro
fj,Yandua
fj,Yandua
fj,Yangganga
fj,Yanutha
fj,Yanutha
fj,Yanuya
fj,Yarawa
fj,Yaroi
fj,Yarovundi
fj,Yaro
fj,Yaro
fj,Yasawairara
fj,Yasawairo
fj,Yasawa
fj,Yathalea
fj,Yavitu
fj,Yavulo
fj,Yavuna
fj,Yavusania
fj,Yavu
fj,Yawi
fj,Ysava
