gd,Adelphi
gd,Adelphia
gd,Amber Belair
gd,Après Tout
gd,Argyle
gd,Arthur Seat
gd,Baillies Bacolet
gd,Bamboo
gd,Barique
gd,Barrow
gd,Battle Hill
gd,Beaton
gd,Beaulieu
gd,Beauregard
gd,Becke Moui
gd,Belair
gd,Belair
gd,Belle Isle
gd,Belle Plain
gd,Bellevue
gd,Bellevue
gd,Bellevue
gd,Belmont
gd,Belmont
gd,Belmont
gd,Belvedere
gd,Belvidere
gd,Birch Grove
gd,Blaize
gd,Blow Hole
gd,Boca
gd,Bogles
gd,Bois de Gannes
gd,Brandon Hall
gd,Brisant
gd,Brizan
gd,Bylands
gd,Café
gd,Calivigny
gd,Calliste
gd,Calliste Land Settlement
gd,Canne Fond
gd,Carriere
gd,Castaigne
gd,Castle Hill
gd,Celeste
gd,Chadeau
gd,Champs Fleurs
gd,Chantimelle
gd,Charlotte Town
gd,Charlotte Vale
gd,Chutz
gd,Clabony
gd,Clarkes Court
gd,Clozier
gd,Concord
gd,Confer
gd,Conference
gd,Constantine
gd,Content
gd,Corbeau Town
gd,Corinth
gd,Crayfish
gd,Crochu
gd,D'Arbeau
gd,Deblando
gd,Des Isles
gd,Diego Piece
gd,Dothan
gd,Dover
gd,Dumfermline
gd,Dumfries
gd,Dunfermline
gd,Duquesne
gd,Egmont
gd,Elie Hall
gd,Epping Forest
gd,Fairfield
gd,Falaise
gd,Falege
gd,Felix Park
gd,Florida
gd,Fontenoy
gd,Ford
gd,Fort Jeudy
gd,Fort Royal
gd,Frequente
gd,Georgetown
gd,Golflands
gd,Gouave
gd,Gouyave
gd,Goyave
gd,Grand Ance
gd,Grand Anse
gd,Grand Bay
gd,Grand Bra
gd,Grand Bras
gd,Grand Mal
gd,Grand Pauve
gd,Grand Pauvre
gd,Grand Roy
gd,Granton
gd,Grenada City
gd,Grenville
gd,Gretna Green
gd,Guyave
gd,Gwa Kay
gd,Happy Hill
gd,Harford Village
gd,Helvellyn
gd,Hermitage
gd,Hermitage
gd,Hermon
gd,Hillsborough
gd,Hope Bacolet
gd,Horne
gd,Hyde Park
gd,Industry
gd,Ka-fe Beau
gd,La Baye
gd,Laborie
gd,La Didue
gd,La Digue
gd,La Femme
gd,La Filette
gd,La Fortune
gd,La Mode
gd,La Mode
gd,Lance aux Épines
gd,La Poterie
gd,L'Appelle
gd,La Taste
gd,Laura
gd,Le Sausos
gd,L'Esperance
gd,L'Esterre
gd,L'Esterre
gd,L'Etage
gd,Levera Development
gd,Levera
gd,Lewis
gd,Lower Capitol
gd,Lower La Tante
gd,Lower La Taste
gd,Lower Pearl
gd,Lower Pearls
gd,Lower Woburn
gd,Mabouya
gd,Mahot
gd,Maliniere
gd,Mamma Cannes
gd,Mango
gd,Maran
gd,Mardigras
gd,Mardigras
gd,Marian
gd,Marigot
gd,Marli
gd,Marlmount
gd,Marquis
gd,Maulti
gd,Meldrum
gd,Merebeau
gd,Mirabeau
gd,Molinière
gd,Mon Plaisir
gd,Mon Repos
gd,Mont Carmel
gd,Mont Moritz
gd,Montreuil
gd,Mont Tout
gd,Morne Docteur
gd,Morne Fendue
gd,Morne Fondue
gd,Morne Jaloux
gd,Morne Jaloux
gd,Morne Jaloux Ridge
gd,Morne Longue
gd,Morne Rouge
gd,Morne Tranquille
gd,Mount Agnes
gd,Mount Airy
gd,Mount Alexander
gd,Mount Carmel
gd,Mount Cassell Land Settlement
gd,Mount Cenis
gd,Mount Craven
gd,Mount Desir
gd,Mount Fann
gd,Mount Gay
gd,Mount Helicon
gd,Mount Hope
gd,Mount Horne
gd,Mount Marice
gd,Mount Morice
gd,Mount Moritz Land Settlement
gd,Mount Moritz
gd,Mount Nesbit Land Settlement
gd,Mount Nesbit
gd,Mount Pleasant
gd,Mount Pleasant
gd,Mount Rich
gd,Mount Rose
gd,Mount Rose
gd,Mount Royal
gd,Mount Stanhope
gd,Mount Weldale
gd,Mount William
gd,Mount William
gd,Moya
gd,Munich
gd,New Hampshire
gd,Nianganfoix
gd,Nonpareil
gd,Paddock
gd,Panorama
gd,Paraclete
gd,Parade
gd,Paradise
gd,Paradise
gd,Pearls
gd,Pêcher
gd,Peggys Whim
gd,Perdmontemps
gd,Petit Bacaye
gd,Petit Balthazar
gd,Petit Bouc
gd,Petit Calivigny
gd,Petit Étang
gd,Pierre Marie
gd,Plaisance Land Settlement
gd,Plaisance
gd,Pomme Rose
gd,Port Louis
gd,Port Royal
gd,Post Royal
gd,Prospect
gd,Providence
gd,Pyrénées
gd,Radix
gd,Ravine
gd,Retreat
gd,Retreat
gd,Richmond Hill
gd,Richmond
gd,Richmond
gd,River Sallee
gd,Rivière Sallee
gd,Rose Hill
gd,Rosemont
gd,Ruth Howard
gd,Saint Cloud
gd,Saint Cyr
gd,Saint David's
gd,Saint George
gd,Saint George's
gd,Saint James
gd,Saint John
gd,Saint Margaret
gd,Saint Mark
gd,Saint Marks
gd,Saint Mark Village
gd,Saint Mary
gd,Saint Omer
gd,Saint Paul's
gd,Saint Paul's
gd,Sans Souci
gd,Sauteurs
gd,Sautiers
gd,Simon
gd,Six Roads
gd,Snug Corner
gd,Soubise
gd,Springs
gd,Syracuse
gd,Tanteen
gd,Telescope
gd,Tempe
gd,Temple
gd,Terre Cannes
gd,Thebaide
gd,Thebaid
gd,The Bocas
gd,The Cliff
gd,The Lance
gd,The Lime
gd,The Park
gd,Tivoli
gd,Trevellan
gd,Tricolar
gd,True Blue
gd,Union
gd,Union
gd,Union Village
gd,Upper Capitol
gd,Upper Conference
gd,Upper La Tante
gd,Upper La Taste
gd,Upper Pearls
gd,Upper Pearl
gd,Vendôme
gd,Victoria
gd,Vincennes
gd,Vineyard
gd,Waltham
gd,Welcome Hall
gd,Westerhall Land Settlement
gd,Westerhall Point
gd,Westerhall
gd,White Gun
gd,Willis
gd,Windsor Castle
gd,Windsor Forest
gd,Windsor
gd,Windward
gd,Woborn
gd,Woburn
