gf,Abouna Sounga
gf,Acarouani
gf,Acarouany
gf,Adieu-Vat
gf,Aéroplane Condé
gf,Aéroplane Kondé
gf,Agami
gf,Agode
gf,Akilengui
gf,Akodo
gf,Akouménaï
gf,Akouménay
gf,Akoumenaye
gf,Akouti
gf,Alicia
gf,Alicoto
gf,Alikéné
gf,Alikoto
gf,Aloïké
gf,Alowike
gf,Amékan Tabiki
gf,Ana Kondé
gf,Ancien Dégrad Fourmi Rouge
gf,Ancien Dégrad Francis
gf,Ancien Dégrad Jougla
gf,Ancien Degrad Nicole
gf,Ancien Dégrad Vitalo
gf,Ancien Papaïchton
gf,Ancien Village Hubert
gf,Ancien Village Mathurin
gf,Ancien Village Poteau Carré
gf,Angoulême
gf,Ankel
gf,Antécume Pata
gf,Anton
gf,Aouara
gf,Apatou
gf,Approuague
gf,Arataï
gf,Arataye
gf,Arotaye
gf,Asisi
gf,Asisie
gf,Assici
gf,Assisi
gf,Assissi
gf,Aubry
gf,Avenir
gf,Awara
gf,Babel
gf,Badek
gf,Baduel
gf,Bagdad
gf,Bagot
gf,Baïno
gf,Balaté
gf,Balourou
gf,Bamboula
gf,Banana
gf,Banc de Sable
gf,Banlieue-Sud
gf,Barkarel
gf,Barthélemy
gf,Bas-Espoir
gf,Batardeau
gf,Baticane
gf,BÅuf Bois
gf,BÅuf Mort
gf,Baugé
gf,Beau Rivage
gf,Beau Soleil
gf,Bec de Sable
gf,Belle Étoile
gf,Bellevue
gf,Bélizon
gf,Bénéfica
gf,Bernard
gf,Bernardin
gf,Bicade
gf,Bienvenue
gf,Biguiston
gf,Bistouri
gf,Bita
gf,Blacus
gf,Blicade
gf,Bois Bandé
gf,Bois Couronné
gf,Bois Macaque
gf,Bois Martin
gf,Bonidoro
gf,Boniville
gf,Bonne Entente
gf,Borie
gf,Bossou
gf,Bostok
gf,Boulanger
gf,Bourda
gf,Bourg de Kourou
gf,Brigandin
gf,Buja-le-Haut
gf,Cabassou
gf,Cacao
gf,Café
gf,Cambrouse
gf,Cambrousse
gf,Cambrouze
gf,Camélie
gf,Camopi
gf,Camp Caïmans
gf,Camp Charvein
gf,Camp de Coswine
gf,Camp de Rémire
gf,Camp Léonce
gf,Camp Maïpouri
gf,Camp Rochambeau
gf,Camp Voltaire
gf,Capon
gf,Carbet Brûlé
gf,Carbet Gaulettes
gf,Carbet Hocco
gf,Carbet la Nuit
gf,Carbet la Panne
gf,Carbet Maïs
gf,Carbet Médard
gf,Carbet Mitan
gf,Carbets
gf,Carbet Tonkin
gf,Carbet Toukan
gf,Cariacou
gf,Carrefour de Mana
gf,Carrière
gf,Caussade
gf,Caux
gf,Cayenne
gf,Central Bief
gf,Cent-Sous
gf,Certitude
gf,Changement
gf,Chantier Forestier de Socoumou
gf,Chapelle Saramaka
gf,Charenton
gf,Charvein
gf,Chatenay
gf,Châton
gf,Chatonnet
gf,Chire
gf,Chou-Ming
gf,Cité Alexandre
gf,Cité Ampigny
gf,Cité Anatole
gf,Cité Brutus
gf,Cité Césaire
gf,Cité des Castors
gf,Cité des Manguiers
gf,Cité des Palétuviers
gf,Cité Eau Lisette
gf,Cité Homat
gf,Cité Jean-François
gf,Cité Lafaurie
gf,Cité Laurie
gf,Cité Mirza
gf,Cité Nzilla
gf,Cité Pascaline
gf,Cité Pasteur
gf,Cité Quintius
gf,Cité Rebard
gf,Cité Themire
gf,Citron
gf,Civet
gf,Claude
gf,Clément
gf,Cochon Brûlé
gf,Coco
gf,Cocoye
gf,Cogneau
gf,Cokioco
gf,Combi
gf,Combo
gf,Conamama
gf,Coralie
gf,Cormontibo
gf,Cormotibo
gf,Corossony
gf,Coswine
gf,Couachi
gf,Couasse
gf,Coulor
gf,Couman-Couman
gf,Counamama
gf,Couriège
gf,Couy
gf,Crique Anguille
gf,Crique Jacques
gf,Dagobert
gf,Dagou Edé
gf,Danké
gf,Dardanelles
gf,Déchéance
gf,Décision
gf,Découman Eugène
gf,Découverte
gf,Dégourdi
gf,Dégrad Anel
gf,Dégrad Balata
gf,Dégrad Bélizon
gf,Dégrad Bicade
gf,Dégrad Blanc
gf,Dégrad Blockauss
gf,Dégrad Bois Blanc
gf,Dégrad Brigette
gf,Dégrad Cacao
gf,Dégrad Cambrouze
gf,Dégrad Camopi
gf,Dégrad Canard
gf,Dégrad Carbet Maïs
gf,Dégrad Claude
gf,Dégrad Clémencin
gf,Dégrad Clerc
gf,DégradCorrèze
gf,Dégrad des Cannes
gf,Dégrad des Emerillon
gf,Dégrad Dimanche
gf,Dégrad Doré
gf,Dégrad Etats Unis
gf,Dégrad Etienne
gf,Dégrad Florian
gf,Dégrad Fourgassié
gf,Dégrad Fourmi
gf,Dégrad Fourmi Rouge
gf,Dégrad Francis
gf,Dégrad Fromager
gf,Dégrad Galouja
gf,Dégrad Galoupa
gf,Dégrad Génipa
gf,Dégrad Haut Camopi
gf,Dégrad Henri
gf,Dégrad Impératrice
gf,Dégrad Jalbot
gf,Dégrad Janson
gf,Dégrad Jason
gf,Degrad Jean-Jean
gf,Dégrad Kwata
gf,Dégrad la Boue
gf,Dégrad Laurens
gf,Dégrad Limaroula
gf,Dégrad Limousin
gf,Dégrad Maman Piraye
gf,Dégrad Maraudeur
gf,Dégrad Ménado
gf,Dégrad Moufflet
gf,Dégrad Neuf
gf,Dégrad Nicole
gf,Dégrad Papa Jean
gf,Dégrad Pascal
gf,Dégrad Patagaï
gf,Dégrad Perdu Temps
gf,Dégrad Pierette
gf,Dégrad Pierre
gf,Dégrad Pierrette
gf,Dégrad Pimpin
gf,Dégrad Reinald
gf,Dégrad Roche
gf,Dégrad Saint-Éloi
gf,Dégrad Saint-Léon
gf,Dégrad Saint-Paul
gf,Dégrad Saint-Pierre
gf,Dégrad Samson
gf,Dégrad Saramaka
gf,Dégrad Sardine
gf,Dégrad Savane
gf,Dégrad Simon
gf,Dégrad Tamanoir
gf,Dégrad T.H.R.
gf,Dégrad Tigre
gf,Dégrad Vitalo
gf,Dégrad Yaya
gf,Délices
gf,Dépot Lezand
gf,Dépôt Lézand Ruines
gf,Dépôt Lézard
gf,Désirade
gf,Déta
gf,Deux Branches
gf,Deux Fromagers
gf,Deux Jours
gf,Devez
gf,Diamant
gf,Dieudonné
gf,Dieu-Merci
gf,Divalon
gf,Docris
gf,Doglis
gf,Domrémy
gf,Dorlin
gf,Dosmond
gf,Dubol
gf,Eau Blanche
gf,Eau Claire
gf,Eau Coulie
gf,Edmond
gf,Edmont
gf,Édouard
gf,Edwin
gf,Ekény
gf,Ekiny
gf,Elaé
gf,Élysée
gf,Émerillon
gf,Emérillons
gf,Emérillons Village
gf,Enéné Patatpe
gf,Enfants perdus
gf,Enfin
gf,Enfin Pépita
gf,Entouca
gf,Entoucas
gf,Espérance
gf,Espoir
gf,États-Unis
gf,Étienne
gf,Farnous
gf,Faubourg l'Abri
gf,Fermes de Saint-Élie
gf,Filon Doyle
gf,Flèche
gf,Florida
gf,Florissante
gf,Foreshëre
gf,Forestière
gf,Fortuné
gf,Fourgassie
gf,Fracas
gf,Gaa Caba
gf,Gaa Kaba
gf,Gaillot
gf,Galloni
gf,Galmot
gf,Gare Tigre
gf,Gaston
gf,Gervais
gf,Goélette
gf,Goellette
gf,Goupi Patatpe
gf,Goupi Patatpeu
gf,Grand Bala
gf,Grand Bassin
gf,Grand Carbet
gf,Grand Citron
gf,Grand Lac
gf,Grand Marquis
gf,Grand Pont
gf,Grand-Santi
gf,Grand Santi
gf,Grand Usine
gf,Grand-Village
gf,Grigel
gf,Gros Roche
gf,Grosse Roche
gf,Guadeloupe
gf,Guatemala
gf,Guenouillet
gf,Guillaume
gf,Guisambourg
gf,Guisanbourg
gf,Guizambourg
gf,Guizanbourg
gf,Honorable Tchung Ming
gf,Ilakana Patatpe
gf,Îlet Lézard
gf,Îlet Malouin
gf,Îlet Tortue
gf,Impératrice
gf,Indiens Oyampis
gf,Inipi
gf,Ippoussing
gf,Iracoubo
gf,Irène
gf,Isnard et Priane
gf,Itousanseng
gf,Jalbot
gf,Janvier
gf,Javouhey
gf,Jean
gf,Jean Jean
gf,Jean-Jean Rémission
gf,Jejo
gf,John
gf,John Sirot
gf,Junique
gf,Kagnouma
gf,Kantali
gf,Kariakou
gf,Kaw
gf,Kepioudou
gf,Kérenroch
gf,Kofi Kamiza
gf,Kokioko
gf,Kokoï
gf,Kokoye
gf,Kormontibo
gf,Kormotibo
gf,Kotioko
gf,Kouachi
gf,Kouachinana
gf,Kouman-Kouman
gf,Kouro
gf,Kourou
gf,Koutou
gf,Koutouwao
gf,Kwassie
gf,La Boue
gf,La Chaumière
gf,La Conie
gf,La Dame Blanche
gf,La Désirade
gf,La Douane
gf,La Forestière
gf,La Grève
gf,La Levée
gf,La Madeleine
gf,Lamérique
gf,La Mirande Distillerie
gf,La Mirande
gf,Lamonet
gf,L'Amphithéâtre
gf,Langa Tabiki
gf,La République
gf,Larivant
gf,Larivaut
gf,Larivot
gf,La Roche Fendé
gf,Laurens
gf,Laurent
gf,Laussat
gf,La Valère
gf,Lavaud
gf,La Villette
gf,Le Bourg
gf,Le Dix-Septième
gf,Le Gallion
gf,Le Larivot
gf,L'Enfant Perdu
gf,Léonce
gf,Le Rallye
gf,Les Alliés
gf,Les Bambous
gf,Les Halles
gf,Les Hattes
gf,Les Malgaches
gf,Les Roches
gf,L'Horizon
gf,Lieu-dit Bois Macaque
gf,Lieu-dit Dubol
gf,Lieu-dit Picard
gf,Lieu-dit Pois Sucré
gf,Lioni
gf,Lipo Lipo
gf,Lissa
gf,L'Observatoire
gf,Loca
gf,Loulouïe
gf,Lysis
gf,Macouba
gf,Macouria
gf,Madame Yeyenne
gf,Mafi
gf,Magasin Créole
gf,Maïpouri
gf,Malaïtawa
gf,Malavate
gf,Malmaison
gf,Malmanoury
gf,Malterre
gf,Maman Koumarou
gf,Maman Valentin
gf,Mamaribo
gf,Mana
gf,Mango
gf,Maniga
gf,Maraudeur
gf,Maraudeurs
gf,Mariani
gf,Marian
gf,Marignan
gf,Mario
gf,Maripa
gf,Maripasoula
gf,Maripa-Village
gf,Maroni
gf,Marquis
gf,Mathurin
gf,Matiti
gf,Matoary
gf,Matoury
gf,Mayman
gf,Médeyre
gf,Ménado
gf,Migue
gf,Mogès
gf,Mompé Soula
gf,Mondésir
gf,Monfina
gf,Montabo
gf,Montagne Maripa
gf,Montagne Sable
gf,Montjoli
gf,Montjoly
gf,Montjoyeux
gf,Montsinéry
gf,Mont Valérien
gf,Morpio
gf,Morpion
gf,Moucaya
gf,Moussoué Santi Tabiki
gf,Moyoco
gf,Nancibo
gf,Nasson
gf,Nationale
gf,Niewe Rust
gf,Nouveau Camp
gf,Nouvelle Alliance
gf,Nouvelle Angouleme
gf,Opoya
gf,Organabo
gf,Oscar
gf,Ouanary
gf,Ouaqui
gf,Ouragan
gf,Oyampis
gf,Oyapock
gf,Paillé
gf,Palassissi
gf,Papaïchton
gf,Papa Momo
gf,Papa Moumou
gf,Parcours Noir
gf,Pascal
gf,Pascaud
gf,Patagaïe
gf,Patate
gf,Patawa
gf,Patience
gf,Paul Isnard
gf,Pédima
gf,Péléa
gf,Perdu Temps
gf,Petit Cabrit
gf,Petit Cayenne
gf,Petit Fouet
gf,Petit François
gf,Petit Laussat
gf,Petit Paradis
gf,Petit Placer
gf,Petit Saut
gf,Picard
gf,Pierette
gf,Pierre Hoho
gf,Pierrette
gf,Pikinn Tabiki
gf,Piliwa
gf,Pina
gf,Placer A Dieu Vat
gf,Placer Bief
gf,Placer Chantal
gf,Placer Couriege
gf,Placer Dieu Va
gf,Placer Paul Isnard
gf,Placers Tibourou
gf,Placer Trésor
gf,Plaque Roche
gf,Point de Trijonction
gf,Pointe Caïman
gf,Pointe Combi
gf,Pointe Isère
gf,Pois Sucré
gf,Polémie
gf,Polydor
gf,Pompidou
gf,Ponta
gf,Ponte Caïman
gf,Popote
gf,Populo
gf,Portal
gf,Port Inini
gf,Providence
gf,Quatre Carbets
gf,Quesnel
gf,Ramire
gf,Régina
gf,Rémire-Camp
gf,Rémiré
gf,Repentir
gf,République
gf,Réveil
gf,Ridel
gf,Risquetout
gf,Roche Ara
gf,Roche Bardo
gf,Roche Bravo
gf,Roche Brigandin
gf,Roche Cabrit
gf,Roche Cambrouze
gf,Roche Chapeau
gf,Roche Hirondelle
gf,Roche Kawann
gf,Roche Maman Pian
gf,Roche Mon Père
gf,Roches Blanches
gf,Roche Serpent
gf,Roche Singe Rouge
gf,Roche Singes Rouges
gf,Roche Tablon
gf,Roche Tado
gf,Rocoucoua
gf,Roncevaux
gf,Roura
gf,Ruben
gf,Rubis
gf,Saint-Antoine
gf,Saint-Bernard
gf,Sainte Anne Dégrad
gf,Sainte-Anne
gf,Sainte Élie
gf,Sainte-Hélène
gf,Sainte Laurent
gf,Saint-Élie
gf,Saint-Éloi
gf,Sainte-Marie-les-Mines
gf,Saint-Esprit
gf,Saint-Eugène
gf,Saint-Georges
gf,Saint Georges
gf,Saint-Jean
gf,Saint-Joseph
gf,Saint-Laurent du Maroni
gf,Saint Laurent
gf,Saint-Louis
gf,Saint-Lucien
gf,Saint-Maurice
gf,Saint-Nazaire
gf,Saint-Paul
gf,Saint-Pierre
gf,Saï
gf,Sania
gf,Santonia
gf,Sapajou
gf,Sapokaï
gf,Sapotille
gf,Saulnier
gf,Saül
gf,Sautero
gf,Saut Sabbat
gf,Saut Tigre
gf,Savane Manuel
gf,Senkinen
gf,Sikini
gf,Siminiout
gf,Simon
gf,Sinamary
gf,Sinnamari
gf,Sinnamary
gf,Sinnama
gf,Sivirine
gf,Socoumou
gf,Sokoumou
gf,Soncelle
gf,Soneelle
gf,Sonnelle
gf,Sophie
gf,Soula
gf,Sparouine
gf,Spes
gf,Sport
gf,Stoupan
gf,Sursaut
gf,Susini
gf,Suzini
gf,Taconet
gf,Taconnet
gf,Tampac
gf,Tampak
gf,Tampok
gf,Tapontekampoe
gf,Taponté
gf,Terre Rouge
gf,Théodore
gf,Théophane
gf,Timon
gf,Tonale
gf,Tonate
gf,Tonégrande
gf,Tonkin
gf,Tonnégrande
gf,Tonnigrande
gf,Tortue
gf,Toussine
gf,Trois Rois
gf,Trois Sauts
gf,Trou Ara
gf,Trou Biron
gf,Trou Caïmans
gf,Trou Poissons
gf,Trou Poisson
gf,Valentin
gf,Valide
gf,Venus
gf,Vichy
gf,Victor
gf,Vierge des Trois Tonneaux
gf,Vieux Grand-Santi
gf,Villaflore
gf,Village Adnet
gf,Village Baugé
gf,Village Beaugé
gf,Village Blicade
gf,Village Brésilien
gf,Village Chinois
gf,Village Coco
gf,Village Créole
gf,Village Emerillons
gf,Village Emérillon
gf,Village Espérance
gf,Village Fracas
gf,Village Gaa Caba
gf,Village Galibi
gf,Village Galloni
gf,Village Gaston
gf,Village Grigel
gf,Village Guillaume
gf,Village Impératrice
gf,Village Inipi
gf,Village La Grève
gf,Village Lioni
gf,Village Maffi
gf,Village Migue
gf,Village Portal
gf,Village Roucouyenne
gf,Village Saint-Esprit
gf,Village Saint-Paul
gf,Village Saramaca
gf,Village Saramaka
gf,Village Sophie
gf,Villages Oyampi
gf,Village Tortue
gf,Village Yaya
gf,Vini
gf,Wacapou
gf,Wakapou
gf,Wempi
gf,Weni Wé
gf,Wéti-Chiton
gf,Wilfried
gf,Winiwé
gf,Yalou Patatpeu
gf,Yalou Patatpe
gf,Yaya
gf,Yofé
gf,Yolande
gf,Zidok
gf,Zombi
