gt,Acacar
gt,Acamal
gt,Acapán
gt,Acasaguastlán
gt,Acatán
gt,Acatempa
gt,Acatenango
gt,Aceitillal
gt,Aceituno
gt,Aceituno
gt,Acequia
gt,Achiote
gt,Achiotes
gt,Achiotes
gt,Achiotes
gt,Achiotes Jumay
gt,Achitos
gt,Achuté
gt,Acintal
gt,Actelá
gt,Acualcheyá
gt,Acul
gt,Adelanto
gt,Aercochoch
gt,Agrícola
gt,Agua Alegre
gt,Agua Blanca
gt,Agua Blanca
gt,Agua Blanca
gt,Agua Blanca
gt,Agua Blanca
gt,Agua Blanca
gt,Agua Caliente
gt,Agua Caliente
gt,Agua Caliente
gt,Agua Caliente
gt,Agua Caliente
gt,Agua Caliente
gt,Agua Caliente
gt,Agua Caliente
gt,Agua Caliente
gt,Agua Caliente
gt,Agua Caliente Chìquita
gt,Agua Caliente Grande
gt,Agua Caliente Segundo
gt,Aguacatán
gt,Aguacate
gt,Aguacate
gt,Aguacate
gt,Aguacate
gt,Aguacate
gt,Aguacate
gt,Agua de Las Minas
gt,Agua Dulce
gt,Agua Dulce
gt,Agua Dulce
gt,Agua Escondida
gt,Agua Escondida
gt,Agua Escondida
gt,Agua Escondida
gt,Agua Fría
gt,Agua Fría
gt,Agua Fría
gt,Agua Helada
gt,Aguahiel Arriba
gt,Aguajal
gt,Agua Ligera
gt,Aguamecate
gt,Agua Negra
gt,Agua Salóbrega
gt,Agua Sembrada
gt,Aguas Finas
gt,Agua Tibia
gt,Agua Tibia
gt,Agua Tibia
gt,Agua Tibia
gt,Agua Tibia
gt,Agua Tibia
gt,Agua Tibia
gt,Agua Zarca
gt,Agua Zarca
gt,Agua Zarca
gt,Agua Zarca
gt,Agua Zarca
gt,Agua Zarca
gt,Agüero
gt,Aguijotes
gt,Aguirre
gt,Agujitas
gt,Ahorcado
gt,Ahumado
gt,Ainatal
gt,Ajaxá
gt,Ajbalché
gt,Alambradas
gt,Albores
gt,Aldea Agüero
gt,Aldea Nueva
gt,Allahan
gt,Almolonga
gt,Almorzadero
gt,Almorzadoro
gt,Alotenango
gt,Alto Sepacay
gt,Alvarado
gt,Alzatate
gt,Amachel
gt,Amatal
gt,Amatal
gt,Amate Blanco
gt,Amatepeque
gt,Amates
gt,Amates
gt,Amatillo
gt,Amatillo
gt,Amatillo
gt,Amatillo
gt,Amatitlán
gt,Amaya
gt,Amayito
gt,Amayo Ingenio
gt,Amayo Sitio
gt,Amberes
gt,Amelco
gt,Anchagua
gt,Angeles
gt,Angostura
gt,Angosturas
gt,Anguiatú
gt,Anguiatú Arriba
gt,Anguiatú
gt,Anicillo
gt,Ánimas Lomas
gt,Anisillo
gt,Anonas
gt,Anonas
gt,Anshagua
gt,Anshigua
gt,Antigua
gt,Antigua Guatemala
gt,Antombrán
gt,Apantén
gt,Apantes
gt,Apantes
gt,Apersogadero
gt,Aquil
gt,Aradona
gt,Arcopec
gt,Arena
gt,Arenal
gt,Arenal
gt,Arenal
gt,Arenal
gt,Arenales
gt,Argueta
gt,Aristondo
gt,Aristondos
gt,Arizona
gt,Arloroma
gt,Aroche
gt,Arrayanas
gt,Arrinconada
gt,Arriquín
gt,Arroyo del Guarda
gt,Arrozal
gt,Arrozales
gt,Asich
gt,Asilo La Piedad
gt,Asintal
gt,Aspitia
gt,Astillero
gt,Astillero Municipal
gt,Asuncion
gt,Asunción
gt,Asuncioncita
gt,Asunción Grande
gt,Asunción Mita
gt,Atescatempa
gt,Atitán
gt,Atitancito
gt,Atitlán
gt,Atitlán
gt,Atlántida
gt,Atlántida
gt,Atulapa
gt,Aurora
gt,Avellana
gt,Ayarza
gt,Ayucinapa
gt,Ayutilla
gt,Ayutla
gt,Azacualpa
gt,Azacualpilla
gt,Azulco
gt,Bacadilla
gt,Bajual
gt,Balamabaj
gt,Balam
gt,Balamché
gt,Balamtún
gt,Balanché
gt,Balconcillo
gt,Balijá
gt,Ballí
gt,Baltimore
gt,Bañadero Colorado
gt,Bananera
gt,Bancab
gt,Bandera Colorada
gt,Bandera Colorado
gt,Barbarena
gt,Barbasco
gt,Barberena
gt,Barillas
gt,Barillas
gt,Barracas
gt,Barra de la Gabina
gt,Barra del Jiote
gt,Barra del Limón
gt,Barra del Motagua
gt,Barra Madre Vieja
gt,Barranca
gt,Barranca
gt,Barranca Grande
gt,Barranca Honda
gt,Barrancas
gt,Barrancas de Gálvez
gt,Barranca Seca
gt,Barranco
gt,Barranco Blanco
gt,Barranco Colorado
gt,Barranqillo
gt,Barranquilla
gt,Barranquillo
gt,Barra San Marcos
gt,Barrel
gt,Barreneché
gt,Barrial
gt,Barrial
gt,Barrientos
gt,Barrio Nuevo
gt,Barrios
gt,Barrios
gt,Barrios
gt,Barrios
gt,Barritas
gt,Barrita Vieja
gt,Batzajá
gt,Batzmachil
gt,Batzumal
gt,Baúl
gt,Beatriz
gt,Bejucal
gt,Bejucal
gt,Bejucal
gt,Bejucal
gt,Belejub
gt,Belejú
gt,Belén
gt,Belén
gt,Bella Vista
gt,Benipec
gt,Benjá Chibut
gt,Benque Abajo
gt,Benque Arriba
gt,Betejub
gt,Bethania
gt,Bethania
gt,Bexoncán
gt,Biafra
gt,Bibitz
gt,Bicalamá
gt,Bictoz
gt,Bijagual
gt,Bilil
gt,Biltac
gt,Bipecbalam
gt,Bisán
gt,Bisich
gt,Bitzuchú
gt,Blackfoot
gt,Blanco Creek
gt,Blue Creek
gt,Bobos
gt,Boca Ancha
gt,Boca del Monte
gt,Boca del Monte
gt,Boca Monte
gt,Bocana
gt,Bocol
gt,Bocol San Rafael
gt,Bojorjes
gt,Bola de Oro
gt,Bolívar
gt,Bolivia
gt,Boloncó
gt,Bonanchán
gt,Boquerón
gt,Boquerón
gt,Borbollón
gt,Bordo Alto
gt,Bordo
gt,Botón Blanco
gt,Boxomá
gt,Boyero
gt,Boyeros
gt,Bracitos
gt,Bramaderos
gt,Brasilar
gt,Brasilar
gt,Brasilar
gt,Brasil
gt,Briceños
gt,Brigada
gt,Brisas Azules
gt,Briseña
gt,Briseño
gt,Brito
gt,Buenaventura
gt,Buena Vista
gt,Buena Vista
gt,Buena Vista
gt,Buena Vista
gt,Buena Vista
gt,Buena Vista
gt,Buena Vista
gt,Buena Vista
gt,Buena Vista
gt,Buena Vista
gt,Buena Vista
gt,Buena Vista
gt,Buena Vista
gt,Buena Vista
gt,Buena Vista
gt,Buena Vista
gt,Buena Vista
gt,Buena Vista Las Flores
gt,Buenos Aires
gt,Buenos Aires
gt,Buenos Aires
gt,Buenos Aires
gt,Buen Retiro
gt,Bujxub
gt,Bulej
gt,Bullaj
gt,Burgos
gt,Buxup
gt,Caaché
gt,Cabá
gt,Caballo Blanco
gt,Cabañas
gt,Cabañas
gt,Cabeza de Vaca
gt,Cabezas
gt,Cabezas
gt,Cabrera
gt,Cabricán
gt,Cabro
gt,Cacabal
gt,Cacaguatepeque
gt,Cacahuatepeque
gt,Cacao
gt,Cacao
gt,Cacaotepeque
gt,Cacao Viejo
gt,Cacchixlá
gt,Cachichoch
gt,Cachil
gt,Cacualtzul
gt,Cacubén
gt,Cacum
gt,Cadena
gt,Cadenas
gt,Cafetales
gt,Cahabón
gt,Cahaboncillo
gt,Cahaboncito
gt,Caín
gt,Cajataví
gt,Cajixay
gt,Cajixaj
gt,Cajolá
gt,Cajolá Chiquito
gt,Cajón del Río
gt,Cajtabi
gt,Cajuíl
gt,Cajux
gt,Calabasco
gt,Calabaza
gt,Calabazal
gt,Calá
gt,Calanté
gt,Calapté
gt,Calaveras
gt,Calaví
gt,Calderas
gt,Calderas
gt,Calel
gt,Caliaj
gt,Caliaj
gt,California
gt,Calix
gt,Cálix Creek
gt,Camaché
gt,Camacutz
gt,Camalmapa
gt,Camalotal
gt,Camalote
gt,Camalote
gt,Camalote
gt,Camán
gt,Camanchaj
gt,Camanibal
gt,Camantulul
gt,Camarón
gt,Camarones
gt,Cambalache
gt,Cambalam
gt,Cambalcol
gt,Cambayal
gt,Cambote
gt,Camelias
gt,Camino de San Pedro
gt,Camino Real
gt,Camojá
gt,Camojá Grande
gt,Camojalillo
gt,Camojalito
gt,Camojallito
gt,Camotán
gt,Campamac
gt,Campamento
gt,Campamento Petrolero Rubelsanto
gt,Campanapec
gt,Campanario
gt,Campat
gt,Campo Dos
gt,Campo Tres
gt,Campur
gt,Canabaj
gt,Cañada
gt,Cañada del Pino
gt,Canalitos
gt,Canamixtoj
gt,Cananá
gt,Canán
gt,Cananté
gt,Canapará
gt,Canaquil
gt,Cañas
gt,Cañas
gt,Cañas
gt,Cañas
gt,Caña Vieja
gt,Caña Vieja
gt,Caña Vieja
gt,Cancábal
gt,Canchacán
gt,Canchón
gt,Canchón
gt,Canchún
gt,Cancín
gt,Cancuela
gt,Cancuén
gt,Candelaria
gt,Candelaria
gt,Candelaria
gt,Candelaria
gt,Candelaria
gt,Candelita
gt,Cangrejal
gt,Cangrejitos
gt,Caníbal
gt,Canillá
gt,Caniyá
gt,Canjón del Río
gt,Canlún
gt,Canoas
gt,Canoas
gt,Canoguitas
gt,Canoj
gt,Canquintic
gt,Canquixjá
gt,Canrujá
gt,Cansís Arriba
gt,Cansís
gt,Cansupe
gt,Canta Rana
gt,Cantarrana
gt,Canteada
gt,Cantel
gt,Cantel
gt,Cantel
gt,Cantetaj
gt,Canton Barrios
gt,Cantutú
gt,Cantzelá
gt,Cantzum
gt,Canuleu
gt,Capac
gt,Caparjá
gt,Caparrosa
gt,Capucal
gt,Capucalito
gt,Capuchinas
gt,Capulín
gt,Capulín
gt,Capulín
gt,Capulín
gt,Caquichoch
gt,Caqui Creek
gt,Caquil
gt,Caquintie
gt,Caquipec
gt,Caquitón
gt,Caquixajay
gt,Carbonera
gt,Carboneras
gt,Carchá
gt,Cardenas
gt,Carí Albayeros
gt,Caribe
gt,Caribe
gt,Carí
gt,Carmelita
gt,Carmen
gt,Carretas
gt,Carrillo
gt,Carrizal
gt,Carrizal
gt,Carrizal
gt,Carrizal
gt,Carrizal
gt,Carrizal
gt,Carrizal
gt,Carrizal
gt,Carrizal Grande
gt,Carrizalito
gt,Carrizalito
gt,Carrizalito
gt,Carrizo
gt,Carrizo Grande
gt,Casaca
gt,Casa de Tablas
gt,Casa Quemada
gt,Casas de Pinto
gt,Casas de Teja
gt,Casas Viejas
gt,Casas Viejas
gt,Casas Viejas
gt,Casas Viejas
gt,Cascajal
gt,Casillas
gt,Castalia
gt,Castaño
gt,Castaño
gt,Castillo de San Felipe
gt,Cástulo Creek
gt,Catá
gt,Cataltzul
gt,Catarata La Clarisa
gt,Catarina
gt,Catarina
gt,Catjaví
gt,Catocha
gt,Caulotales
gt,Caulote
gt,Caulote
gt,Caulotes
gt,Caulotes
gt,Caxlampom
gt,Caxlampón
gt,Cayetano
gt,Cayo de Piedra
gt,Cayo Grande
gt,Cayo Palomo
gt,Cayo Piedra
gt,Cayo Quemado
gt,Cayuga
gt,Cayur
gt,Cebadilla Grande
gt,Cebadillita
gt,Cebollas
gt,Cebollín
gt,Cececapa
gt,Cedral
gt,Cedral
gt,Cedro
gt,Ceiba Amelia
gt,Ceiba Blanca
gt,Ceiba
gt,Ceibal
gt,Ceiba Mocha
gt,Ceibita
gt,Ceibita
gt,Cementerio
gt,Ceníceras
gt,Central
gt,Central Edwards
gt,Centroamérica
gt,Cercadito
gt,Cerco de Piedra
gt,Cerrito
gt,Cerrito
gt,Cerrito
gt,Cerritos
gt,Cerritos
gt,Cerritos
gt,Cerro Alto
gt,Cerro Alto
gt,Cerro Blanco
gt,Cerro Blanco
gt,Cerro Blanco
gt,Cerro Chino
gt,Cerro Chiquito
gt,Cerro Colorado
gt,Cerro Colorado
gt,Cerro de Cal
gt,Cerro de Flores
gt,Cerro del Manaco
gt,Cerro de Oro
gt,Cerro de Pinos
gt,Cerro de San Juan
gt,Cerro Gordo
gt,Cerro Gordo
gt,Cerro Gordo
gt,Cerro Grande
gt,Cerro Grande
gt,Cerro Grande
gt,Cerro Grande
gt,Cerro Liso
gt,Cerrón
gt,Cerro Redondo
gt,Cerro Redondo
gt,Chabilchoch
gt,Chabilchoch
gt,Chacalté Aparicio
gt,Chacalté
gt,Chacalté
gt,Chacalté
gt,Chacalté
gt,Chacalté Sis
gt,Chacayá
gt,Chachagualilla
gt,Chacmaic
gt,Chacón
gt,Chacté
gt,Chagüite
gt,Chagüite
gt,Chagüite
gt,Chagüite
gt,Chagüite
gt,Chagüites
gt,Chagüitillo
gt,Chagüitillo
gt,Chagüitillo Segundo
gt,Chagüitón
gt,Chagüitón
gt,Chagüitón
gt,Chahal
gt,Chahuitán
gt,Chahuite
gt,Chahuitón
gt,Chajabal
gt,Chajalajyá
gt,Chajalayá
gt,Chajaneb
gt,Chajaval
gt,Chajbal
gt,Chajbelén
gt,Chajchacán
gt,Chajcorech
gt,Chajil
gt,Chajleu
gt,Chajmaic Cajbón
gt,Chajmaic
gt,Chajmayic
gt,Chajul
gt,Chalchal
gt,Chalum
gt,Chamac
gt,Chamac
gt,Chamelco
gt,Chamil
gt,Chamisún
gt,Champas Corrientes
gt,Champerico
gt,Champollap
gt,Champona
gt,Chamtacá
gt,Chanchicub
gt,Chanchicupé
gt,Chanchil
gt,Chanchocal
gt,Chanchoc
gt,Chancó
gt,Chancol
gt,Chancolín
gt,Chanjulé
gt,Chanmagua
gt,Chanrío
gt,Chantiago
gt,Chantuoui
gt,Chantuqui
gt,Chaparrón
gt,Chaparrón
gt,Chaparroncito
gt,Chapas
gt,Chapayal
gt,Chapetón
gt,Chapetón
gt,Chapín
gt,Chapotán
gt,Chapotón
gt,Chapulco
gt,Chapulín
gt,Chaque
gt,Chaquiex
gt,Chaquiquiché
gt,Chaquirojá
gt,Charagüín
gt,Chato
gt,Chaucó
gt,Chaumagua
gt,Chavacal
gt,Chavá
gt,Chavarría
gt,Chavilchoch
gt,Chayen
gt,Cheché
gt,Chechimes
gt,Chechó
gt,Chegüez
gt,Chejel
gt,Chejoj
gt,Chelac
gt,Chel
gt,Chemal
gt,Chenén
gt,Chepol
gt,Chequé
gt,Chex
gt,Chexjoj
gt,Chiacal
gt,Chiacalté
gt,Chiacam
gt,Chiac
gt,Chiachal
gt,Chiá
gt,Chiaján
gt,Chiaj
gt,Chiantla
gt,Chibalchen
gt,Chibal
gt,Chibal Chiquito
gt,Chibalo
gt,Chibarreto
gt,Chibatutuy
gt,Chiblac Buena Vista
gt,Chiblac
gt,Chiboy
gt,Chicabracán
gt,Chicacao
gt,Chicacao
gt,Chicago
gt,Chicajalaj
gt,Chicajay
gt,Chicalajá
gt,Chical
gt,Chicalté
gt,Chicamán
gt,Chicanutz
gt,Chicao
gt,Chicasanga
gt,Chicastellanos
gt,Chicavioc
gt,Chicazanga
gt,Chicerá
gt,Chichac
gt,Chiché
gt,Chichicaste
gt,Chichicastenango
gt,Chichihuitán
gt,Chichijá
gt,Chichimecas
gt,Chichimecas
gt,Chichimecos
gt,Chichimecos
gt,Chichimes
gt,Chichimuch
gt,Chichipate
gt,Chichipate
gt,Chicho
gt,Chicholom
gt,Chichoque
gt,Chichoy
gt,Chichulón
gt,Chichupac
gt,Chichuxtín
gt,Chicoc
gt,Chico Cimarrón
gt,Chico Hilario
gt,Chicoji
gt,Chicojil
gt,Chicojl
gt,Chicojom
gt,Chicol
gt,Chicorral
gt,Chicoy
gt,Chicoyoj
gt,Chicuacab
gt,Chicuá
gt,Chicuá Primero
gt,Chicuá Segundo
gt,Chicuxab
gt,Chicuxub
gt,Chidonjuan
gt,Chieljá
gt,Chignautla
gt,Chigonzález
gt,Chiguán
gt,Chiguarabal
gt,Chiguaxté
gt,Chihul
gt,Chijabaj
gt,Chijacinto
gt,Chijocom
gt,Chijocón
gt,Chijolom
gt,Chijoú
gt,Chijtinimit
gt,Chijtzac
gt,Chilar
gt,Chilar
gt,Chilar
gt,Chilascó
gt,Chilatz
gt,Chile Arriba
gt,Chilebé
gt,Chile
gt,Chile
gt,Chile
gt,Chilil
gt,Chilimaton
gt,Chilive
gt,Chillaní
gt,Chillar
gt,Chilzapote
gt,Chimachoy
gt,Chimaltenango
gt,Chimaltenango
gt,Chimanzana
gt,Chimasat
gt,Chimasayul
gt,Chimaxyat
gt,Chimay
gt,Chim
gt,Chimelb
gt,Chimel
gt,Chimenjá
gt,Chimente
gt,Chimixayá
gt,Chimochuc
gt,Chimolón
gt,Chimoté
gt,Chimoxán
gt,Chim Petz
gt,Chimuchuch
gt,Chimul
gt,Chimulhuá
gt,Chimusinique
gt,Chimuy
gt,Chinabenque
gt,Chinacá
gt,Chinajá
gt,China Machaca
gt,Chinamas
gt,Chinantón
gt,Chinaranx
gt,Chinarranx
gt,Chinasayup
gt,Chinasejal
gt,Chinasis
gt,Chinautla
gt,Chinchilá
gt,Chinchilla
gt,Chinchintor
gt,Chinebal
gt,Chinillá
gt,Chinimachavac
gt,Chinimachicaj
gt,Chinimaquim
gt,Chinimaquín
gt,Chinique
gt,Chino Creek
gt,Chinook
gt,Chipacacab
gt,Chipacacajib
gt,Chipacá
gt,Chipacaoxib
gt,Chipacá Primero
gt,Chipacá Segundo
gt,Chipachec
gt,Chipajché
gt,Chipaj
gt,Chipam
gt,Chipap
gt,Chipastor
gt,Chipatá
gt,Chipatán
gt,Chipaxché
gt,Chipiacul
gt,Chipilapa
gt,Chipoc
gt,Chipoclaj
gt,Chipocolaj
gt,Chipuac
gt,Chiqueleu
gt,Chiquero
gt,Chiquex
gt,Chiquibal
gt,Chiquigüital
gt,Chiquihuil
gt,Chiquiliabaj
gt,Chiquimula
gt,Chiquimulilla
gt,Chiquimulilla
gt,Chiquín
gt,Chiquinjuyú
gt,Chiquip
gt,Chiquirá
gt,Chiquirines
gt,Chiquirines Viejo
gt,Chiquistepeque
gt,Chiquival
gt,Chiramay
gt,Chiraxaj
gt,Chireacté
gt,Chirijalimá
gt,Chirijay
gt,Chirijmasá
gt,Chirijox
gt,Chirijquiac
gt,Chirijquiaj
gt,Chirijuyú
gt,Chirinjuyú
gt,Chiriquiac
gt,Chirixitzul
gt,Chirixquitzac
gt,Chirreacté
gt,Chirrenox
gt,Chirreojob
gt,Chirrequim
gt,Chirriquim
gt,Chirrumán
gt,Chirrum
gt,Chisal
gt,Chisantiago
gt,Chiscú
gt,Chisec
gt,Chisiram
gt,Chisis
gt,Chisjá
gt,Chispal
gt,Chispan
gt,Chispán
gt,Chispán Jaral
gt,Chisté
gt,Chisubín
gt,Chitac
gt,Chitá
gt,Chitaj
gt,Chitanil
gt,Chitap
gt,Chitay
gt,Chiticoy
gt,Chitix
gt,Chitixl
gt,Chitocán
gt,Chitoc
gt,Chitó
gt,Chitraj
gt,Chitucán
gt,Chitul
gt,Chitulul
gt,Chitún
gt,Chitutul
gt,Chitux
gt,Chitzoy
gt,Chitzajay
gt,Chiuchituj
gt,Chiúl
gt,Chiul
gt,Chiuleu
gt,Chivac
gt,Chival
gt,Chivarreto
gt,Chivoc
gt,Chivoy
gt,Chixajau
gt,Chixiquín
gt,Chixocol
gt,Chixolot
gt,Chixoy
gt,Chiyax
gt,Chiyó
gt,Chiyó
gt,Choacorral
gt,Choacorral
gt,Choanlá
gt,Choapequez
gt,Choaquec
gt,Choatacaj
gt,Choatalum
gt,Choaxán
gt,Chócal
gt,Chocantel
gt,Chocchoc
gt,Chochal
gt,Chocón
gt,Chocox
gt,Chocoyos
gt,Chocruz
gt,Chojimula
gt,Chojomá
gt,Chojox
gt,Chojzunil
gt,Cholá
gt,Cholhuitz
gt,Cholimá
gt,Chonoxté
gt,Chontalá
gt,Chontal
gt,Choquí
gt,Chororagua
gt,Chortiz
gt,Chotacaj
gt,Chotocoy
gt,Choyomché
gt,Chuabaj
gt,Chuabaj
gt,Chuabajito
gt,Chuabux
gt,Chuachacalté
gt,Chuachinub
gt,Chuachituj
gt,Chuachuacalté
gt,Chuacacay
gt,Chuachún
gt,Chuachunub
gt,Chuacús
gt,Chuacusito
gt,Chuaguerum
gt,Chuajercoc
gt,Chuantonio
gt,Chuanuj
gt,Chuaparal
gt,Chuapec
gt,Chuaquenún
gt,Chuaquenún
gt,Chuaquerún
gt,Chuarrancho
gt,Chuaracanjay
gt,Chuatalum
gt,Chuatroj
gt,Chuatuj
gt,Chuatuj
gt,Chuatzán
gt,Chuatzunuj
gt,Chuaxajil
gt,Chuaxán
gt,Chuaxán
gt,Chuaxán
gt,Chuaxic
gt,Chubillil
gt,Chubixac
gt,Chucá
gt,Chucaj
gt,Chucalibal
gt,Chucam
gt,Chuchexic
gt,Chuchiyá
gt,Chuchuapa
gt,Chuchucá
gt,Chuchucá
gt,Chucojom
gt,Chuctal
gt,Chuctí
gt,Chuestancia
gt,Chuculjuyub
gt,Chugüexácab Segundo
gt,Chucunhueso
gt,Chugüexá
gt,Chugüexá Segundo
gt,Chuiaj
gt,Chuicabal
gt,Chuicacá
gt,Chuicavioc
gt,Chuichimuch
gt,Chuicruz
gt,Chuicubal
gt,Chuijom
gt,Chuijom
gt,Chuijomil
gt,Chuipachec
gt,Chuiquel
gt,Chuiquel
gt,Chuiquistel
gt,Chuirischán
gt,Chuisacabaj
gt,Chuisac
gt,Chuisajcap
gt,Chuisaquesán
gt,Chuisibel
gt,Chuisuc
gt,Chuisuc
gt,Chuitzalic
gt,Chuitziquiná
gt,Chuitzuribal
gt,Chujulimul
gt,Chujupén
gt,Chulac
gt,Chulamar
gt,Chulumalcab
gt,Chulumalcajib
gt,Chulumal
gt,Chulumal Cuarto
gt,Chulumaloxib
gt,Chulumal Primero
gt,Chulumal Segundo
gt,Chulumal Tercero
gt,Chuluncé
gt,Chulunsé
gt,Chumanzana
gt,Chumumús
gt,Chuntuquí
gt,Chuntuy
gt,Chupadero Chuacús
gt,Chupadero
gt,Chupadero
gt,Chupoj
gt,Chupol
gt,Churirín
gt,Churischán
gt,Chusanyab
gt,Chuscaj
gt,Chutiabajal
gt,Chuti Estancia
gt,Chutzorob
gt,Chuvillil
gt,Chuxcaj
gt,Chuxil
gt,Chuy
gt,Chuye
gt,Cidabenque
gt,Ciénaga
gt,Ciénaga
gt,Ciénaga Grande
gt,Ciénaga Grande
gt,Ciénaga Larga
gt,Cienaguilla
gt,Cienaguitas
gt,Cimarrón
gt,Cimarrón
gt,Cimarrón
gt,Cimarrón
gt,Cimarrón
gt,Cimientos Calá
gt,Cinacá
gt,Cinchado
gt,Cinco Palos
gt,Cipreses
gt,Ciracil
gt,Ciracilito
gt,Cirreojob
gt,Ciudad de Guatemala
gt,Ciudad de Los Logos
gt,Ciudad Melchor de Mencos
gt,Ciudad Prócer
gt,Ciudad Tecún Umán
gt,Ciudad Vieja
gt,Climiento
gt,Coatepeque
gt,Coatepeque
gt,Cobán
gt,Cobán
gt,Cocalá
gt,Cocales Chacón
gt,Cocales
gt,Cocamán
gt,Cocinero de Brea
gt,Cocob
gt,Cocó
gt,Cocolá
gt,Cocol
gt,Cocolí
gt,Cofradías
gt,Cohetero
gt,Cojaj
gt,Cojcam
gt,Cojnal
gt,Cojobal
gt,Cojoljuyú
gt,Cojomachoj
gt,Cojonob
gt,Cola de Pava
gt,Cola de Pollo
gt,Colima
gt,Colmenas
gt,Colmenas
gt,Colmito
gt,Colomba
gt,Colón
gt,Colonia Chiquita
gt,Colonia La Florida
gt,Colonia La Providencia
gt,Colonia Montúfar
gt,Colonia Nueva
gt,Colonia Santa Marta
gt,Colorado
gt,Colorado
gt,Colotenango
gt,Colpetén
gt,Comaja
gt,Comalapa
gt,Comantulul
gt,Comapa
gt,Comistún
gt,Comitacillo
gt,Comitancillo
gt,Comitancillo
gt,Comixtum
gt,Comixtún
gt,Común
gt,Comunidad Agraria El Arenal
gt,Comunidad de Ruiz
gt,Comunidad de Zet
gt,Comunidad Las Chapinas
gt,Ciudad Pedro de Alvarado
gt,Comunidad Ruiz
gt,Conacaste
gt,Concepción Carrizal
gt,Comunidad Sololateca
gt,Concepción Chinán
gt,Conacaste
gt,Concepción Chiquirichapa
gt,Concepción
gt,Concepción
gt,Concepción
gt,Concepción
gt,Concepción
gt,Concepción
gt,Concepción
gt,Concepción
gt,Concepción Grande
gt,Concepción Ixtacapa
gt,Concepción La Grande
gt,Concepción La Grande
gt,Concepción Las Lomas
gt,Concepción Las Minas
gt,Concepción Meléndrez
gt,Concepción Nil
gt,Concepción Pinula
gt,Concepción Suacité
gt,Concepción Tutuapa
gt,Conception
gt,Conception Tutuapa
gt,Concomá
gt,Concordia
gt,Concuá
gt,Concuén
gt,Concul
gt,Conculito
gt,Conejo
gt,Conguaco
gt,Contepeque
gt,Contreras
gt,Copalapa
gt,Copante
gt,Copante
gt,Cor
gt,Cordoncillo
gt,Corinto Chiquito
gt,Corinto Zacualpa
gt,Coronado
gt,Corozal
gt,Corozal
gt,Corozo
gt,Corozo
gt,Corralcay
gt,Corral
gt,Corral de Piedra
gt,Corral Falso
gt,Corral Grande
gt,Corralitos
gt,Cotón
gt,Cotzol
gt,Coxom
gt,Coxom Segundo
gt,Coyá
gt,Coyocté
gt,Coyol Dulce
gt,Coyoles
gt,Coyol Seco
gt,Coyote
gt,Coyotera
gt,Coyotera
gt,Coyotes
gt,Creek Madera
gt,Creek Pato
gt,Crinolina
gt,Crique Blanco
gt,Crique Cálix
gt,Crique Cástulo
gt,Crique Chino
gt,Crique Pablo
gt,Crique Sarstún
gt,Cristina
gt,Cristo
gt,Cristo Rey
gt,Cristo Rey
gt,Crucecitas
gt,Cruce
gt,Cruce de Camantulul
gt,Cruce de Virginia
gt,Cruce Riachuelo Las Ánimas
gt,Cruces
gt,Cruces de Chinchilla
gt,Crucitas
gt,Crusincoy
gt,Cruz Alta
gt,Cruz Blanca
gt,Cruz Calle
gt,Cruz Che
gt,Cruzchén
gt,Cruz Chich
gt,Cruz
gt,Cruz de Ajpop
gt,Cruz de Charmá
gt,Cruz del Pino
gt,Cruz del Valle
gt,Cruz de Ocote
gt,Cruz de Piedra
gt,Cruz de Piedra
gt,Cruz de Piedra
gt,Cruz de Pino
gt,Cruz de Santiago
gt,Cruz de Villeda
gt,Cuá
gt,Cuá
gt,Cuajilote
gt,Cuajiniquilapa
gt,Cualotales
gt,Cuatro Cayos
gt,Cuatro Ranchos
gt,Cubejá
gt,Cubes
gt,Cubiletes
gt,Cubo
gt,Cubulco
gt,Cucabaj
gt,Cucajol
gt,Cucajolito
gt,Cuchilla
gt,Cuchilla del Jicaral
gt,Cuchumatan
gt,Cuchuyá
gt,Cu
gt,Cucuná
gt,Cucurjá Segundo
gt,Cuernavaca
gt,Cuesta de García
gt,Cuesta del Guayabo
gt,Cuesta del Horno
gt,Cuesta del Paxte
gt,Cuesta El Pito
gt,Cuesta San Antonio
gt,Cuetero
gt,Cueva
gt,Cuevecitas
gt,Cuevita
gt,Cuevitas
gt,Cuilapa
gt,Cuilco
gt,Cuje
gt,Cuje
gt,Cuje
gt,Culebrero
gt,Culima
gt,Cullil
gt,Culumbal
gt,Cumbre Alta
gt,Cumbre
gt,Cumbre
gt,Cumbre
gt,Cumbre del Carpintero
gt,Cumbre de Talquezal
gt,Cumbre de Tuilacán
gt,Cumbre La Florida
gt,Cumbre Piedra de Amolar
gt,Cumbre San Nicolás
gt,Cumlaj
gt,Cumtaj
gt,Cunén
gt,Cunlaj
gt,Cunlás
gt,Cureñas
gt,Curruche
gt,Curub
gt,Cushapa Abajo
gt,Cushapa Arriba
gt,Cushapa
gt,Cutzán
gt,Cuxapa
gt,Cuxilacán
gt,Cuxpemech
gt,Cuyotenango
gt,Damián
gt,Danta
gt,Darmouth
gt,Dartmouth
gt,Deidad
gt,Delícias
gt,Delicias
gt,Delicias
gt,Delicias
gt,Delicias del Jobo
gt,De Lunas
gt,Democracia
gt,Despoblado
gt,Divisadero
gt,Dolores
gt,Dolores
gt,Dolores
gt,Dolores
gt,Dolores
gt,Dolores
gt,Doña María
gt,Don Diego
gt,Don Gregorio
gt,Don Juan
gt,Don Justo
gt,Dorador
gt,Dos Lagunas
gt,Don Tomás
gt,Dos Quebrada
gt,Dos Quebradas
gt,Dueñas
gt,Dulce Nombre
gt,Duraznal
gt,Duraznito
gt,Durazno
gt,Eje Quemado
gt,Durazno
gt,El Aceitillal
gt,El Achiotal
gt,El Achiote
gt,El Acintal
gt,El Adelanto
gt,El Adelanto
gt,El Aguacatal
gt,El Aguacate
gt,El Aguacate
gt,El Aguacate
gt,El Aguacate
gt,El Aguacate
gt,El Aguacate
gt,El Aguacate
gt,El Aguacate
gt,El Aguacate
gt,El Aguacate
gt,El Aguacate
gt,El Aguacate
gt,El Aguacate
gt,El Aguaje
gt,El Agüero
gt,El Ahorcado
gt,El Ahumado
gt,El Alcarabán
gt,El Almendro
gt,El Almendro
gt,El Alto
gt,El Amatal
gt,El Amate Blanco
gt,El Amate
gt,El Amate
gt,El Amatillo
gt,El Amatillo
gt,El Amatillo
gt,El Amatillo
gt,El Amatillo
gt,El Amatillo
gt,El Amatillo
gt,El Amparo
gt,El Anono
gt,El Apazote
gt,El Apersogadero
gt,El Arco
gt,El Arenal
gt,El Arenal
gt,El Arenal
gt,El Arenal
gt,El Arenal
gt,El Arenal
gt,El Arroyo
gt,El Arrozal
gt,El Asintal
gt,El Astillero
gt,El Astillero
gt,El Astillero
gt,El Astillero
gt,El Astillero
gt,El Astillero Público
gt,El Azufre
gt,El Bailadero
gt,El Bajío
gt,El Banco
gt,El Barbasco
gt,El Barrancón
gt,El Barranquillo
gt,El Barrial
gt,El Barrial
gt,El Barrial
gt,El Barro
gt,El Baúl
gt,El Bebedero
gt,El Bebedero
gt,El Bebedero
gt,El Bejucal
gt,El Bijagual
gt,El Bijagual
gt,El Bojonal
gt,El Bojonal
gt,El Bonete
gt,El Boquerón
gt,El Boquerón
gt,El Bran
gt,El Brasilar
gt,El Cacahuito
gt,El Cacao
gt,El Cacao
gt,El Cacao
gt,El Cacao Viejo
gt,El Caco
gt,El Cajón
gt,El Cajón
gt,El Callejón
gt,El Calvario
gt,El Calvario
gt,El Calvario
gt,El Camalote
gt,El Camalote
gt,El Camán
gt,El Camarón
gt,El Camotal
gt,El Camote
gt,El Campamento
gt,El Campo
gt,El Canastal
gt,El Candelero
gt,El Cangrejito
gt,El Cangrejito
gt,El Capucalito
gt,El Capulín
gt,El Capulín
gt,El Capulín
gt,El Caracol
gt,El Caracol
gt,El Caracol
gt,El Caramo
gt,El Caribe
gt,El Carmen Chitatul
gt,El Carmen
gt,El Carmen
gt,El Carmen
gt,El Carmen
gt,El Carmen
gt,El Carmen
gt,El Carmen
gt,El Carpintero
gt,El Carrizal
gt,El Carrizal
gt,El Carrizal
gt,El Carrizal
gt,El Carrizal
gt,El Carrizal
gt,El Carrizal
gt,El Carrizal
gt,El Carrizo
gt,El Carrizo
gt,El Carrizo
gt,El Carrizo
gt,El Castaño
gt,El Castaño
gt,El Castaño
gt,El Caulote
gt,El Caulote
gt,El Caulote
gt,El Caulote
gt,El Cebollito
gt,El Cedral
gt,El Cedro
gt,El Cedro
gt,El Cedro
gt,El Cedro
gt,El Cedro
gt,El Cedro
gt,El Cedro
gt,El Ceibal
gt,El Ceibillo
gt,El Ceibo
gt,El Cementerio
gt,El Cerrito
gt,El Cerro
gt,El Cerrón
gt,El Cerrón
gt,El Chagüite
gt,El Chagüite
gt,El Chagüite
gt,El Chagüite
gt,El Chagüite
gt,El Chahurte
gt,El Chal
gt,El Chaparro
gt,El Chaparrón
gt,El Chapayal
gt,El Chaperno
gt,El Chapín
gt,El Chato
gt,El Chical
gt,El Chico
gt,El Chico
gt,El Chilar
gt,El Chilar
gt,El Chilcal
gt,El Chile
gt,El Chile
gt,El Chile
gt,El Chile
gt,El Chile
gt,El Chiltepe
gt,El Chiltote
gt,El Chipal
gt,El Chipilinar
gt,El Chipilinar
gt,El Chispal
gt,El Chol
gt,El Chontel
gt,El Chorro
gt,El Chorro
gt,El Chorro
gt,El Chucte
gt,El Chucte
gt,El Chupadero
gt,El Chupadero
gt,El Chupte
gt,El Cielo
gt,El Cimarrón
gt,El Cimarrón
gt,El Cimiento
gt,El Cinchado
gt,El Cintular
gt,El Cipresal
gt,El Ciprés
gt,El Ciprés
gt,El Ciprés Segundo
gt,El Ciruelillo
gt,El Ciruelillo
gt,El Cobán
gt,El Cóbano
gt,El Cóbano
gt,El Coco
gt,El Coco
gt,El Cofradías
gt,El Cogat
gt,El Cohetero
gt,El Cojobal
gt,El Colegio
gt,El Colmenar
gt,El Colocho
gt,El Colorado
gt,El Colorado
gt,El Colorado
gt,El Común
gt,El Conacaste
gt,El Conacaste
gt,El Conacaste
gt,El Conacaste
gt,El Conacaste
gt,El Conacastón
gt,El Conejo
gt,El Copado
gt,El Copante
gt,El Copén
gt,El Corchal
gt,El Corozal
gt,El Corral Grande
gt,El Coyol
gt,El Coyolito
gt,El Coyote
gt,El Coyotillo
gt,El Cristo
gt,El Cruce
gt,El Crucero
gt,El Crucero
gt,El Cuajilote
gt,El Cubo
gt,El Cucajol
gt,El Cuervo
gt,El Cuje
gt,El Cuje
gt,El Cuje
gt,El Cuje
gt,El Cujito
gt,El Cujito
gt,El Cujto
gt,El Currito
gt,El Curro
gt,El Desengaño
gt,El Divisadero
gt,El Divisadero
gt,El Dormido
gt,El Dulce Nombre
gt,El Duraznito
gt,El Durazno
gt,El Durazno
gt,El Durazno
gt,El Durazno
gt,El Edén
gt,El Embarcadero
gt,El Empalme
gt,El Encinal
gt,El Encinal
gt,El Encuentro de Navajas
gt,El Escobarzal
gt,El Escondido
gt,El Escudero
gt,El Espinal
gt,El Espíritu Santo
gt,El Estoraque
gt,El Estoraque
gt,El Estor
gt,El Estucal
gt,El Filo
gt,El Fiscal
gt,El Flor
gt,El Flor
gt,El Florido
gt,El Florido
gt,El Fortín
gt,El Franco
gt,El Frutal
gt,El Frutillo
gt,El Gallinero
gt,El Garitón
gt,El Garrobo
gt,El Gigante
gt,El Gigante
gt,El Granadillón
gt,El Grillo
gt,El Guachipilín
gt,El Guachipilín
gt,El Guacut
gt,El Guajilote
gt,El Guamil
gt,El Guapinol
gt,El Guapinol
gt,El Guapinol
gt,El Guayabito
gt,El Guayabo
gt,El Guayabo
gt,El Guayabo
gt,El Guayabo
gt,El Guineo
gt,El Hatillo
gt,El Hatillo
gt,El Hato
gt,El Hato
gt,El Higuerito
gt,El Hormiguero
gt,El Hornito
gt,El Horno
gt,El Hular
gt,El Hule
gt,El Imperio
gt,El Incienso
gt,El Ingeniero
gt,El Ingenio
gt,El Irayol
gt,El Irayol
gt,El Izote
gt,El Jabillal
gt,El Jabillo
gt,El Jagüey
gt,El Jagüey
gt,El Jardín
gt,El Jicaral
gt,El Jicaral
gt,El Jícaro
gt,El Jícaro
gt,El Jícaro
gt,El Jícaro
gt,El Jícaro Grande
gt,El Jobito
gt,El Jobito
gt,El Jobo
gt,El Jobo
gt,El Jobo
gt,El Jocotal
gt,El Jocote
gt,El Jocote
gt,El Jocote
gt,El Jocote
gt,El Jocotillo
gt,El Jocotillo
gt,El Jocotillo
gt,El Juez
gt,El Juleque
gt,El Junquillo
gt,El Junquillo
gt,El Junquillo
gt,El Jute
gt,El Jute
gt,El Jute
gt,El Jute
gt,El Jute
gt,El Jute
gt,El Jute
gt,El Jutillo
gt,El Laberinto
gt,El Lancetillal
gt,El Lano
gt,El Limar
gt,El Limo
gt,El Limonal
gt,El Limonar
gt,El Limoncillo
gt,El Limón
gt,El Limón
gt,El Limón
gt,El Limón
gt,El Limón
gt,El Limón
gt,El Limón
gt,El Llano
gt,El Llano
gt,El Llano
gt,El Llano
gt,El Llano
gt,El Llano Grande
gt,El Llanón
gt,El Lobo
gt,El Maestrillo
gt,El Magueyal
gt,El Maguey
gt,El Maguey
gt,El Mal Paso
gt,El Mameyal
gt,El Manacal
gt,El Manatial
gt,El Manchón
gt,El Maneadero
gt,El Mangal
gt,El Mango
gt,El Manguito
gt,El Manguito
gt,El Manguito
gt,El Manzanillo
gt,El Manzanillo
gt,El Manzanillo
gt,El Manzanillo
gt,El Manzano
gt,El Manzano
gt,El Manzanotal
gt,El Manzanote
gt,El Marial
gt,El Marío
gt,El Matasano
gt,El Matasano
gt,El Matasano
gt,El Matasano
gt,El Matazano
gt,El Matilisguate
gt,El Matilisguate
gt,El Matilisguate Segundo
gt,El Matochal
gt,El Matocho
gt,El Melonar
gt,El Meneadero
gt,El Mezcal
gt,El Milagro
gt,El Milagro
gt,El Moján
gt,El Mojón
gt,El Mojón
gt,El Mojón
gt,El Molino
gt,El Molino
gt,El Mora
gt,El Moral
gt,El Morlón
gt,El Morral
gt,El Morral
gt,El Morrito
gt,El Morrito
gt,El Morro
gt,El Morro
gt,El Mosquito
gt,El Murul
gt,El Nance
gt,El Nanzal
gt,El Nanzal
gt,El Naranjillal
gt,El Naranjo
gt,El Naranjo
gt,El Naranjo
gt,El Naranjo
gt,El Naranjo
gt,El Naranjo
gt,El Naranjo
gt,El Naranjo
gt,El Naranjo
gt,El Níspero
gt,El Norte
gt,El Novillero
gt,El Nuevo
gt,El Obero
gt,El Obraje
gt,El Obraje
gt,El Obraje
gt,El Obraje
gt,El Obrajito
gt,El Obrajuelo
gt,El Ojo de Agua de Tía María
gt,El Ojo de Agua
gt,El Olivido
gt,El Olvido
gt,El Olvido
gt,El Oratorio
gt,El Oratorio
gt,El Orégano
gt,El Orégano
gt,El Otro Lado
gt,El Ovejero
gt,El Oxaqueño
gt,El Pacayal
gt,El Pacay
gt,El Pajalito
gt,El Pajarito
gt,El Pajonal
gt,El Pajón
gt,El Palacio
gt,El Palmar Dos
gt,El Palmar
gt,El Palmar
gt,El Palmar
gt,El Palmar
gt,El Palmar
gt,El Palmar
gt,El Palmar
gt,El Palmar
gt,El Panal
gt,El Panal
gt,El Panorama
gt,El Pañuelo
gt,El Papaturro
gt,El Papayal
gt,El Papayo
gt,El Paradero
gt,El Paraíso
gt,El Paraíso
gt,El Paraíso
gt,El Paraíso
gt,El Paraíso
gt,El Paraíso
gt,El Paraíso
gt,El Paraíso
gt,El Paraíso
gt,El Paredón Buena Vista
gt,El Paredón
gt,El Paredón
gt,El Parnaso
gt,El Paso de los Jalapas
gt,El Paternito
gt,El Patio
gt,El Pato
gt,El Patrocinio
gt,El Paujil
gt,El Paval
gt,El Paxte
gt,El Paxte
gt,El Pedernal
gt,El Pedregal
gt,El Pedrero
gt,El Peñasco
gt,El Peñasco
gt,El Peñoncito
gt,El Pepinal
gt,El Perdido
gt,El Pericón
gt,El Pericón
gt,El Pericón
gt,El Perulero
gt,El Pescador
gt,El Pilar
gt,El Pilar
gt,El Pillar
gt,El Pilón
gt,El Pinal
gt,El Piñal
gt,El Pinal
gt,El Pinal
gt,El Pinal
gt,El Pinalito
gt,El Pinalito
gt,El Pinalito
gt,El Pinalón
gt,El Pinito
gt,El Pino de Santa Cruz
gt,El Pino
gt,El Pino
gt,El Pino
gt,El Piñonal
gt,El Pital
gt,El Pito
gt,El Pizote
gt,El Plan
gt,El Planeta
gt,El Plan Grande
gt,El Plantón
gt,El Plantón
gt,El Platanar
gt,El Platanar
gt,El Platanar
gt,El Platanillo
gt,El Platanillo
gt,El Playón
gt,El Playón
gt,El Pomal
gt,El Pomo
gt,El Portezuelo
gt,El Portezuelo
gt,El Porvenir
gt,El Porvenir
gt,El Porvenir
gt,El Porvenir
gt,El Porvenir
gt,El Porvenir
gt,El Porvenir
gt,El Potrero
gt,El Potrero
gt,El Poxte
gt,El Poxté
gt,El Pozo
gt,El Prado
gt,El Pretil
gt,El Progreso
gt,El Progreso
gt,El Progreso
gt,El Progreso
gt,El Progreso
gt,El Progreso
gt,El Progreso
gt,El Pueblito
gt,El Puente Barranquillo
gt,El Puente
gt,El Puente
gt,El Puente
gt,El Puente
gt,El Pumpo
gt,El Quebracho
gt,El Quemado
gt,El Quequesillo
gt,El Quequexcal
gt,El Quequexque
gt,El Quequexquillo
gt,El Quetzal
gt,El Quetzal
gt,El Quinel
gt,El Quinto
gt,El Rabón
gt,El Rancho
gt,El Rancho
gt,El Rancho
gt,El Rancho
gt,El Rancho
gt,El Rancho
gt,El Ranchón
gt,El Rebalse
gt,El Recreo
gt,El Recuerdo
gt,El Recuerdo
gt,El Recuerdo
gt,El Refugio
gt,El Refugio
gt,El Refugio
gt,El Regadío
gt,El Reguero
gt,El Rejeguero
gt,El Relicario
gt,El Relleno
gt,El Remate
gt,El Remolino
gt,El Remudadero
gt,El Reparo
gt,El Resbalón
gt,El Resgate
gt,El Resumidero
gt,El Retiro
gt,El Retiro
gt,El Retiro
gt,El Retiro
gt,El Retozadero
gt,El Reventón
gt,El Rico
gt,El Rinconcito
gt,El Rinconcito
gt,El Rinconcito
gt,El Rincón
gt,El Rincón
gt,El Rincón
gt,El Rincón
gt,El Rincón
gt,El Roblarcito
gt,El Roblar
gt,El Roblar
gt,El Roblarón
gt,El Roble
gt,El Roble
gt,El Rodeíto
gt,El Rodeíto
gt,El Rodeo
gt,El Rodeo
gt,El Rodeo
gt,El Rodeo
gt,El Rodeo
gt,El Rodeo
gt,El Rodeo
gt,El Rodeo
gt,El Rodeo
gt,El Rodeo
gt,El Rodeo
gt,El Ronronal
gt,El Rosario
gt,El Rosario
gt,El Rosario
gt,El Rosario
gt,El Rosario
gt,El Rosario
gt,El Rosario
gt,El Rosario
gt,El Rosario
gt,El Rosario La Muerte
gt,El Sacabastal
gt,El Sacamil
gt,El Salamar
gt,El Salamo
gt,El Salitre
gt,El Salitre
gt,El Salitre
gt,El Salitre
gt,El Salitre
gt,El Salitrillo
gt,El Salto del Arenal
gt,El Salvador
gt,El Salvaje
gt,El Santo
gt,El Saral
gt,El Saral
gt,El Sarón
gt,El Sauce
gt,El Sauce
gt,El Sauce
gt,El Sauce
gt,El Semillero Barra Nahualate
gt,El Sesteadero
gt,El Silencio
gt,El Sillón Abajo
gt,El Sillón
gt,El Sillón
gt,El Sinaca
gt,El Sitán
gt,El Sitio
gt,El Sitio
gt,El Sitio
gt,El Sitio
gt,El Sitio
gt,El Soch
gt,El Socorro
gt,El Socorro
gt,El Socorro
gt,El Sombrerito
gt,El Sombrerito
gt,El Sordo
gt,El Soyate
gt,El Subinal
gt,El Subín
gt,El Suj
gt,El Sunzal
gt,El Sunzo
gt,El Sunzo
gt,El Suquinay
gt,El Suspiro
gt,El Suyate
gt,El Tabacal
gt,El Tabacal
gt,El Tabacal
gt,El Tabloncito
gt,El Tabloncito
gt,El Tabloncito
gt,El Tabloncito
gt,El Tablón
gt,El Tablón
gt,El Tablón
gt,El Tablón
gt,El Tablón
gt,El Tablón
gt,El Tablón
gt,El Tablón
gt,El Talpetatillo
gt,El Talquezal
gt,El Tamarindo
gt,El Tamarindo
gt,El Tambor
gt,El Tanque
gt,El Tanque
gt,El Tanque
gt,El Tecojate
gt,El Tecolote
gt,El Tecomatillo
gt,El Tejar
gt,El Tempisque
gt,El Tempisque
gt,El Teocinte
gt,El Terrerito
gt,El Terrero
gt,El Terrero
gt,El Terrero
gt,El Terrero
gt,El Terrero
gt,El Terrero
gt,El Tesora
gt,El Tesoro
gt,El Tesoro
gt,El Tiesto
gt,El Tintón
gt,El Tintón Sur
gt,El Tizate
gt,El Tizate
gt,El Tobón
gt,El Tobón
gt,El Tocino
gt,El Torito
gt,El Toro
gt,El Toro
gt,El Tránsito
gt,El Trapiche
gt,El Trapiche
gt,El Trapichillo
gt,El Trapichito
gt,El Trapichito
gt,El Trapichito
gt,El Trapichito
gt,El Triunfo
gt,El Triunfo
gt,El Triunfo
gt,El Triunfo
gt,El Triunfo
gt,El Troje
gt,El Trumbador
gt,El Tular
gt,El Tulate
gt,El Tule
gt,El Tumbador
gt,El Uruguay
gt,El Valle Abajo
gt,El Valle
gt,El Varal
gt,El Volcán
gt,El Voltario
gt,El Xab
gt,El Xex
gt,El Yex
gt,El Zapotal
gt,El Zapotal
gt,El Zapote
gt,El Zapote
gt,El Zapote
gt,El Zapote
gt,El Zapote
gt,El Zapote
gt,El Zapote
gt,El Zapote
gt,El Zapote
gt,El Zapote
gt,El Zapote
gt,El Zapote
gt,El Zapote
gt,El Zapote
gt,El Zapotillo
gt,El Zaral
gt,El Zarco
gt,El Zarzal
gt,El Zarzal
gt,El Zarzal
gt,El Zarzal
gt,El Zarzalito
gt,El Zope
gt,El Zope
gt,El Zunco
gt,El Zunzo
gt,Embaulada
gt,Encarnación
gt,Encinal
gt,Encinitos
gt,Encino
gt,Encino Gacho
gt,Encuentro Cucajol
gt,Encuentro de Guaraquiché
gt,Encuentro de Navajas
gt,Encuentros Abajo
gt,Encuentros de La Barranca
gt,Encuentros
gt,Encuentros
gt,Encuentros
gt,Encuentros
gt,Encuentros
gt,Encumbrada
gt,Entre Ríos
gt,Entre Ríos
gt,Epinos
gt,Ermita
gt,Escaleras
gt,Escalón
gt,Escarbaderos
gt,Eschimal
gt,Esclavos
gt,Escobas
gt,Escobas
gt,Escobillal
gt,Escobitas
gt,Escuelero
gt,Escuinapa
gt,Escuintla
gt,Éskimo
gt,Esmeralda
gt,Esperanza
gt,Esperanza
gt,Esperanza
gt,Espinal
gt,Espinos
gt,Esquinapa
gt,Esquintla
gt,Esquipulas
gt,Esquipulas
gt,Esquipulas
gt,Esquipulas Nicá
gt,Esquipulas Palo Gordo
gt,Estación Anguiatú
gt,Estación Jalapa
gt,Estación Mita
gt,Estación Papalhuapa
gt,Estancia de García
gt,Estancia de La Virgen
gt,Estancia de La Virgen
gt,Estancia de La Virgen
gt,Estancia-de-Luciana-Cruz
gt,Estancia de San Martín
gt,Estancia
gt,Estancia Grande
gt,Estancia Grande
gt,Estancia La Virgen
gt,Estancia San Martín
gt,Estancia Vieja
gt,Estancia Vieja
gt,Estancia Vieja
gt,Estancuela
gt,Estanzuela Abajo
gt,Estanzuela Arriba
gt,Estanzuela
gt,Estanzuela
gt,Estanzuela
gt,Estanzuela
gt,Estanzuela
gt,Estanzuelas
gt,Estanzuelas
gt,Estero Lagarto
gt,Estoraque
gt,Excomuchá
gt,Fallabón
gt,Feria
gt,Filincas
gt,Filo del Mecate
gt,Filo
gt,Finca Agricola
gt,Finca Agua Fría
gt,Finca Buena Vista
gt,Finca Camantulul
gt,Finca Cocales
gt,Finca Cruz de Piedra
gt,Finca El Aguacate
gt,Finca El Amatillo
gt,Finca El Baúl
gt,Finca El Cacahuito
gt,Finca El Colegio
gt,Finca El Escondido
gt,Finca El Flor
gt,Finca El Flor
gt,Finca El Jobo
gt,Finca El Miradero
gt,Finca El Naranjo
gt,Finca El Panorama Occidental
gt,Finca El Paraíso
gt,Finca El Parnaso
gt,Finca El Porvenir
gt,Finca El Quebracho
gt,Finca El Refugio
gt,Finca El Regadío
gt,Finca El Rosario
gt,Finca El Rosario Tininhuitz
gt,Finca El Sunzal
gt,Finca El Tiesto
gt,Finca El Toro
gt,Finca El Trapichito
gt,Finca El Zapote
gt,Finca Jobomó
gt,Finca Jocoló
gt,Finca La Chácara
gt,Finca La Chapina
gt,Finca La Cortina
gt,Finca La Cruz
gt,Finca La Danta
gt,Finca La Esperanza
gt,Finca La Laguna
gt,Finca La Máquina
gt,Finca La Morenita
gt,Finca La Nueva Esperanza
gt,Finca La Pitahaya
gt,Finca La Providencia
gt,Finca Las Cruces
gt,Finca Las Delicias
gt,Finca Las Mercedes
gt,Finca Las Mesitas
gt,Finca Las Minas
gt,Finca Las Nubes
gt,Finca Las Pitas
gt,Finca Las Victorias
gt,Finca La Unión
gt,Finca Los Ángeles
gt,Finca Los Cerritos
gt,Finca Los Cipreses
gt,Finca Los Encuentros
gt,Finca Los Leones
gt,Finca Los Magueyes
gt,Finca Los Talpetates
gt,Finca Miralvalle
gt,Finca Montaña Larga
gt,Finca Nacimiento Río Blanco
gt,Finca Nimá
gt,Finca Nimayá
gt,Finca Panorama Occidental
gt,Finca Peña Plata
gt,Finca Quebrada Honda
gt,Finca Río Frío
gt,Finca Sabanetas
gt,Finca San Antonio
gt,Finca San Antonio Panimaquín
gt,Finca San Carlos
gt,Finca San Francisco Miramar
gt,Finca Sangre de Cristo
gt,Finca San Juan Patzulín
gt,Finca San Lorencito Ricci
gt,Finca San Miguel
gt,Finca San Pedro La Reforma
gt,Finca San Rafael
gt,Finca San Rafael La Vega
gt,Finca Santa Lucía
gt,Finca Santiago Agrícola
gt,Finca Saquixquib
gt,Finca Semococh
gt,Finca Varejones
gt,Fiscal
gt,Flores Costa Cuca
gt,Flores
gt,Flores
gt,Flores
gt,Flores
gt,Flores Petén
gt,Flor
gt,Florida
gt,Florida
gt,Florido
gt,Florido
gt,Floripundio
gt,Fortuna
gt,Fraijanes
gt,Franceses
gt,Francisco Vela
gt,Francisco Vela
gt,Franco
gt,Frontera
gt,Frontera
gt,Fronteras
gt,Frutal
gt,Fuentes de la Montaña
gt,Gallegos
gt,Gálvez
gt,Gancho de Fierro
gt,Garay
gt,Garay Viejo
gt,García
gt,Garibaldi
gt,Garibaldi
gt,Garita Chapina
gt,Gato Salvaje
gt,Gavia Grande
gt,Génova
gt,Girones
gt,Godínez
gt,Golito
gt,González
gt,Gracias a Dios
gt,Gracias a Dios
gt,Gracias
gt,Granada
gt,Granada
gt,Granada
gt,Granadillas
gt,Granadillo
gt,Granados
gt,Granados
gt,Granados
gt,Gran Cañón
gt,Granja San Miguel
gt,Guacamaya
gt,Guacamaya
gt,Guacamaya
gt,Guacamayas
gt,Guacamayas
gt,Guacamayas
gt,Guacamayas
gt,Guacamayo
gt,Guacamayo
gt,Guacamayo
gt,Guacamayos
gt,Guachibal
gt,Guachipilín
gt,Guachipilín
gt,Guachipilín
gt,Guadalupe
gt,Guadalupe
gt,Guadalupe
gt,Guaisná
gt,Guajilote
gt,Guala
gt,Gualán
gt,Gualibaj
gt,Gualtux
gt,Guamil
gt,Guanagazapa
gt,Guantajau
gt,Guapinol
gt,Guapinol
gt,Guapinol
gt,Guapinol
gt,Guapinol
gt,Guaranjá
gt,Guaraquiché
gt,Guarauja
gt,Guareruche
gt,Guaritas
gt,Guasintepeque
gt,Guastatoya
gt,Guatalón
gt,Guatemala City
gt,Guatemala
gt,Guatemala la Nueva
gt,Guativil Chiquito
gt,Guayabal
gt,Guayabal
gt,Guayabillas
gt,Guayabillas
gt,Guayabitas
gt,Guayabo
gt,Guayabo
gt,Guayabquej
gt,Guayasco
gt,Guaynep
gt,Guaytán
gt,Guazacapán
gt,Guerreros
gt,Guevara
gt,Guineales
gt,Guineal
gt,Guineal
gt,Guior
gt,Güisiltepeque
gt,Guisltepec
gt,Guitarra
gt,Guonabaj
gt,Gusfatoya
gt,Hacienda Agrícola
gt,Hacienda Candelaria
gt,Hacienda del Santo
gt,Hacienda de Santiago
gt,Hacienda El Cerrito
gt,Hacienda El Chile
gt,Hacienda El Platanar
gt,Hacienda El Ranchón
gt,Hacienda El Sitio
gt,Hacienda Ijá
gt,Hacienda Julaín
gt,Hacienda Jupilingo
gt,Hacienda La Blanca
gt,Hacienda Los Chiquirines
gt,Hacienda Los Talpetates
gt,Hacienda María
gt,Hacienda Montecristo
gt,Hacienda Sajalal
gt,Hacienda San Joaquín
gt,Hacienda San Juan La Isla
gt,Hacienda San Ramon Las Nubes
gt,Hacienda Vado Hondo
gt,Hacienda Vieja
gt,Hacienda Vieja
gt,Hacienda Vieja
gt,Hacienda Vieja
gt,Hato Viejo
gt,Hawaii
gt,Hierba Buena
gt,Hierbabuena
gt,Higuerito
gt,Hoja Blanca
gt,Hojas Blancas
gt,Honduras
gt,Hondurita
gt,Hopi
gt,Horcones
gt,Horcones
gt,Horepón
gt,Hormigas
gt,Hormiguero
gt,Horno de Cal
gt,Horno de Vides
gt,Horquetas
gt,Huacal Majada
gt,Huapac
gt,Huatzmatil
gt,Huehuetenango
gt,Huertas
gt,Huicá
gt,Huijó
gt,Huitán
gt,Huité
gt,Huito
gt,Huitzil
gt,Huitzitzil
gt,Huixoc
gt,Iberia
gt,Icalá
gt,Ical
gt,Ichomchaj
gt,Iguana
gt,Ijá
gt,Ijorga
gt,Ikanrio
gt,Ilom
gt,Inchuex
gt,Incienso
gt,Incienso
gt,Ingenio de Ayarza
gt,Ingenio de Guaraquiche
gt,Ingenio Guaraquiché
gt,Ingenio
gt,Injerto
gt,Inupal
gt,Ipala
gt,Isabelita
gt,Islán
gt,Islán
gt,Islote
gt,Islotes
gt,Isnanconob
gt,Isnul
gt,Istaguacán
gt,Istapa
gt,Italia
gt,Itzal
gt,Itzapa
gt,Ixanrio
gt,Ixbobó Enmedio
gt,Ixbobó
gt,Ixcacao
gt,Ixcamiche
gt,Ixcanal
gt,Ixcananté
gt,Ixcanhrio
gt,Ixcanrío
gt,Ixcantio
gt,Ixcayán
gt,Ixchel
gt,Ixchiguán
gt,Ixcoxol
gt,Ixhuatán
gt,Ixhuitz
gt,Ixlahuitz
gt,Ixlú
gt,Ixmulcá
gt,Ixmul
gt,Ixobel
gt,Ixpaco
gt,Ixpajau
gt,Ixpaltzaj
gt,Ixpetén
gt,Ixpop
gt,Ixquiac
gt,Ixquihuila
gt,Ixtacapa
gt,Ixtahuacán
gt,Ixtájel
gt,Ixtán
gt,Ixtenam
gt,Ixtenán
gt,Ixtiapoc
gt,Ixtinajab
gt,Ixtoc
gt,Ixtupil
gt,Ixyuc
gt,Izabal
gt,Iztapa
gt,Iztapa Puerto
gt,Jacaltenango
gt,Jacoló
gt,Jacolol
gt,Jagua
gt,Jaibalito
gt,Jajagüilo
gt,Jalapa
gt,Jalisco
gt,Jalpatagua
gt,Jampú
gt,Janlay
gt,Jazmines
gt,Jazmines
gt,Jerez
gt,Jerez
gt,Jerónimo
gt,Jesús
gt,Jesús La Bomba
gt,Jesús María
gt,Jesús y María
gt,Jicamapa
gt,Jicaral
gt,Jicaral
gt,Jícaro Cubiletes
gt,Jícaro
gt,Jícaro
gt,Jícaro
gt,Jícaro
gt,Jícaro Peinado
gt,Jigua
gt,Jilotepeque
gt,Jilotepeque
gt,Jiquilite
gt,Jobomó
gt,Jobompiche
gt,Jobompich
gt,Jobonché
gt,Jobonpich
gt,Jocoló
gt,Jocolón
gt,Jocotales
gt,Jocotales
gt,Jocotal
gt,Jocotal
gt,Jocotán
gt,Jocote Dulce
gt,Jocote Dulce
gt,Jocote
gt,Jocote
gt,Jocotenango
gt,Jocotes
gt,Jocotillo
gt,Jocotillo
gt,Jocotillo
gt,Jocotillo
gt,Jocotón
gt,John Lloyd Stephens
gt,Jolobob
gt,Jolomcot
gt,Jolomcú
gt,Jolomhuitz
gt,Jolomquisis
gt,Jolomtaj
gt,Jolomtenam
gt,Jones
gt,Jovel
gt,Joventé Abajo
gt,Joventé Arriba
gt,Joventé
gt,Joyabaj
gt,Joya de Los Cedros
gt,Joya de los Terneros
gt,Joya del Ternero
gt,Joya Galana
gt,Joya Grande
gt,Joya Grande
gt,Joya Grande
gt,Joya Grande
gt,Joya Grande
gt,Joya Honda
gt,Joya Honda
gt,Joya
gt,Joya
gt,Joya Larga
gt,Joya Las Tablas
gt,Joya López
gt,Joya San Nicolás
gt,Joyas de San Nicolás
gt,Joyas
gt,Joyas Verdes
gt,Joyitas
gt,Joyomac
gt,Juá
gt,Juana de Arco
gt,Juan Cano
gt,Juan de Paz
gt,Juan Ponce
gt,Juárez
gt,Jubuguito
gt,Jubuquito
gt,Jucanyá
gt,Jucayná
gt,Juchaneb
gt,Juchanep
gt,Jucub
gt,Jucup
gt,Juil
gt,Juliapa
gt,Juliboj
gt,Juliboy
gt,Julumichapa
gt,Jumaitepeque
gt,Jumaj
gt,Jumaytepeque
gt,Jumúsna
gt,Jumuzna
gt,Junquillo
gt,Junquillo
gt,Juntacaj
gt,Jupilingo
gt,Justo Rufino Barrios
gt,Jute de la Cobana
gt,Jute
gt,Jute
gt,Jutiapa
gt,Jutiapa
gt,Jutumichapa
gt,Juyamá
gt,Kaibil Balam
gt,La Acequia
gt,La Adobera
gt,La Alfalfa
gt,La Angostura
gt,La Arada
gt,La Arada
gt,La Aradita
gt,La Aurora
gt,La Aurora
gt,La Aurora
gt,La Bacadilla
gt,La Balsa
gt,La Barandilla
gt,La Aurora
gt,La Barca
gt,La Avellana
gt,La Barra del Motagua
gt,La Barra
gt,La Ayudo
gt,La Barranca
gt,La Barranca
gt,La Barranca
gt,La Barranquilla
gt,La Barrita
gt,La Barrita
gt,La Barrita
gt,La Barrita Vieja
gt,La Barrona
gt,La Basa
gt,La Blanca
gt,La Blanca
gt,La Bomba
gt,Labor de Falla
gt,Labor El Porvenir
gt,Labor El Recuerdo
gt,Labor El Tular
gt,Labor La Concepción
gt,Labor Santa Clara
gt,Labor Vieja
gt,La Botija
gt,La Brea
gt,La Brea
gt,La Brigada
gt,La Brisa
gt,La Calera
gt,La Calera
gt,La Cal
gt,La Campana
gt,La Campana
gt,La Cañada
gt,La Candelaria
gt,La Candelaria
gt,La Candelaria
gt,Lacandón
gt,Lacandón
gt,La Canoa
gt,La Canoa
gt,La Caoba
gt,La Caoba
gt,La Capellanía
gt,La Casita
gt,La Casona
gt,La Castalia
gt,La Catocha
gt,La Cebadilla
gt,La Ceiba
gt,La Ceiba
gt,La Ceiba
gt,La Ceiba
gt,La Ceiba
gt,La Ceiba
gt,La Ceiba
gt,La Ceibita
gt,La Ceiba
gt,La Ceibita
gt,La Ceibita
gt,La Ceibita
gt,La Chácara
gt,La Chapina
gt,La Ceibita
gt,La Choleña
gt,La Chorrera
gt,La Cidra
gt,La Ciénaga
gt,La Ciénaga
gt,La Ciénaga
gt,La Ciénaga
gt,La Cienaguilla
gt,La Cieneguita
gt,La Cincuya
gt,La Cocha
gt,La Compuerta
gt,La Compuerta
gt,La Comunidad
gt,La Comunidad
gt,La Comunidad
gt,La Concepción El Cedro
gt,La Concepción
gt,La Concepción
gt,La Concepción
gt,La Concepción
gt,La Concordia
gt,La Concordia
gt,La Conquista
gt,La Consulta
gt,La Coronada
gt,La Coroza
gt,La Cortina
gt,La Coyota
gt,La Crucita
gt,La Crucita
gt,La Cruzadilla
gt,La Cruz Chiquita
gt,La Cruz Chixiquín
gt,La Cruz
gt,La Cruz
gt,La Cruz
gt,La Cruz Roja
gt,La Cuchilla
gt,La Cuchilla
gt,La Cuestona
gt,La Culebra
gt,La Cumbre
gt,La Cumbre
gt,La Cumbre
gt,La Cumbre
gt,La Cumbre
gt,La Cumbre
gt,La Cumbre
gt,La Cumbre
gt,La Cumbre
gt,La Cumbre
gt,La Cumbre
gt,La Curbina
gt,La Danta
gt,La Deidad
gt,La Demacracia
gt,La Democracia
gt,La Democracia
gt,La Democracia
gt,La Dicha
gt,La Doncella
gt,La Embaulada
gt,La Emboscada
gt,La Ensenada
gt,La Ensenada
gt,La Envida
gt,La Ermita
gt,La Esmeralda
gt,La Esmeralda
gt,La Esperanza
gt,La Esperanza
gt,La Esperanza
gt,La Esperanza
gt,La Esperanza
gt,La Esperanza
gt,La Esperanza
gt,La Esperanza
gt,La Espinilla
gt,La Estancia de García
gt,La Estancia de La Cruz
gt,La Estancia de San Martín
gt,La Estancia Grande
gt,La Estancia
gt,La Estancia
gt,La Estancia
gt,La Estancia
gt,La Estancia
gt,La Estancia
gt,La Estancia
gt,La Estanzuela
gt,La Estanzuela
gt,La Estrechura
gt,La Federación
gt,La Felicidad
gt,La Fila
gt,La Florida
gt,La Florida
gt,La Flor
gt,La Fragua
gt,La Fraternidad
gt,La Fuente de la Montaña
gt,La Fuente
gt,La Gabia Grande
gt,La Gabia
gt,La Garita Chapina
gt,La Garita
gt,La Garrucha
gt,Lagartos
gt,La Ginebra
gt,La Gloria
gt,La Gomera
gt,La Graciosa
gt,La Granadilla
gt,La Grandeza
gt,La Granja
gt,Lágrimas
gt,La Guitarra
gt,Laguna Bermeja
gt,Laguna Cangrejal
gt,Laguna Chisajcap
gt,Laguna de Briotis
gt,Laguna de Cayur
gt,Laguna del Muerto
gt,Laguna de Yaxha
gt,Laguna Grande
gt,Laguna
gt,Laguna
gt,Laguna
gt,Laguna
gt,Laguna Maxbal
gt,Laguna Recinos
gt,Laguna Seca
gt,Laguna Seca
gt,Laguna Seca
gt,Laguna Seca
gt,Laguna Seca
gt,Laguna Seca
gt,Lagunas
gt,Laguna Verde
gt,Laguna Yaxá
gt,Laguna Yaxjá
gt,Laguneta Briotis
gt,Laguneta
gt,Lagunetas
gt,Lagunilla
gt,Lagunilla
gt,Lagunilla
gt,Lagunita
gt,Lagunitas
gt,La Hacienda
gt,La Haciendita
gt,La Hondura
gt,La Horqueta
gt,La Huerta
gt,La Huerta
gt,La Independencia
gt,La Independencia
gt,La Industria
gt,La Isla del Tular
gt,La Isla
gt,La Isla
gt,La Isla
gt,La Jarretada
gt,Lajas
gt,La Jigua
gt,Lajillal
gt,Lajillal
gt,Lajillas
gt,Lajincó
gt,La Joya
gt,La Joya
gt,La Joya
gt,La Joya Larga
gt,La Joyita
gt,La Labor
gt,La Lagartera
gt,La Laguna
gt,La Laguna
gt,La Laguna
gt,La Laguna
gt,La Laguna
gt,La Laguna
gt,La Laguna
gt,La Laguna
gt,La Laguna
gt,La Laguna
gt,La Laguna
gt,La Laguna
gt,La Laguneta
gt,La Laguneta
gt,La Laja
gt,La Lechuza
gt,La Lejía
gt,La Leona
gt,La Libertad
gt,La Libertad
gt,La Libertad
gt,La Libertad
gt,La Libertad
gt,La Libertad
gt,La Libertad
gt,La Libertad
gt,La Libertad
gt,La Lima
gt,La Lima
gt,La Lima
gt,La Lima
gt,La Lolita
gt,La Loma de Grijalva
gt,La Maceta
gt,La Majada
gt,La Majada
gt,La Majada
gt,La Manzana
gt,La Máquina
gt,La Máquina
gt,La Mesía
gt,La Mesilla
gt,La Mesita
gt,La Mina
gt,La Mina
gt,La Mocha
gt,La Montaña
gt,La Montaña
gt,La Montaña
gt,La Montaña
gt,La Montaña
gt,La Montañita
gt,La Montañita
gt,La Morena
gt,La Morena
gt,La Morenita
gt,Lámpara
gt,Lámpara
gt,Lampocoy
gt,La Muerte
gt,La Muralla
gt,Lancetillal
gt,Lancetillo
gt,Lanchor
gt,La Noria
gt,Lanquín
gt,Lanquitín
gt,Lantiquín
gt,La Nueva Esperanza
gt,La Nueva
gt,La Oscurana
gt,La Paja
gt,La Pajarita
gt,La Palma
gt,La Palma
gt,La Palma
gt,La Palmilla
gt,La Palmilla
gt,La Pampas
gt,La Parada
gt,La Pastoría
gt,La Pastoría
gt,La Pastorilla
gt,La Patria
gt,La Pava
gt,La Paz
gt,La Paz
gt,La Paz
gt,La Pedrera
gt,La Peña
gt,La Peña
gt,La Peña
gt,La Pepesca
gt,La Pereza
gt,La Periquera
gt,La Perla de Oriente
gt,La Perla
gt,La Perla
gt,La Piedad
gt,La Piedrona
gt,La Pila
gt,La Pimienta
gt,La Pimienta
gt,La Pimienta
gt,La Pintada
gt,La Pipa
gt,La Pitahaya
gt,La Pita
gt,La Plancha
gt,La Playa
gt,La Ponderosa
gt,La Prensa
gt,La Providencia
gt,La Providencia
gt,La Providencia
gt,La Providencia
gt,La Providencia
gt,La Providencia
gt,La Puente
gt,La Provincia
gt,La Puente
gt,La Puente
gt,La Puente
gt,La Puerta
gt,La Puerta
gt,La Quebrada
gt,La Ramos
gt,La Reforma
gt,La Reforma
gt,La Reforma
gt,La Reforma
gt,La Reforma
gt,La Reforma
gt,La Reforma
gt,La Reforma Los Achiotes
gt,La Rinconada
gt,La Rinconada
gt,La Romana
gt,La Ruda
gt,La Ruidosa
gt,La Sabana
gt,Las Agujitas
gt,La Salvadora
gt,Las Ánimas
gt,Las Ánimas
gt,Las Ánimas
gt,Las Ánimas
gt,Las Anonas
gt,Las Anonas
gt,Las Anonas
gt,Las Anonas
gt,Las Araditas
gt,Las Arenas
gt,Las Azucenas
gt,Las Barrancas
gt,Las Barrancas
gt,Las Barritas
gt,Las Bisnagras
gt,Las Biznagras
gt,Las Brisas
gt,Las Brisas
gt,Las Burras
gt,Las Burras
gt,Las Cabezas
gt,Las Cabezas
gt,Las Cadenas
gt,Las Calaveras
gt,Las Camelias
gt,Las Cañas
gt,Las Cañas
gt,Las Cañas
gt,Las Cañas
gt,Las Cañas
gt,Las Cañas
gt,Las Canes
gt,Las Canoas
gt,Las Canoas
gt,Las Canoas
gt,Las Canoas
gt,Las Canoítas
gt,Las Canoítas
gt,Las Carretas
gt,Las Carretas
gt,Las Casas
gt,Las Champas
gt,Las Chapinas
gt,Las Chivas
gt,Las Cidras
gt,Las Cofradías
gt,Las Cofradías
gt,Las Colmenas
gt,Las Colmenas
gt,Las Colmenas
gt,Las Conchas
gt,Las Corrientes de Mactún
gt,Las Cruces
gt,Las Cruces
gt,Las Cruces
gt,Las Cruces
gt,Las Cruces
gt,Las Cruces
gt,Las Cruces
gt,Las Cruces
gt,Las Crucitas
gt,Las Crucitas
gt,Las Crucitas
gt,Las Cuarentiuna
gt,Las Cuevas de Llano Grande
gt,Las Cuevas de Saltán
gt,Las Cuevas
gt,Las Cuevas
gt,Las Cuevitas
gt,Las Cureñas
gt,Las Dantas
gt,Las Delicias
gt,Las Delicias
gt,Las Delicias
gt,Las Delicias
gt,Las Delicias
gt,Las Delicias
gt,Las Delicias
gt,Las Delicias
gt,La Selva
gt,Las Escaleras
gt,Las Escobas
gt,Las Escobas
gt,Las Escobas
gt,Las Escobas
gt,Las Escobas
gt,Las Escobes
gt,Las Esperanzas
gt,Las Floras
gt,Las Flores
gt,Las Flores
gt,Las Flores
gt,Las Flores
gt,Las Flores
gt,Las Flores
gt,Las Flores
gt,Las Flores
gt,Las Flores
gt,Las Flores
gt,Las Flores
gt,Las Franceses
gt,Las Golondrinas
gt,Las Guacamayas
gt,Las Guacas
gt,Las Guayabas
gt,Las Guayabitas
gt,Las Guayabitas
gt,Las Guayabitas
gt,Las Hilas
gt,Las Hilitas
gt,Las Huertas
gt,La Sierra
gt,La Sierra
gt,Las Iglesias
gt,Las Impresiones
gt,Las Joyas del Cedro
gt,Las Joyas
gt,Las Joyas
gt,Las Joyas
gt,Las Lagunas
gt,Las Lagunas
gt,Las Lajas
gt,Las Lajas
gt,Las Lajas
gt,Las Lajas
gt,Las Limas
gt,Las Limas
gt,Las Limas
gt,Las Lisas
gt,Las Lisonas
gt,Las Lomas
gt,Las Lomas
gt,Las Lomas
gt,Las Lomas
gt,Las Lomitas
gt,Las Majadas
gt,Las Majadas
gt,Las Majadas
gt,Las Majadas
gt,Las Majadas
gt,Las Mañanitas
gt,Las Mareas Del Suchiate
gt,Las Margaritas
gt,Las Margaritas
gt,Las Marías
gt,Las Marías
gt,Las Marías
gt,Las Mercedes
gt,Las Mesas
gt,Las Mesas
gt,Las Mesas
gt,Las Mesetas
gt,Las Minas
gt,Las Minas
gt,Las Minas
gt,Las Morales
gt,Las Morenas
gt,Las Moritas
gt,Las Moritas
gt,Las Moritas
gt,Las Navajas
gt,Las Nubes
gt,Las Nubes
gt,Las Nubes San Ramon
gt,Las Nubitas
gt,La Soledad
gt,La Soledad
gt,La Soledad
gt,La Soledad
gt,La Soledad
gt,La Sorpresa
gt,Las Ovejas
gt,Las Pacayas
gt,Las Olivas
gt,Las Pacayas
gt,Las Palmas
gt,Las Palmas
gt,Las Palmas
gt,Las Palmas
gt,Las Palmas
gt,Las Palmas
gt,Las Pampas
gt,Las Pavas
gt,Las Peñas
gt,Las Peñas
gt,Las Piedras
gt,Las Piedras
gt,Las Pilas
gt,Las Pilas
gt,Las Pilas
gt,Las Pilas
gt,Las Pilas
gt,Las Pilas
gt,Las Pilas
gt,Las Pilas
gt,Las Pilas
gt,Las Piletas
gt,Las Pitas
gt,Las Pitas
gt,Las Playas
gt,Las Pomas
gt,Las Pozas
gt,Las Pozas
gt,Las Pozas
gt,Las Pozas
gt,Las Pozas
gt,Las Presas
gt,Las Pulgas
gt,Las Quebradas
gt,Las Quebradas
gt,Las Quechas
gt,Las Raíces
gt,Las Ranas
gt,Las Ruedas
gt,Las Ruinas
gt,Las Sidras
gt,Las Silas
gt,Las Sopas
gt,Las Tabancas
gt,Las Tablas
gt,Las Tablas
gt,Las Tapias
gt,Las Tapias
gt,Las Tapias
gt,Las Tejas
gt,Las Tintas
gt,Las Toreras
gt,Las Trancas
gt,Las Tres Cruces
gt,Las Trojes
gt,Las Tunas
gt,Las Uvas
gt,Las Uvas
gt,Las Vacas
gt,Las Vainillas
gt,Las Varitas
gt,Las Vegas de San Luis
gt,Las Vegas
gt,Las Vegas
gt,Las Vegas
gt,Las Veguitas
gt,Las Ventanas
gt,Las Ventanas
gt,Las Venturas
gt,Las Victorias
gt,Las Victorias
gt,Las Victorias
gt,Las Vigas
gt,Las Vigas
gt,Las Viñas
gt,Las Visnagras
gt,Las Viviendas
gt,Las Vueltas
gt,La Tablas
gt,La Tejera
gt,La Tejera
gt,La Tenería
gt,La Tierra
gt,La Tigra
gt,La Tinta
gt,La Toma
gt,La Toma
gt,La Torera
gt,La Torera
gt,La Trementina
gt,La Trinidad
gt,La Trinitaria
gt,La Troje
gt,La Tuna
gt,La Tuna
gt,La Unión Barrios
gt,La Unión
gt,La Unión
gt,La Unión
gt,La Unión
gt,La Unión
gt,La Unión
gt,La Unión
gt,La Unión
gt,Laureles
gt,La Vaca
gt,Lavarreda
gt,La Vega del Volcán
gt,La Vega
gt,La Vega
gt,La Vega
gt,La Vega
gt,La Vegona
gt,La Ventura
gt,La Verbena
gt,La Verde
gt,La Verónica
gt,La Victoria
gt,La Victoria
gt,La Viña
gt,La Virgen
gt,Lazareto
gt,Lechuga
gt,Lechugal
gt,Lelá Chancó
gt,Lelá Obraje
gt,Letrán
gt,Libertad
gt,Lilillá
gt,Lima
gt,Limarcito
gt,Limar
gt,Limar Segundo
gt,Limonar
gt,Limoncillo
gt,Limoncito
gt,Limoncitos
gt,Limones
gt,Limones
gt,Limones
gt,Limones
gt,Limones
gt,Limón
gt,Limón
gt,Limón
gt,Limón
gt,Limón
gt,Linares
gt,Linares
gt,Liquidámbar
gt,Lívingston
gt,Llanitos
gt,Llanitos
gt,Llano Arado
gt,Llano Coyote
gt,Llano de Ánimas
gt,Llano de Calderón
gt,Llano de Chinchilla
gt,Llano de Guerra
gt,Llano de la Puerta
gt,Llano de las Pitas
gt,Llano de La Virgen
gt,Llano de los Toros
gt,Llano del Pinal
gt,Llano de Morales
gt,Llano de Olintepeque
gt,Llano de Piedra
gt,Llano de Piedras
gt,Llano de San Marcos
gt,Llano de Santiago
gt,Llano Galán
gt,Llano Grande
gt,Llano Grande
gt,Llano Grande
gt,Llano Grande
gt,Llano Grande
gt,Llano Grande
gt,Llano Grande
gt,Llano Grande
gt,Llano Largo
gt,Llano Largo
gt,Llano Largo
gt,Llano Largo
gt,Llano
gt,Llano
gt,Llano San Gaspar
gt,Llanos de San Vicente
gt,Llano Vargo
gt,Llano Verde
gt,Llano Verde
gt,Lo de Batres
gt,Lo de Boc
gt,Lo de Bram
gt,Lo de Bran
gt,Lo de Carranza
gt,Lo de China
gt,Lo de Concuá
gt,Lo de Contreras
gt,Lo de Diéguez
gt,Lo de Enmedio
gt,Lo de Fuentes
gt,Lo de Orrego
gt,Lo de Ortiz
gt,Lo de Reyes
gt,Lo de Reyes
gt,Lo de Rodríguez
gt,Lo de Silva
gt,Lo de Solís
gt,Loma Alta
gt,Loma Alta
gt,Loma de Chavarría
gt,Loma de Enmedio
gt,Loma de González
gt,Loma de Grijalva
gt,Loma de Huitzitzil
gt,Loma de La Zanja
gt,Loma del Viento
gt,Loma Huitzitzil
gt,Loma Larga
gt,Loma Larga
gt,Loma Paja
gt,Loma San Juan
gt,Lomas
gt,Lomas
gt,Loma Tendida
gt,Lomitas
gt,Los Achiotes
gt,Los Achiotes
gt,Los Achiotes
gt,Los Achiotes
gt,Los Achiotes
gt,Los Achiotes
gt,Los Achiotes
gt,Los Achiotillos
gt,Los Ajvix
gt,Los Alambrados
gt,Los Alcarabanes
gt,Los Algodones
gt,Los Almendrales
gt,Los Altarcitos
gt,Los Altos
gt,Los Altos
gt,Los Amates
gt,Los Amates
gt,Los Amates
gt,Los Amates
gt,Los Amates
gt,Los Andes
gt,Los Ángeles Abajo
gt,Los Ángeles
gt,Los Ángeles
gt,Los Ángeles
gt,Los Ángeles
gt,Los Ángeles
gt,Los Ángeles
gt,Los Anonos
gt,Los Apantes
gt,Los Apantes
gt,Los Aristondos
gt,Los Aritos
gt,Los Astales
gt,Los Ayapanes
gt,Los Baños
gt,Los Barcos
gt,Los Bordos
gt,Los Bordos
gt,Los Bordos
gt,Los Bracitos
gt,Los Cajones
gt,Los Calzontes
gt,Los Caneles
gt,Los Canes
gt,Los Cardona
gt,Los Cedros
gt,Los Cerezos
gt,Los Cerritos
gt,Los Cerritos
gt,Los Cerritos
gt,Los Cerritos
gt,Los Cerritos
gt,Los Cerritos
gt,Los Cerritos
gt,Los Cerritos
gt,Los Cerritos
gt,Los Cerritos
gt,Los Cerrones
gt,Los Cerros
gt,Los Chagüites
gt,Los Chajones
gt,Los Chicos
gt,Los Chilamates
gt,Los Chiqueros
gt,Los Chivos
gt,Los Chocayos
gt,Los Chocoyos
gt,Los Chorritos
gt,Los Choyes
gt,Los Ciegos
gt,Los Cimientos
gt,Los Cimientos
gt,Los Cimientos
gt,Los Cipresales
gt,Los Cipreses
gt,Los Cipreses
gt,Los Cipreses
gt,Los Coc
gt,Los Cocos
gt,Los Comunes
gt,Los Corralitos
gt,Los Corralitos
gt,Los Cos
gt,Los Cuá
gt,Los Cubes
gt,Los Cuervos
gt,Los Cux
gt,Los Dolores
gt,Los Duraznales
gt,Los Encuentros de Navajas
gt,Los Encuentros
gt,Los Encuentros
gt,Los Encuentros
gt,Los Encuentros
gt,Los Encuentros
gt,Los Encuentros
gt,Los Encuentros
gt,Los Encuentros
gt,Los Encuentros
gt,Los Encuentros Segundo
gt,Los Esclavos
gt,Los Espinos
gt,Los Fabianes
gt,Los Fajardo
gt,Los Faros
gt,Los Fierros
gt,Los Frutillos
gt,Los Gálvez
gt,Los García
gt,Los Gracianos
gt,Los Guates
gt,Los Guajes
gt,Los Hatillos
gt,Los Hatíos
gt,Los Hernández
gt,Los Horcones
gt,Los Hornitos
gt,Los Hornos
gt,Los Hoyos
gt,Los Humitos
gt,Los Islotes
gt,Los Izotes
gt,Los Izotes
gt,Los Izotes
gt,Los Jazmines
gt,Los Jazmines
gt,Los Jobos
gt,Los Jocotes
gt,Los Jocotes
gt,Los Jometes
gt,Los Jutes
gt,Los Laureles
gt,Los Lemus
gt,Los Leones
gt,Los Limares
gt,Los Limones
gt,Los Limones
gt,Los Limones
gt,Los Limones
gt,Los Llanitos
gt,Los Llanitos
gt,Los Llanos
gt,Los Llanos
gt,Los Llanos
gt,Los Llanos
gt,Los Lochuyes
gt,Los López
gt,Los Lotes
gt,Los Lotes
gt,Los Magueyes
gt,Los Magueyes
gt,Los Manzanales
gt,Los Mezcales
gt,Los Mixcos
gt,Los Molina
gt,Los Muertos
gt,Los Navas
gt,Los Ocotes
gt,Los Ocotes
gt,Los Olivos
gt,Los Olotes
gt,Los Órganos
gt,Los Pacheco
gt,Los Pajales
gt,Los Pajales
gt,Los Pajoc
gt,Los Palmares
gt,Los Palones
gt,Los Pastores
gt,Los Patzanes
gt,Los Paxtes
gt,Los Paz
gt,Los Pérez Mojon
gt,Los Pérez Puente
gt,Los Pinos
gt,Los Pinos
gt,Los Pinos
gt,Los Pinos
gt,Los Pirir
gt,Los Planes
gt,Los Planes
gt,Los Planes
gt,Los Planes
gt,Los Platanares
gt,Los Platanitos
gt,Los Plumajes
gt,Los Pocitos de Barrera
gt,Los Pocitos
gt,Los Pocitos
gt,Los Pocitos
gt,Los Pocitos
gt,Los Potrerillos
gt,Los Pozos
gt,Los Pozos
gt,Los Pozos
gt,Los Pozuelos
gt,Los Puentes
gt,Los Quelex
gt,Los Ramos
gt,Los Ranchos
gt,Los Regadillos
gt,Los Regadíos
gt,Los Regadíos
gt,Los Ríos
gt,Los Riscos
gt,Los Robles
gt,Los Sabanes
gt,Los Sajquil
gt,Los Sandovales
gt,Los Sapitos
gt,Los Sauces
gt,Los Sauces
gt,Los Sequenes
gt,Los Siney
gt,Los Sitios
gt,Los Solís
gt,Los Suretes
gt,Los Tablones
gt,Los Tablones
gt,Los Tablones
gt,Los Tablones
gt,Los Tablones
gt,Los Tablones
gt,Los Talpetates
gt,Los Tecomates
gt,Los Terrones
gt,Los Tezenes
gt,Los Tiestos
gt,Los Trapichitos
gt,Los Trapichitos
gt,Los Trigales
gt,Los Tunayes
gt,Los Turuy
gt,Los Tzoc
gt,Los Uriles
gt,Los Vados
gt,Los Vados
gt,Los Vados
gt,Los Varales
gt,Los Vasos
gt,Los Verdes
gt,Los Vidal
gt,Los Voladores
gt,Los Volantes
gt,Los Xalín
gt,Los Xalín
gt,Los Xocoyos
gt,Lourdes
gt,Lupercia
gt,Lupiná
gt,Macalajau
gt,Macanché
gt,Machacal
gt,Machaca
gt,Machacas
gt,Machaquilaíto
gt,Machaquilá
gt,Machaquilá
gt,Macho Creek
gt,Mactum
gt,Mactún
gt,Mactzuil
gt,Mactzulcab
gt,Mactzulcajib
gt,Mactzul Cuarto
gt,Mactzul
gt,Mactzuloob
gt,Mactzuloxib
gt,Mactzul Primero
gt,Mactzul Quinto
gt,Mactzul Segundo
gt,Mactzul Sexto
gt,Mactzul Tercero
gt,Mactzuluaxaquib
gt,Madre Vieja
gt,Madronales
gt,Maestrillo
gt,Magdalena
gt,Magdalena
gt,Magdalena
gt,Magdalena Milpas Altas
gt,Magueyes
gt,Magueyes
gt,Magueyes
gt,Majada
gt,Majada Rafael Lemus
gt,Majadas
gt,Majadas
gt,Majadas
gt,Malacatancito
gt,Malacatán
gt,Málaga
gt,Malagueta
gt,Mala
gt,Malcinca
gt,Malcotal
gt,Mal País
gt,Mal País
gt,Mal Paso
gt,Mal Paso
gt,Mal Paso
gt,Mal Paso
gt,Manacales
gt,Manaca
gt,Manaco
gt,Managuá
gt,Manantial
gt,Mancherén Chiquito
gt,Mancherén Grande
gt,Manchón
gt,Maneadero
gt,Manguito
gt,Manuelón
gt,Manuquib
gt,Manglar
gt,Manzamillo
gt,Manzanales
gt,Manzanillo
gt,Manzanillo
gt,Manzanillo
gt,Manzanotal
gt,Manzanote
gt,Manzanotes
gt,Manzapote
gt,Mapál
gt,Mapá
gt,Marajuma
gt,Maraxcó
gt,Marcajam
gt,Marcajar
gt,Margarita
gt,María Linda
gt,Maria Montañas
gt,Marías
gt,Marías Montaña
gt,Marichaj
gt,Marillanos
gt,Marimba
gt,Marisco Guapinol
gt,Marisco
gt,Mariscos
gt,Masagua
gt,Masá
gt,Maseta
gt,Mashashapa
gt,Matamoros
gt,Matanzas
gt,Mataquescuintla
gt,Mataquesquintla
gt,Matasano
gt,Matasano
gt,Matasano
gt,Matasano
gt,Matasano
gt,Matías de Gálvez
gt,Matías
gt,Matilisguate
gt,Mávil
gt,Max
gt,Mayuelas
gt,Mazatenango
gt,Media Cuesta
gt,Medio Monte
gt,Mejía
gt,Melchor de Mencos
gt,Melchor Mencos
gt,Melonar
gt,Membrillal
gt,Menocal
gt,Mercedes
gt,Merendoncito
gt,Mesas
gt,Mesetas
gt,Mesía
gt,Mesías
gt,Mesillas Altas
gt,Mesillas Bajas
gt,Mesillas
gt,Mesitas
gt,Mesté
gt,Mestizo
gt,Mezcal
gt,Mico
gt,Milla Cinco
gt,Mimanhuitz
gt,Mina
gt,Minas Abajo
gt,Minas Arriba
gt,Mínas
gt,Minlaja
gt,Miralvalle
gt,Miramar
gt,Miramar
gt,Miramundo
gt,Mirandilla
gt,Miriam
gt,Miramundo
gt,Mirian
gt,Mita
gt,Mixcolabaj
gt,Mixco
gt,Mixco
gt,Mixcos
gt,Mixtán
gt,Moclil
gt,Mocohán
gt,Mocolixot
gt,Moctum
gt,Modesto Méndez
gt,Mogollon Pinula
gt,Mojaca
gt,Mojanales
gt,Mojón de Comalapa
gt,Mojón
gt,Mojón Panimá
gt,Molina
gt,Mollejón Esquipulas
gt,Momostenango
gt,Monaco
gt,Monajales
gt,Monjas
gt,Monjón
gt,Monrovia
gt,Montaña Larga
gt,Montaña Patzún
gt,Montaña Rusa
gt,Montaña Seminole
gt,Montañuela
gt,Monte Barroso
gt,Montecinos
gt,Montecristo
gt,Montecristo
gt,Monte de Oro
gt,Monte Grande
gt,Monte Grande
gt,Monte Grande
gt,Monte León
gt,Monte Llano
gt,Monte Oscuro
gt,Montepeque
gt,Monte Rico
gt,Monteros
gt,Monte Riquito
gt,Monterrico
gt,Monterrico
gt,Monterrico
gt,Montes del Río
gt,Montesinos
gt,Monte Verde
gt,Montezuma
gt,Montezumo
gt,Montúfar El Cedro
gt,Montúfar
gt,Montúfar
gt,Montúfar
gt,Monzón
gt,Morales
gt,Morales
gt,Moral
gt,Mora
gt,Moran
gt,Morán
gt,Morán
gt,Morazán
gt,Morazán
gt,Morazán
gt,Morazán
gt,Morazán
gt,Morola
gt,Morral
gt,Morro Grande
gt,Moxelá
gt,Moyuta
gt,Moyutla
gt,Mucubaltzib
gt,Muluá
gt,Mupo
gt,Muquilá
gt,Murciélago
gt,Murul
gt,Muy Noble y Muy Leal Ciudad de Santiago de los Caballeros
gt,Musimbaj
gt,Muyurcó
gt,Nacahuil
gt,Nacapoxlac
gt,Nacimiento Cansís
gt,Nacimiento Ixbobó
gt,Nacimiento Poité
gt,Nacimiento Río Blanco
gt,Nacimiento Tamarís
gt,Nactún
gt,Nahualá
gt,Nahualate
gt,Nahuatán Grande
gt,Nahuatán
gt,Najquitob
gt,Nance Dulce
gt,Nances Dulces
gt,Nancinta
gt,Nanzal
gt,Naranjales
gt,Naranjales
gt,Naranja
gt,Naranja
gt,Naranjillal
gt,Naranjo
gt,Naranjo
gt,Naranjo
gt,Naranjo
gt,Naranjo
gt,Naranjo
gt,Natalia
gt,Natividad
gt,Navajoa
gt,Navajo
gt,Navajos
gt,Navidad
gt,Naranjo
gt,Nazario Pérez
gt,Nearar
gt,Nebachaj
gt,Nebaj
gt,Negro Norte
gt,Nejapa
gt,Nenojá Segundo
gt,Nentón
gt,Neocopote
gt,New Guatemala
gt,Nicá
gt,Nimacabaj
gt,Nimá
gt,Nimá
gt,Nimá
gt,Nimapá
gt,Nimasac
gt,Nimate
gt,Nimayá
gt,Nimblabenque
gt,Nimblajá
gt,Nimblasajal
gt,Nimblasjal
gt,Niminá
gt,Niño Perdido
gt,Nochán
gt,Nocohan
gt,Noctún
gt,Noria
gt,Novillero
gt,Nucá
gt,Nueva Candelaria
gt,Nueva Candelaria
gt,Nueva Colonia
gt,Nueva Concepción
gt,Nueva Esperanza
gt,Nueva Esperanza
gt,Nueva Guatemala de la Asunción
gt,Nueva Guatemala
gt,Nueva Santa Rosa
gt,Nueva Santa Rosa
gt,Nueva Venecia
gt,Nuevo Canchón
gt,Nuevo Chuatuj
gt,Nueva Vista Hermosa
gt,Nuevo Pajonal
gt,Nuevo Morazán
gt,Nuevo Palmar
gt,Nuevo Progreso
gt,Nuevo Progresso
gt,Nuevo San Carlos
gt,Oajaqueño
gt,Oaxaqueño
gt,Obero
gt,Obraje
gt,Obraje
gt,Obraje
gt,Obrajuelo
gt,Ocanté
gt,Ochol
gt,Ocosito
gt,Ocós
gt,Ocós
gt,Ocotes
gt,Ocotes
gt,Ocubilá
gt,Ocumblá
gt,Ojechejel
gt,Ojechel
gt,Ojercaibal
gt,Ojo de Agua El Coyol
gt,Ojo de Agua Escondido
gt,Ojo de Agua
gt,Ojo de Agua
gt,Ojo de Agua
gt,Ojo de Agua
gt,Ojo de Agua
gt,Ojo de Agua
gt,Ojo de Agua
gt,Ojo de Agua
gt,Ojo de Agua
gt,Ojo de Agua
gt,Ojo de Agua
gt,Ojos de Agua
gt,Olintepeque
gt,Oliveros
gt,Olopa
gt,Olopita
gt,Olvido
gt,Omagua
gt,Omoa
gt,Omoa
gt,Onandaga
gt,Oneida
gt,Onlaj
gt,Oquén
gt,Oratorio
gt,Oratorio
gt,Orchoj
gt,Orégano
gt,Orejas
gt,Oscurana
gt,Oscurana
gt,Ostuncalco
gt,Otacingo
gt,Ovejero
gt,Overo
gt,Pabatoc
gt,Pabiltzaj
gt,Pabinalá
gt,Pablo Creek
gt,Pacacay
gt,Pacacay
gt,Pacac
gt,Pacajá
gt,Pacajón
gt,Pacamaché
gt,Pacamán
gt,Pacamché
gt,Pacanac
gt,Pacá
gt,Pacayalito
gt,Pacayalito
gt,Pachaj
gt,Pachaj
gt,Pachaj
gt,Pachaj
gt,Pachalib
gt,Pachalí
gt,Pachalí
gt,Pachalum
gt,Pachalum
gt,Pachaluncito
gt,Pachay
gt,Pache
gt,Pachicoj
gt,Pachilib
gt,Pachilín
gt,Pachilip
gt,Pachitac
gt,Pachitur
gt,Pachitulul
gt,Pachoch
gt,Pachoc
gt,Pachojob
gt,Pachoj
gt,Pachó
gt,Pachumjá
gt,Pachum
gt,Pachum
gt,Pachum
gt,Pachuté
gt,Pacoc
gt,Pacoc
gt,Pacoc
gt,Pacojito
gt,Pacoj
gt,Pacolbut
gt,Pacorral
gt,Pacotoj
gt,Pacoxom
gt,Pacoxpom
gt,Pacrén
gt,Paculam
gt,Pacul
gt,Pacumal
gt,Pacután
gt,Padre Miguel
gt,Paguayil
gt,Pahoj
gt,Paiconob
gt,Paijá
gt,Paixban
gt,Pajabal
gt,Pajacal
gt,Pajaj
gt,Pajalcal
gt,Pajales
gt,Pajales
gt,Pajales
gt,Pajal
gt,Pajaltac
gt,Pajapa
gt,Pajapita
gt,Pajatz
gt,Pajcó
gt,Pajocá
gt,Pajocojic
gt,Pajonal
gt,Pajón
gt,Pajuil Chex
gt,Pajuil País
gt,Palacal
gt,Palacamá
gt,Pala Grande
gt,Palajab
gt,Palajachuj
gt,Palajuchuj
gt,Palalá
gt,Palamá
gt,Palá
gt,Palá
gt,Palá
gt,Palatzá
gt,Paleinabá
gt,Palencia
gt,Palestina de los Altos
gt,Palestina
gt,Palestina
gt,Paley
gt,Palibatz
gt,Palilic
gt,Palimaché
gt,Palimá
gt,Palín
gt,Palín
gt,Palma
gt,Palma Real
gt,Palmar
gt,Palmar
gt,Palmar
gt,Palmilla Abajo
gt,Palmilla
gt,Palmilla
gt,Palmilla
gt,Palmitas
gt,Palo Amontonado
gt,Palo Blanco
gt,Palo Blanco
gt,Palob
gt,Palo Corcovado
gt,Palo Gorde
gt,Palo Gordo
gt,Palo Grande
gt,Palo Grande
gt,Palo Grande
gt,Palo Grande
gt,Palomora
gt,Palo Negro
gt,Palos Abrazados
gt,Palo Verde
gt,Palo Verde
gt,Pal
gt,Palqui Ojo de Agua
gt,Pamacal
gt,Pamactzul
gt,Pamal
gt,Pamanzana
gt,Pamaxjal
gt,Pamebasal
gt,Pamesabal
gt,Pamesebal
gt,Pamesul
gt,Pamocá
gt,Pampacaya
gt,Pampacché
gt,Pampajché
gt,Pampumay
gt,Pampur
gt,Pamuch
gt,Pamumús
gt,Panabajal
gt,Panabaj
gt,Panabaj
gt,Panacté
gt,Panaguá
gt,Panajabal
gt,Panajachel
gt,Panajachel
gt,Panajax
gt,Panajijay
gt,Panalachaj
gt,Panaluyá
gt,Panalvía
gt,Panamaría
gt,Pananchó
gt,Panán
gt,Pananxilac
gt,Panaranjo
gt,Panatzán
gt,Pancajché
gt,Pancajoc
gt,Panchisivia
gt,Pancho de León
gt,Pancoj
gt,Pandiguis
gt,Paneyá
gt,Panguiney
gt,Panictacaj
gt,Panimacac
gt,Panimaché
gt,Panimá
gt,Panimá
gt,Panimaquib
gt,Panimaquim
gt,Panimaquín
gt,Panimaquito
gt,Panimasiguán
gt,Panimatzalam
gt,Panis
gt,Panjaché
gt,Panochal
gt,Panoche
gt,Panorama
gt,Panorama
gt,Paños
gt,Panquiac
gt,Panquix
gt,Pansal
gt,Pansigüís
gt,Pantalox
gt,Panta Tullido
gt,Pantín
gt,Pantoloj
gt,Panucuy
gt,Panyevar
gt,Panzal
gt,Panzós
gt,Paoj
gt,Papalcuapa
gt,Papalguapa
gt,Papalhuapa
gt,Papaljá
gt,Papaturro
gt,Papaturro
gt,Papumay
gt,Paquechelaj
gt,Paquib
gt,Paquib
gt,Paquim
gt,Paquí
gt,Paquip
gt,Paquisís
gt,Paquixic
gt,Paquixic
gt,Paquixjuyú
gt,Páquix
gt,Paraíso
gt,Parajbey
gt,Paraxaj
gt,Paraxquim
gt,Paraxquín
gt,Parcelamiento Agrario Centro Campesino
gt,Parcelamiento Agrario El Abano
gt,Parramos
gt,Parramos
gt,Parraxchaj
gt,Parraxiquín
gt,Parraxquim
gt,Parraxtut
gt,Paruxeché
gt,Pasacjoc
gt,Pasacom
gt,Pasaco
gt,Pasac
gt,Pasac
gt,Pasacuc
gt,Pasacul
gt,Pasajoc
gt,Pasajoc
gt,Pasajón
gt,Pasajquim
gt,Pasaljá
gt,Pasaneb
gt,Pasanjup
gt,Pasarajmac
gt,Pasasagua
gt,Pasbán
gt,Pashapa
gt,Pashjá
gt,Pasmolom
gt,Pasmolón
gt,Paso Caballos
gt,Paso de Comixtún
gt,Paso de Herrera
gt,Paso del Credo
gt,Paso Tecuaco
gt,Pastores
gt,Pasuc
gt,Patachaj
gt,Patache
gt,Pata de Buey
gt,Patalcal
gt,Patanatic
gt,Pata Negra
gt,Pata Renca
gt,Paterno
gt,Panimaché
gt,Panimacoc
gt,Panimacorral
gt,Patictenam
gt,Patio Bolas
gt,Patio de Bolas
gt,Patios de Trigo
gt,Patí
gt,Patixlán
gt,Patixtenam
gt,Pato Creek
gt,Patoquer
gt,Patulub
gt,Patulub
gt,Patulul
gt,Patunayché
gt,Patzaj
gt,Patut
gt,Patzaj
gt,Patuyú
gt,Patzalam
gt,Patzam
gt,Patzam
gt,Patzanes
gt,Patzibal
gt,Patzicía
gt,Patzicía
gt,Patzijom
gt,Patzité
gt,Patzité
gt,Patzojom
gt,Patzojón
gt,Patzulín
gt,Patzulín
gt,Patzunoj
gt,Patzún
gt,Patzunzún
gt,Patzutzún
gt,Paujil
gt,Pavit
gt,Paxán
gt,Paxashtal
gt,Paxbán
gt,Paxboch
gt,Paxcalté
gt,Paxcamán
gt,Paxilón
gt,Paximbal
gt,Paxixil
gt,Paxmux
gt,Paxocom
gt,Paxocón
gt,Paxoj
gt,Paxorotot
gt,Paxotcab
gt,Paxotoxib
gt,Paxot
gt,Paxot Primero
gt,Paxot Segundo
gt,Paxtocá
gt,Paxucupé
gt,Payá
gt,Payaque
gt,Payatzá
gt,Payoxajá
gt,Pecajbá
gt,Pedregalito
gt,Pedregal
gt,Pedregoso
gt,Pedro
gt,Pedro
gt,Pelillo Negro
gt,Pelillo
gt,Peña Blanca
gt,Peña Blanca
gt,Peña Blanca
gt,Peña Colorada
gt,Peña del Ángel
gt,Peña de La Virgen
gt,Peña de Plata
gt,Peña Flor
gt,Peña Plata
gt,Peña Roja
gt,Peñasco
gt,Peñasco
gt,Peñate
gt,Peñitas
gt,Pepe Nance
gt,Pepesca
gt,Pepinal
gt,Pequot
gt,Peralta
gt,Pericón
gt,Pericos
gt,Petacá
gt,Petanac
gt,Petapa
gt,Petapilla
gt,Petatán
gt,Petenchón
gt,Petén
gt,Petentá
gt,Petz
gt,Pexjá
gt,Pexlá
gt,Pezote
gt,Piache
gt,Pichaín
gt,Pichec
gt,Pichiquiej
gt,Pichiquil
gt,Picuatz
gt,Picú
gt,Pie de la Cuesta
gt,Pie de La Cuesta
gt,Pie de La Cuesta
gt,Pie de Las Flores
gt,Pie del Cerro
gt,Piedra Ancha
gt,Piedra Blanca
gt,Piedra Blanca
gt,Piedra Cuache
gt,Piedra de Amolar
gt,Piedra de Sangre
gt,Piedra Grande
gt,Piedra Grande
gt,Piedra Parada
gt,Piedra Parada
gt,Piedra Parada
gt,Piedra Parada
gt,Piedra Parada
gt,Piedra Partida
gt,Piedra Pintada
gt,Piedra Pintada
gt,Piedra Redonda
gt,Piedra Redonda
gt,Piedras Azules
gt,Piedras Blancas
gt,Piedras Blancas
gt,Piedras Blancas
gt,Piedras de Fuego
gt,Piedras Gordas
gt,Piedras Grandes
gt,Piedras Negras
gt,Piedras Negras
gt,Piedras Negras
gt,Pila de los Moscos
gt,Pila de Moscoso
gt,Pila Escondida
gt,Pila Seca
gt,Pilas
gt,Piletas
gt,Pinales
gt,Pinalito
gt,Pinalito
gt,Pinalito
gt,Pinalón
gt,Pinal
gt,Pinal
gt,Pinares
gt,Pinar
gt,Pineda
gt,Pino Dulce
gt,Pino Gordo
gt,Pino
gt,Pino Santa Cruz
gt,Pinos
gt,Pino Zacatón
gt,Pino Zapatón
gt,Pinpin
gt,Piñuelas
gt,Piñuelas
gt,Piol
gt,Pioquinto
gt,Pipa
gt,Pipiltepeque Abajo
gt,Pipiltepeque
gt,Pitahayas
gt,Pitzal
gt,Pixabaj
gt,Pixcayá
gt,Placetas
gt,Plan Arada
gt,Plancha de Piedra
gt,Plan de Arada
gt,Plan de Jacote
gt,Plan de la Arada
gt,Plan de la Cruz
gt,Plan de La Gloria
gt,Plan de La Lima
gt,Plan de Las Minas
gt,Plan de Lázaro
gt,Plan del Bote
gt,Plan del Carmelo
gt,Plan del Carmen
gt,Plan del Cerro
gt,Plan del Conejo
gt,Plan del Guapinol
gt,Plan del Guineo
gt,Plan del Jocote
gt,Plan del Morro
gt,Plan de Los Achiotes
gt,Plan del Pino
gt,Plan del Sare
gt,Plan del Tigre
gt,Plan de Manzo
gt,Plan de Robles
gt,Planes
gt,Planes
gt,Plan Grande
gt,Plan Grande
gt,Plan Grande
gt,Plan Grande Tatín
gt,Plan Redondo
gt,Plan Redondo
gt,Planta Eléctrica
gt,Plantón
gt,Platanarcito
gt,Platanar
gt,Platanar
gt,Platanillo Oaxaqueño
gt,Platanitos
gt,Plátanos
gt,Platillo
gt,Playa del Coyol
gt,Playa Grande
gt,Playitas
gt,Pochuta
gt,Pocitos de Barrera
gt,Pocitos
gt,Pocitos
gt,Pocohil
gt,Pocojilcab
gt,Pocojil
gt,Pocojil Primero
gt,Pocojil Segundo
gt,Pocolá
gt,Pocó
gt,Poctum
gt,Poctún
gt,Poité Abajo
gt,Poité
gt,Pojopom
gt,Poj
gt,Pologuá
gt,Polujuá
gt,Pombalsé
gt,Pomiscalché
gt,Pontezuela
gt,Pontezuelas
gt,Pontezuelas
gt,Pontezuelos
gt,Poptún
gt,Portezuelo del Norte
gt,Portezuelo
gt,Portezuelo
gt,Portezuelo
gt,Porvenir
gt,Posinicapa
gt,Positos
gt,Potrerillo
gt,Potrerillos
gt,Potrerillos
gt,Potrerillos
gt,Potrerillos
gt,Potreritos
gt,Potrero Carrillo
gt,Potrero de Carrillo
gt,Potrero del Burro
gt,Potrero Español
gt,Potrero Grande
gt,Potrero Grande
gt,Potrero Grande
gt,Potrero Grande
gt,Potrerón
gt,Potrero
gt,Potrero
gt,Poxlajuj
gt,Poxté
gt,Poza del Llano
gt,Poza del Zope
gt,Poza Honda
gt,Pozas Blancas
gt,Pozas de Agua
gt,Pozas
gt,Poza Verde
gt,Poza Verde
gt,Poza Verde
gt,Pozitos
gt,Pozo de Agua
gt,Pozo
gt,Prensas
gt,Primera Joya
gt,Progreso
gt,Progreso
gt,Progreso
gt,Provincia Chiquita
gt,Pucal
gt,Pucá
gt,Pudsilhá
gt,Pueblo Moyuta
gt,Pueblo Nuevo La Reforma
gt,Pueblo Nuevo
gt,Pueblo Nuevo
gt,Pueblo Nuevo
gt,Pueblo Nuevo
gt,Pueblo Nuevo
gt,Pueblo Nuevo
gt,Pueblo Nuevo
gt,Pueblo Nuevo
gt,Pueblo Nuevo Tiquisate
gt,Pueblo Nuevo Viñas
gt,Pueblo Ralo
gt,Pueblo Viejo
gt,Pueblo Viejo
gt,Pueblo Viejo
gt,Pueblo Viejo
gt,Pueblo Viejo
gt,Pueblo Viejo
gt,Pueblo Viejo
gt,Puente Blanco
gt,Puente de la Montaña
gt,Puente de Palo
gt,Puente La Barranquilla
gt,Puente Nahuatán
gt,Puente Plátanos
gt,Puente
gt,Puente Río Plátanos
gt,Puerta Abajo
gt,Puerta de Golpe
gt,Puerta de Golpe
gt,Puerta de Hierro
gt,Puerta del Pito
gt,Puerta del Señor
gt,Puerta Parada
gt,Puerta Privada
gt,Puerto Barrios
gt,Puerto Champerico
gt,Puerto de Champerico
gt,Puerto de Iztapa
gt,Puerto de Matias de Cordoba
gt,Puerto de Matias de Galvez
gt,Puerto De Ocos
gt,Puerto de San José
gt,Puerto de Santo Tomás
gt,Puerto Fluvial Francisco Vela
gt,Puerto Iztapa
gt,Puerto Modesto Mendez
gt,Puerto San José
gt,Puerto Santo Tomás de Castilla
gt,Puerto Viejo
gt,Pujujilito
gt,Pujujil
gt,Pulay
gt,Punta Arena
gt,Punta Brava
gt,Punta Arenas
gt,Punta del Cabo
gt,Punta de Manabique
gt,Punta de Palma
gt,Punta de Pita
gt,Punta de Rieles
gt,Punta El Llano
gt,Punta Herrería
gt,Punta Manabique
gt,Punta Palma
gt,Punta Pita
gt,Puntarenas
gt,Puntas Hondas
gt,Purucilá
gt,Purulhá
gt,Pushilá
gt,Pusilá Abajo
gt,Pusilá
gt,Pusilhá
gt,Putul
gt,Quachipilin
gt,Quacquix
gt,Quebracho
gt,Quebracho
gt,Quebracho
gt,Quebrada Arriba
gt,Quebrada de Agua
gt,Quebrada de Agua
gt,Quebrada de Agua
gt,Quebrada del Muerto
gt,Quebrada de López
gt,Quebrada de los Cangrejos
gt,Quebrada Grande
gt,Quebrada Honda
gt,Quebrada Honda
gt,Quebrada Honda
gt,Quebrada Los Encuentros
gt,Quebrada Seca
gt,Quebrada Seca
gt,Quebrada Seca
gt,Quebrada Seca
gt,Quebradas
gt,Quebraditas
gt,Quecchoch
gt,Quehueche
gt,Quequesiguán
gt,Quequesquillo
gt,Quequexque
gt,Quequexque
gt,Quequexquillo
gt,Quesada
gt,Quesera
gt,Quesiguán
gt,Quetzal
gt,Quetzaltenango
gt,Quetzaltepeque
gt,Quevá
gt,Quexaltenango
gt,Quezada
gt,Quezaltenango
gt,Quezaltepeque
gt,Quiacoj
gt,Quiacquix
gt,Quiajolá
gt,Quiajole
gt,Quiaquixac
gt,Quiaquizúyal
gt,Quiaxaque
gt,Quichelaj
gt,Quichumil
gt,Quiejel
gt,Quiéxaque
gt,Quijquemeyá
gt,Quilá
gt,Quilén Novillo
gt,Quilinco
gt,Quimalá
gt,Quimal
gt,Quinal
gt,Quinel
gt,Quinguá
gt,Quinteros
gt,Quiriguá
gt,Quisaché
gt,Quisayá
gt,Quisil
gt,Quixabaj
gt,Quixac
gt,Quixal Grande
gt,Quixal
gt,Quixal
gt,Quizachal
gt,Rabinalá
gt,Rabinal
gt,Racaná
gt,Racantacaj
gt,Rajoní
gt,Rama de Pino
gt,Ramírez
gt,Ranchería El Almendro
gt,Ranchería Las Delicias
gt,Rancho Bojón
gt,Rancho de Cuero
gt,Rancho de Teja
gt,Rancho de Teja
gt,Rancho de Teja
gt,Rancho Dulce
gt,Rancho El Padre
gt,Rancho Grande
gt,Rancho Quemado
gt,Rancho
gt,Rancho Teja
gt,Rancho Viejo
gt,Raudal Grande
gt,Raxaneb
gt,Raxanep
gt,Raxjul
gt,Raxjut
gt,Raxquin
gt,Raxquix
gt,Raxrrujá
gt,Raxrujá
gt,Recheché Cocales
gt,Recheché
gt,Recibimiento
gt,Recreo Buena Vista
gt,Recuerdo a Barrios
gt,Recuerdo Ocosito
gt,Reforma
gt,Reforma
gt,Reforma
gt,Refugio
gt,Refugio
gt,Refugio
gt,Rejeguero
gt,Relleno
gt,Remate
gt,Retalhuleo
gt,Retalhuleu
gt,Retalhuley
gt,Reyeno
gt,Riachuelito
gt,Riachuelo
gt,Rialey
gt,Rinconcito
gt,Rinconcito
gt,Rincón de Las Flores
gt,Rincón del Burro
gt,Rincon de Leon
gt,Rincón del Judío
gt,Rincón del León
gt,Rincón de Los Negros
gt,Rincón del Río
gt,Rincón de María
gt,Rincón de Santa Bárbara
gt,Rincón El Negrito
gt,Rincón Grande
gt,Rincón Grande
gt,Rincón Grande
gt,Rincón Judío
gt,Rincón La Cuesta
gt,Rincón León
gt,Rincón
gt,Rincón
gt,Rincón
gt,Rincón
gt,Rincón
gt,Rincón Tigre
gt,Río Arriba
gt,Río Arriba
gt,Río Blanco
gt,Río Blanco
gt,Río Blanco
gt,Río Blanco
gt,Río Blanco
gt,Río Blanco Segundo
gt,Río Bonito
gt,Río Bravo
gt,Río Bravo
gt,Río Chiquito
gt,Río Chiquito
gt,Río Chiquito
gt,Río de la Virgen
gt,Río Dulce
gt,Río Frío
gt,Río Frío
gt,Río Grande Abajo
gt,Río Grande Arriba
gt,Río Grande
gt,Río Grande
gt,Río Hondo
gt,Río Hondo
gt,Río Hondo
gt,Río La Virgen
gt,Río Manuel
gt,Río Negro
gt,Río Negro
gt,Río Ocho
gt,Río Paz
gt,Río Pichilingo
gt,Río Poxté
gt,Río Salado
gt,Río San Carlos
gt,Río San Juan
gt,Río Santiago
gt,Río Seco
gt,Río Seco
gt,Río Zarco
gt,Río Zarquito
gt,Rito Bonillo
gt,Roblarcito
gt,Roblarcito
gt,Roblarón
gt,Roblarón
gt,Roblar
gt,Roble Amarillo
gt,Roble Gacho
gt,Roble Grande
gt,Rodeíto
gt,Rodeíto
gt,Rodeo Alto
gt,Rodeo El Espino
gt,Rodeo Espino
gt,Rodeo Las Lajas
gt,Rodeo
gt,Rodeo
gt,Rodeo
gt,Rodeo
gt,Rodeo
gt,Rodeo
gt,Rodeo
gt,Rodeo
gt,Rodriguitos
gt,Rosario
gt,Rosario
gt,Rosario
gt,Rosario
gt,Rosario
gt,Rosarito
gt,Rubelchoc
gt,Rubelococ
gt,Rubelolom
gt,Rubelpec
gt,Rubelquiché
gt,Rubelsaconac
gt,Rubelsanto
gt,Rubeltein
gt,Rubeltem
gt,Rustrián
gt,Ruyalgüit
gt,Sabalpop
gt,Sabal
gt,Sabana Arriba
gt,Sabana Grande
gt,Sabana Larga
gt,Sabaneta
gt,Sabaneta
gt,Sabanetas
gt,Sabanetas
gt,Sabanetas
gt,Sabanetas
gt,Sabinal
gt,Sabob
gt,Sabunul
gt,Sacaal
gt,Sacalá
gt,Sacalá
gt,Sacamil
gt,Sacanaix
gt,Sacanchaj
gt,Sacanix
gt,Sacapulas
gt,Sacaretché
gt,Sacbichol
gt,Sachaf
gt,Sachaj
gt,Saclac
gt,Sacmixit
gt,Sacocpur
gt,Sacojito
gt,Sacoj
gt,Sacoman
gt,Saconac
gt,Sacpic
gt,Sacpulub
gt,Sacpuy
gt,Sacquitizimaaj
gt,Sacquitzimaaj
gt,Sacramento
gt,Sacranix
gt,Sacristal
gt,Sacruz
gt,Sacsiguán
gt,Sacsi
gt,Sacsuy
gt,Sactá
gt,Sacuchum
gt,Sacuk
gt,Sacul
gt,Sacuyó
gt,Sagrado Corazón
gt,Saguachil
gt,Sahilá
gt,Sajalal
gt,Sajcap
gt,Sajcavillá
gt,Sajcuín
gt,Sajquim
gt,Sajul
gt,Salamacueco
gt,Salamar
gt,Salamá
gt,Salamay
gt,Salamit
gt,Salamo
gt,Salam
gt,Salcajá
gt,Salfate Abajo
gt,Salfate
gt,Salfate
gt,Salinas Magdalena
gt,Salinas Nueve Cerros
gt,Salinas
gt,Salinas
gt,Salinas Santa Rosa
gt,Salitre
gt,Salitre
gt,Salitre
gt,Salitrón
gt,Salpet
gt,Salquil
gt,Saltán
gt,Samaché
gt,Samac
gt,Samalá
gt,Samastún
gt,Samastú
gt,Samayac
gt,Samayí
gt,Samororo
gt,Samororo
gt,Sampaquisoy
gt,Samsur
gt,Samurra
gt,Sanabaj
gt,San Agustín Acasaguastlán
gt,San Agustín Pacayá
gt,San Agustín
gt,San Agustín
gt,Sanajabá
gt,San Andrés Ceballos
gt,San Andrés Chápil
gt,San Andrés Huehuetenango
gt,San Andrés Huista
gt,San Andrés Itzapa
gt,San Andrés Sajcabajá
gt,San Andrés
gt,San Andrés
gt,San Andrés
gt,San Andrés
gt,San Andrés
gt,San Andrés
gt,San Andrés
gt,San Andrés Semetabaj
gt,San Andrés Villa Seca
gt,San Andrés Xecul
gt,San Ángel
gt,San Antonio Aguas Calientes
gt,San Antonio Chivac
gt,San Antonio del Angel
gt,San Antonio El Ángel
gt,San Antonio El Naranjo
gt,San Antonio El Órgano
gt,San Antonio El Sitio
gt,San Antonio El Socorro
gt,San Antonio Flores
gt,San Antonio Huista
gt,San Antonio Ilotenango
gt,San Antonio Ixtacapa
gt,San Antonio Lajas
gt,San Antonio La Noria
gt,San Antonio La Paz
gt,San Antonio Las Brisas
gt,San Antonio Las Flores
gt,San Antonio Las Flores
gt,San Antonio Las Flores
gt,San Antonio Las Flores
gt,San Antonio Las Lomas
gt,San Antonio Las Nubes
gt,San Antonio Las Trojes
gt,San Antonio Limones
gt,San Antonio Miramar
gt,San Antonio Nejapa
gt,San Antonio Nimá
gt,San Antonio Pacajá
gt,San Antonio Pajoc
gt,San Antonio Palopó
gt,San Antonio Panimaquin
gt,San Antonio Papaturro
gt,San Antonio Pasajoc
gt,San Antonio Sacatepéquez
gt,San Antonio
gt,San Antonio
gt,San Antonio
gt,San Antonio
gt,San Antonio
gt,San Antonio
gt,San Antonio
gt,San Antonio
gt,San Antonio
gt,San Antonio
gt,San Antonio
gt,San Antonio
gt,San Antonio
gt,San Antonio
gt,San Antonio Serchil
gt,San Antonio Sija
gt,San Antonio Socorro
gt,San Antonio Suchitepéquez
gt,San Antoñito
gt,Sanarate
gt,Sanarate
gt,San Barlotomé Milpas Altas
gt,San Bartolomé Jocotenango
gt,San Bartolomé Milpas Altas
gt,San Bartolomé
gt,San Bartolomé
gt,San Bartolo
gt,San Bartolo
gt,San Bartolo
gt,San Benito
gt,San Benito
gt,San Bernardino
gt,San Bernardo
gt,San Blas
gt,San Buenaventura
gt,San Carlos Alzatate
gt,San Carlos
gt,San Carlos
gt,San Carlos
gt,San Carlos
gt,San Carlos Sija
gt,San Cayetano
gt,Sanchico
gt,San Clemente
gt,San Cristóbal Acasaguastlán
gt,San Cristóbal Cucho
gt,San Cristóbal El Alto
gt,San Cristóbal El Bajo
gt,San Cristóbal Frontera
gt,San Cristóbal
gt,San Cristóbal
gt,San Cristóbal
gt,San Cristóbal
gt,San Cristóbal
gt,San Cristóbal
gt,San Cristóbal
gt,San Cristóbal Totonicapán
gt,San Cristóbal Verapaz
gt,San Diego
gt,San Diego
gt,San Diego
gt,San Diego
gt,San Diego
gt,San Esteban
gt,San Esteban
gt,San Felipe de Jesús
gt,San Felipe El Viejo
gt,San Felipe Las Tablas
gt,San Felipe
gt,San Felipe
gt,San Felipe
gt,San Felipe
gt,San Felipe
gt,San Felipe
gt,San Felipe
gt,San Fernando
gt,San Fernando
gt,San Francisco Buena Vista
gt,San Francisco Chuatuj
gt,San Francisco del Mar
gt,San Francisco de Sales
gt,San Francisco El Alto
gt,San Francisco Julaín
gt,San Francisco La Palma
gt,San Francisco Las Flores
gt,San Francisco La Unión
gt,San Francisco Los Hoyos
gt,San Francisco Madre Vieja
gt,San Francisco Poza Verde
gt,San Francisco
gt,San Francisco
gt,San Francisco
gt,San Francisco
gt,San Francisco
gt,San Francisco
gt,San Francisco
gt,San Francisco
gt,San Francisco
gt,San Francisco
gt,San Francisco Taquincó
gt,San Francisco
gt,San Francisco Zapotitlán
gt,San Gabriel Pansuy
gt,San Gabriel
gt,San Gabriel
gt,San Gabriel
gt,San Gaspar Ixchil
gt,San Gaspar
gt,San Gaspar
gt,San Gaspar
gt,San Gil
gt,Sangre de Cristo
gt,San Gregorio
gt,San Guan de Dios
gt,Sanguayabá
gt,San Ignacio
gt,San Ignacio
gt,San Ignacio
gt,San Ignacio
gt,San Ildefonso Ixtahuacán
gt,San Ildefonso
gt,San Isidro Botón Blanco
gt,San Isidro Ixcolochil
gt,San Isidro Labrador
gt,San Isidro Morazan
gt,San Isidro
gt,San Isidro
gt,San Isidro
gt,San Isidro
gt,San Isidro
gt,San Isidro
gt,San Isidro
gt,San Isidro
gt,San Isidro
gt,San Ixtán
gt,San Jacintillo
gt,San Jacinto
gt,San Jacinto
gt,San Jacinto
gt,San Javier
gt,Sanjay
gt,San Jerónimo
gt,San Jerónimo
gt,San Jerónimo
gt,San Jerónimo
gt,San Joaquín
gt,San Joaquín
gt,San Joaquin
gt,San Joaquín
gt,San Joaquín
gt,San Jorge La Laguna
gt,San Jorge
gt,San Jorge
gt,San José Acatempa
gt,San José Arada
gt,San José Bejucal
gt,San José Belice
gt,San José Buena Vista
gt,San José Caben
gt,San José Chacayá
gt,San José Chibuj
gt,San José Chiquilajá
gt,San José Chiquito
gt,San José de Guatemala
gt,San José del Golfo
gt,San José El Espinero
gt,San José El Golfo
gt,San José El Ídolo
gt,San José El Tablón
gt,San José Granados
gt,San José Hueviapa
gt,San José Ixjoyón Ojetenán
gt,San José Ixjoyón
gt,San José Ixtal
gt,San José La Arada
gt,San José Las Cañas
gt,San José Las Flores
gt,San José Las Flores
gt,San José Las Islas
gt,San José Las Lágrimas
gt,San José Las Minas
gt,San José Las Navajas
gt,San José Las Pilas
gt,San José Mogollón
gt,San José Nacagüil
gt,San José Nacahuil
gt,San José Nil Chiquito
gt,San José Ojetenam
gt,San José Ojetenán
gt,San Jose Pachimachó
gt,San José Panimachó
gt,San José Pinula
gt,San José Poaquil
gt,San José Rama Blanca
gt,San José
gt,San José
gt,San José
gt,San José
gt,San José
gt,San José
gt,San José
gt,San José
gt,San José
gt,San José
gt,San José Suchicul
gt,San José Trapiche Grande
gt,San José Xulá
gt,San Juan Acul
gt,San Juan Alotenango
gt,San Juan Amatitlán
gt,San Juan Arana
gt,San Juan Atitán
gt,San Juan Atitlán
gt,San Juan Bautista
gt,San Juan Chamelco
gt,San Juancito
gt,San Juan Cotzal
gt,San Juan de Arana
gt,San Juan de Dios
gt,San Juan de la Ermita
gt,San Juan del Obispo
gt,San Juan El Aguacate
gt,San Juan El Cerrito
gt,San Juan Ermita
gt,San José
gt,San Juan Gascón
gt,San Juan Ixcoy
gt,San Juan La Isla
gt,San Juan La Laguna
gt,San Juan Las Minas
gt,San Juan Melendrés
gt,San Juan Meléndrez
gt,San Juan Mixtán
gt,San Juan Obispo
gt,San Juan Ostuncalco
gt,San Juan Sacatepéquez
gt,San Juan Salamo
gt,San Juan
gt,San Juan
gt,San Juan
gt,San Juan
gt,San Juan
gt,San Juan
gt,San Juan
gt,San Juan
gt,San Juan
gt,San Juan
gt,San Juan
gt,San Juan
gt,San Juan
gt,San Juan Tapalapa
gt,San Juan Tecuaco
gt,San Julián
gt,San Lorencito
gt,San Lorenzo El Cubo
gt,San Lorenzo El Tejar
gt,San Lorenzo
gt,San Lorenzo
gt,San Lorenzo
gt,San Lorenzo
gt,San Lorenzo
gt,San Lorenzo
gt,San Lorenzo
gt,San Lucas Choatacaj
gt,San Lucas Sacatepéquez
gt,San Lucas
gt,San Lucas
gt,San Lucas Tolimán
gt,San Luis Buena Vista
gt,San Luis Güishoro
gt,San Luis Ilopango
gt,San Luis Ixcán
gt,San Luis Jilotepeque
gt,San Luis Las Carretas
gt,San Luis
gt,San Luis
gt,San Luis
gt,San Luis
gt,San Luis
gt,San Luis
gt,San Luis
gt,San Luis
gt,San Luis
gt,San Manuel Chaparrón
gt,San Manuel
gt,San Marcos Huista
gt,San Marcos La Laguna
gt,San Marcos La Union
gt,San Marcos
gt,San Marcos
gt,San Marcos
gt,San Marcos
gt,San Marcos
gt,San Marcos
gt,San Marcos
gt,San Martín Chiquito
gt,San Martineros
gt,San Martín Jilotepeque
gt,San Martín Sacatepéquez
gt,San Martín
gt,San Martín
gt,San Martín
gt,San Martín
gt,San Martín
gt,San Martín
gt,San Martín
gt,San Martín
gt,San Martín Zapotitlán
gt,San Mateo Ixtatán
gt,San Mateo Milpas Altas
gt,San Mateo
gt,San Mateo
gt,San Matías
gt,San Matías
gt,San Matías
gt,San Miguel Acatán
gt,San Miguel Aroche
gt,San Miguel Chicaj
gt,San Miguel Dueñas
gt,San Miguelito Calahuaché
gt,San Miguelito
gt,San Miguelito
gt,San Miguelito
gt,San Miguelito
gt,San Miguelito
gt,San Miguel Ixtahuacán
gt,San Miguel Las Flores
gt,San Miguel Mapá
gt,San Miguel Milpas Altas
gt,San Miguel Morazán
gt,San Miguel Panán
gt,San Miguel Petapa
gt,San Miguel
gt,San Miguel
gt,San Miguel
gt,San Miguel
gt,San Miguel
gt,San Miguel
gt,San Miguel
gt,San Miguel
gt,San Miguel
gt,San Miguel Sigüilá
gt,San Miguel Tucurú
gt,San Miguel Uspantán
gt,San Nicolás
gt,San Nicolás
gt,San Nicolás
gt,San Nicolás
gt,San Nicolás
gt,San Nicolás
gt,San Nicolás
gt,San Pablo Jocopilas
gt,San Pablo Laguna
gt,San Pablo La Laguna
gt,San Pablo
gt,San Pablo
gt,San Pablo
gt,San Pablo
gt,San Pablo
gt,San Pablo
gt,San Patricio
gt,San Pedra
gt,San Pedrito
gt,San Pedrito
gt,San Pedro Ayampuc
gt,San Pedro Cadenas
gt,San Pedro Carchá
gt,San Pedro Cutzán
gt,San Pedro Jocopilas
gt,San Pedro La Gaguna
gt,San Pedro La Laguna
gt,San Pedro Las Huertas
gt,San Pedro Nahualate
gt,San Pedro Necta
gt,San Pedro Petz
gt,San Pedro Pinula
gt,San Pedro Sacatepéquez
gt,San Pedro Sacatepéquez
gt,San Pedro
gt,San Pedro
gt,San Pedro
gt,San Pedro
gt,San Pedro
gt,San Pedro
gt,San Pedro
gt,San Pedro
gt,San Pedro Soloma
gt,San Pedro Yepocapa
gt,Sanquijuela
gt,San Rafael Bocol
gt,San Rafael Cerro Blanco
gt,San Rafael El Rosario
gt,San Rafael Guativil
gt,San Rafael Independencia
gt,San Rafael La Independencia
gt,San Rafael Las Flores
gt,San Rafael Las Flores
gt,San Rafael Las Flores
gt,San Rafael Pacayá
gt,San Rafael Petzal
gt,San Rafael Pie Cuesta
gt,San Rafael Pie de La Cuesta
gt,San Rafael Pié la Cuesta
gt,San Rafael Sacatepéquez
gt,San Rafael
gt,San Rafael
gt,San Rafael
gt,San Rafael
gt,San Rafael
gt,San Rafael
gt,San Rafael
gt,San Rafael
gt,San Rafael
gt,San Rafael Soche
gt,San Rafael Ygüil
gt,San Raimundo
gt,San Raimundo
gt,San Ramón
gt,San Ramón
gt,San Ramón
gt,San Raymundo
gt,Sansare
gt,Sansayo
gt,San Sebastián Coatán
gt,San Sebastián Huehuetenango
gt,San Sebastián Lemoa
gt,San Sebastián
gt,San Sebastián
gt,San Sebastián
gt,San Sebastián
gt,San Sebastián
gt,Sanshico
gt,San Simón
gt,Sansirisay
gt,Sansirisay
gt,Sansirizoy
gt,Sansuque
gt,Sansur
gt,Sansurutate
gt,Santa Amelia
gt,Santa Ana Belén
gt,Santa Ana Chimaltenango
gt,Santa Ana Huista
gt,Santa AnaMalacatán
gt,Santa Ana Mixtán
gt,Santa Ana
gt,Santa Ana
gt,Santa Ana
gt,Santa Ana
gt,Santa Ana
gt,Santa Ana
gt,Santa Ana
gt,Santa Anita Nistiquipaque
gt,Santa Anita
gt,Santa Anita
gt,Santa Anita
gt,Santa Anita
gt,Santa Apolonia
gt,Santa Bárbara Lo de Lac
gt,Santa Bárbara
gt,Santa Bárbara
gt,Santa Bárbara
gt,Santa Bárbara
gt,Santa Bárbara
gt,Santa Bárbara
gt,Santa Bárbara
gt,Santa Bárbara
gt,Santa Bárbara
gt,Santa Catalina
gt,Santa Catalina
gt,Santa Catarina Arriba
gt,Santa Catarina Barahona
gt,Santa Catarina Ixtahuacán
gt,Santa Catarina Mita
gt,Santa Catarina Palopó
gt,Santa Catarina Pinula
gt,Santa Catarina
gt,Santa Catarina
gt,Santa Catarina
gt,Santa Clara La Laguna
gt,Santa Clara
gt,Santa Clara
gt,Santa Clara
gt,Santa Clara
gt,Santa Clara
gt,Santa Clara
gt,Santa Clara
gt,Santa Clarita
gt,Santa Cruz Balanyá
gt,Santa Cruz de Chinautla
gt,Santa Cruz del Quiché
gt,Santa Cruz El Chol
gt,Santa Cruz La Laguna
gt,Santa Cruz Muluá
gt,Santa Cruz Naranjo
gt,Santa Cruz
gt,Santa Cruz
gt,Santa Cruz
gt,Santa Cruz
gt,Santa Cruz
gt,Santa Cruz
gt,Santa Cruz
gt,Santa Cruz
gt,Santa Cruz
gt,Santa Cruz Verapaz
gt,Santa Domingo Xenacoj
gt,Santa Elena Barillas
gt,Santa Elena
gt,Santa Elena
gt,Santa Elena
gt,Santa Elena
gt,Santa Elena
gt,Santa Elena
gt,Santa Eulalia
gt,Santa Fe
gt,Santa Gertrudis
gt,Santa Gertrudis
gt,Santa Herminia
gt,Santa Inés Chivac
gt,Santa Inés Petapa
gt,Santa Inés Pinula
gt,Santa Inés
gt,Santa Inés
gt,Santa Irene
gt,Santa Isabel
gt,Santa Isabel
gt,Santa Isabel
gt,Santa Isabel
gt,Santa Isabel
gt,Santa Lucía Cotzumalguapa
gt,Santa Lucía La Reforma
gt,Santa Lucía Lochuyes
gt,Santa Lucía Milpas Altas
gt,Santa Lucía Sabaneta
gt,Santa Lucía
gt,Santa Lucía
gt,Santa Lucía
gt,Santa Lucía
gt,Santa Lucía
gt,Santa Lucía
gt,Santa Lucía
gt,Santa Lucía
gt,Santa Lucía Segundo
gt,Santa Lucía Utatlán
gt,Santa María Cauqué
gt,Santa María Chiquimula
gt,Santa María de Jesús
gt,Santa María de Jesús
gt,Santa María El Naranjo
gt,Santa María Ixhuatán
gt,Santa María Naranjo
gt,Santa María
gt,Santa María
gt,Santa María
gt,Santa María
gt,Santa María
gt,Santa María
gt,Santa María
gt,Santa María
gt,Santa María Visitación
gt,Santa Marta el Mar
gt,Santa Marta Meléndrez
gt,Santa Marta
gt,Santa Marta
gt,Santa Marta
gt,Santa Marta
gt,Santa Marta
gt,Santa Marta
gt,Santana
gt,Santa Rita
gt,Santa Rita
gt,Santa Rita
gt,Santa Rita
gt,Santa Rita
gt,Santa Rita
gt,Santa Rosa Chucuyub
gt,Santa Rosa de Lima
gt,Santa Rosalía
gt,Santa Rosalía
gt,Santa Rosalía
gt,Santa Rosa
gt,Santa Rosa
gt,Santa Rosa
gt,Santa Rosa
gt,Santa Rosa
gt,Santa Rosa
gt,Santa Rosa
gt,Santa Rosa
gt,Santa Rosa
gt,Santa Rose de Lima
gt,Santa Rosita
gt,Santa Rosita
gt,Santa Rosita
gt,Santa Rosita
gt,Santa Teresa
gt,Santa Teresa
gt,Santa Teresa
gt,Santa Teresa
gt,Santa Teresita
gt,Santa Teresita
gt,Santa Victoria
gt,Santiago Atitlán
gt,Santiago Chimaltenango
gt,Santiago de Guatimala
gt,Santiago de los Caballeros de Guatemala la Nueva
gt,Santiago de los Caballeros de Guatemala
gt,Santiago Petatán
gt,Santiago Sacatepéquez
gt,Santiago
gt,Santiago
gt,Santiago
gt,Santiago
gt,Santiago Zamora
gt,Santiaguito
gt,Santo Domingo Los Ocotes
gt,Santo Domingo Nancinta
gt,Santo Domingo
gt,Santo Domingo
gt,Santo Domingo
gt,Santo Domingo
gt,Santo Domingo
gt,Santo Domingo
gt,Santo Domingo
gt,Santo Domingo
gt,Santo Domingo Suchitepéquez
gt,Santo Domingo Xecanoj
gt,Santo Domingo Xenacoj
gt,Santo Tomás Chichicastenango
gt,Santo Tomás de Castilla
gt,Santo Tomás La Unión
gt,Santo Tomás Milpas Altas
gt,Santo Tomás
gt,Santo Tomas
gt,Santo Tomás
gt,Santo Toribio
gt,San Vicente Buenabaj
gt,San Vicente Cahaboncillo
gt,San Vicente Chicatál
gt,San Vicente Mártir
gt,San Vicente Pacaya
gt,San Vicente Pacayá
gt,San Vicente
gt,San Vicente
gt,San Vicente
gt,San Xan
gt,Sanyuyo
gt,San Vicente
gt,Sapatá
gt,San Vicente
gt,Sapuyuca
gt,Saquibal
gt,Saquib Segundo
gt,Saquicol
gt,Saquicol Chiquito
gt,Saquijá
gt,Saquilná
gt,Saquinol Chiquito
gt,Saquiquib
gt,Saquiquib
gt,Saquitacaj
gt,Saquixim
gt,Saquixquib
gt,Saquixún
gt,Saquiyacab
gt,Saquiyá
gt,Saquiyá
gt,Saraquén
gt,Sargento
gt,Sarimá
gt,Sarranx
gt,Sarraxquén
gt,Sarstoon
gt,Sarstún Creek
gt,Sarstún
gt,Sashico
gt,Saspán
gt,Satexá
gt,Satex
gt,Satzí
gt,Sauce
gt,Sauce
gt,Sauces
gt,Saushul
gt,Sayaxché
gt,Sayazché
gt,Seabaj
gt,Seabas
gt,Seamay
gt,Seamay
gt,Seaquitzimay
gt,Searranx
gt,Searranx
gt,Searranz
gt,Sebach
gt,Sebac
gt,Sebep
gt,Sebilá
gt,Sebob
gt,Sebol
gt,Secaaché
gt,Secacpur
gt,Secalá
gt,Secampamá
gt,Secampanac
gt,Secampana
gt,Secanché
gt,Secanquim
gt,Secansín
gt,Secaquitzimay
gt,Seceb
gt,Sechacalté
gt,Sechactí
gt,Sechaj
gt,Secheu
gt,Sechinacté
gt,Sechiquito
gt,Sechum
gt,Seclac
gt,Secocbol
gt,Secocpur
gt,Secomococh
gt,Secomontul
gt,Secomuxán
gt,Seconón
gt,Secoró
gt,Secoyab
gt,Secoyob
gt,Secoyoucoch
gt,Secoyou
gt,Secruzyac
gt,Sec
gt,Secuabón
gt,Secvuamó
gt,Seguachil
gt,Seguamó
gt,Seguolguol
gt,Seibal
gt,Sejabal
gt,Sejabás
gt,Sejalauté
gt,Sejá
gt,Sejauté
gt,Sejix
gt,Selauté
gt,Selijá
gt,Semabilá
gt,Semachaca
gt,Semachaquilá
gt,Semac
gt,Semar
gt,Semanzana
gt,Semau
gt,Semejá
gt,Semetabaj
gt,Semillero
gt,Semil
gt,Seminole
gt,Semococh
gt,Semox
gt,Semox
gt,Semuc
gt,Semuy
gt,Semuy
gt,Senahú
gt,Sencaal
gt,Séneca
gt,Sepacuité
gt,Sepacvité
gt,Sepatá
gt,Sepelá
gt,Sepemech
gt,Sepemech
gt,Sepemoch
gt,Sepoc
gt,Sepojxic
gt,Sepur
gt,Sequilá
gt,Sequilá
gt,Sequivillá
gt,Sequixché
gt,Sequixpec
gt,Sequixpur
gt,Sequixquib
gt,Serchil
gt,Serocalam
gt,Serraxic
gt,Sesab
gt,Sesacar
gt,Sesacar
gt,Sesacpec
gt,Sesacpoc
gt,Sesajal
gt,Sesaltul
gt,Sesapec
gt,Sesaquiquib
gt,Seseb
gt,Seselá
gt,Sesesmilito
gt,Sesoch
gt,Sesteadero
gt,Sesuchaj
gt,Sesutzuj
gt,Setoc
gt,Setul
gt,Setuts
gt,Setutz
gt,Setzacpec
gt,Setzapec
gt,Setzimaj
gt,Setzí
gt,Setzol
gt,Setzuc
gt,Seubub
gt,Sexamch
gt,Sexamoch
gt,Seyamch
gt,Seyenabá
gt,Seyenebá
gt,Shalaguá
gt,Shanshul
gt,Shaushul
gt,Shical
gt,Shinshín
gt,Shulá
gt,Shupá Primero
gt,Shupá Segundo
gt,Shupá
gt,Shusho Abajo
gt,Shusho Arriba
gt,Shusho
gt,Shutimita
gt,Sibacá
gt,Sibaná
gt,Sibiché
gt,Sibicté
gt,Sibilá
gt,Sibilia
gt,Sibinal
gt,Sicabé
gt,Sicaché
gt,Sichivilá
gt,Sichugil
gt,Sierra Mejada
gt,Sierra Mojada
gt,Siete Pinos
gt,Siete Tambores
gt,Siguatiupa
gt,Sigüilá
gt,Sija
gt,Silas
gt,Sillín
gt,Sillón
gt,Simajuleu
gt,Simajutiú
gt,Sinacantán
gt,Sinaca
gt,Sinaneca
gt,Sinanjá
gt,Sinchín
gt,Sincuya
gt,Sintaná
gt,Sioux
gt,Sioux Wye
gt,Sipacapa
gt,Sipacate
gt,Siquibal
gt,Siquichum
gt,Siquinalá
gt,Siquival
gt,Sisbaljá
gt,Sisiltepeque
gt,Sitio de Las Flores
gt,Sitio del Niño
gt,Sitio Naranjo
gt,Sitio
gt,Sitio Viejo
gt,Sivinal
gt,Smau
gt,Soche
gt,Soch
gt,Soconoc
gt,Socorro
gt,Socotoco
gt,Solapado
gt,Soledad Colorado
gt,Soledad Grande
gt,Soledad
gt,Soledad
gt,Soledad
gt,Sololá
gt,Soloma
gt,Songotongo
gt,Sonora
gt,Sonté
gt,Sordos
gt,Soselá
gt,Soselá
gt,Soselá
gt,Soslagunas
gt,Sotzil
gt,Soyate
gt,Soyate
gt,Suacité
gt,Subajasum
gt,Subajasún
gt,Subchal
gt,Subinal
gt,Suchiate
gt,Suchicul
gt,Suchiquer
gt,Suchitán
gt,Sucuj
gt,Sucúlique
gt,Sucum
gt,Sulay
gt,Sumache
gt,Sumal Grande
gt,Sumal
gt,Sumpango
gt,Sunzapote
gt,Sunzapote
gt,Sunzapote
gt,Suquinay
gt,Suquite
gt,Suquix
gt,Suspiro
gt,Sutún
gt,Suyate
gt,Suyil
gt,Switch Molina
gt,Tabacal
gt,Tabacal
gt,Tabancas
gt,Tabloncito
gt,Tablón de Cayur
gt,Tablón de Gámez
gt,Tablón de Gómez
gt,Tablón del Ocotal
gt,Tablón de Mesas
gt,Tablón de Sulay
gt,Tablones
gt,Tablón Ojo de Agua
gt,Tablón San Bartolo
gt,Tablón
gt,Tablón
gt,Tablón
gt,Tablón
gt,Tacajalbé
gt,Tacajalvé
gt,Tacaná
gt,Tacatón
gt,Tachoche
gt,Tachote
gt,Tacó Arriba
gt,Tactic
gt,Tacuenté
gt,Tacululús
gt,Tafu
gt,Taguayní
gt,Tahuainí
gt,Tahuesco
gt,Tajál
gt,Tajaral
gt,Tajuchuch
gt,Tajumuc
gt,Tajumulco
gt,Tajún
gt,Talaxcoc
gt,Talbijoj
gt,Tahuexco
gt,Talco
gt,Talisgüite
gt,Talismán
gt,Talmax
gt,Talpetates
gt,Talpetates
gt,Talpetate
gt,Talpetatillo
gt,Talquesal
gt,Talquezal
gt,Talquezal
gt,Taltute
gt,Tamagás
gt,Tamagáz
gt,Tamahú
gt,Tamarindo
gt,Tambor
gt,Tambor
gt,Tameja
gt,Tamiz
gt,Tampico
gt,Tampoc
gt,Tampó
gt,Tanajuyú
gt,Tanchí
gt,Tancushapa
gt,Tanilar
gt,Tánil
gt,Tanjoc
gt,Tanshá
gt,Tanusté
gt,Tapacún
gt,Tapaljocote
gt,Tapatá
gt,Tapazán
gt,Tapesquillo
gt,Tapezquillo
gt,Taplón
gt,Tapuán
gt,Taquincó
gt,Taracena
gt,Tareas
gt,Tarral
gt,Tashán
gt,Tasharja
gt,Tasquegüite
gt,Tasheca
gt,Tasquehuite
gt,Tatasirire
gt,Tatín
gt,Tatutú
gt,Taxarjá
gt,Taxarté
gt,Taxisco
gt,Tecelchacán
gt,Tecojate
gt,Tecomapa
gt,Tecomates
gt,Tecpam
gt,Tecpán
gt,Tecpán Guatemala
gt,Tectipan
gt,Tectitán
gt,Tectitlan
gt,Tecuaco
gt,Tecuamburro
gt,Teculután
gt,Tecusiate
gt,Tehuana
gt,Tejar
gt,Tejas
gt,Tejutla
gt,Telemán
gt,Telená
gt,Telpocate
gt,Temax
gt,Tempiscón
gt,Tempisque
gt,Tempisque
gt,Temux
gt,Tenedores
gt,Tenexte
gt,Teninquín
gt,Teocinte
gt,Tepeaco
gt,Tepeguajal
gt,Tepemechines
gt,Tepescuinte
gt,Tepezcuinte
gt,Tepuán
gt,Tequisate
gt,Terreno
gt,Terrerito
gt,Terrerito
gt,Terrero Barroso
gt,Terrero
gt,Terrero
gt,Terrero
gt,Terrero
gt,Terrero
gt,Terrones
gt,Tesoro Arriba
gt,Tesoro
gt,Tesoro
gt,Tetunte
gt,Texcuaco
gt,Texolbé
gt,The Most Noble and Most Loyal City of Santiago of the Knights of Goathemala
gt,Tiargüí
gt,Ticanlú
gt,Tichac
gt,Ticultá
gt,Tierra Blanca
gt,Tierra Blanca
gt,Tierra Blanca
gt,Tierra Blanca
gt,Tierra Blanca
gt,Tierra Colorada
gt,Tierra Colorada
gt,Tierra Colorada
gt,Tierra Colorada
gt,Tierra Colorada
gt,Tierra Colorada
gt,Tierra Colorada
gt,Tierra Colorada
gt,Tierra Colorado
gt,Tierra Colorado
gt,Tierra Mala
gt,Tierra Mojada
gt,Tierra
gt,Tiestos
gt,Tikal
gt,Tikan Sakan
gt,Terrero
gt,Timajté
gt,Timax
gt,Timté
gt,Timushán
gt,Timushán
gt,Timuxán
gt,Tinajab
gt,Tinajas
gt,Tinajas
gt,Tintaché
gt,Tintón
gt,Tintuleu
gt,Tioxyá
gt,Tiquinsacán
gt,Tilapa
gt,Tiquisate
gt,Tiquizate
gt,Tiritibol
gt,Tisamarté
gt,Tishical
gt,Tishinté
gt,Tisipe
gt,Tisizón
gt,Tisubin
gt,Tituc
gt,Tituque
gt,Tiúcal Arriba
gt,Tiúcal
gt,Tixel
gt,Tixinté
gt,Tizaquín
gt,Tizubín
gt,Toacá
gt,Toajlaj
gt,Tobar
gt,Tobón
gt,Tocache
gt,Tocache
gt,Timacté
gt,Tocal
gt,Tocolá
gt,Todos Santos Cuchumatanes
gt,Todos Santos Cuchumatán
gt,Todos Santos
gt,Tojalic
gt,Tojcail
gt,Tojcham
gt,Tojcheluc
gt,Tojchiguel
gt,Tojchina
gt,Tojchiquel
gt,Tojchol
gt,Tojcomán
gt,Tojcom
gt,Tojcorral
gt,Toj Guabil
gt,Toj Guavil
gt,Tojmech
gt,Tojquián Chico
gt,Tojquián Grande
gt,Tojquiá
gt,Tojxin
gt,Toma de Agua
gt,Tomtem
gt,Tonajuyú
gt,Toncontín
gt,Tonicoj
gt,Tonquín
gt,Tontem
gt,Tontola
gt,Tontoles
gt,Tontolos
gt,Tontolo
gt,Tontol
gt,Toquelá
gt,Toquián Grande
gt,Toquián
gt,Torres
gt,Trapiche Abajo
gt,Trapiche de Agua
gt,Trapiche de Vargas
gt,Trapiche Grande
gt,Trapiche
gt,Trapiche Vargas
gt,Trapiche Viejo
gt,Trapichitos
gt,Trapichitos
gt,Trapichito
gt,Trapichito
gt,Totonicapán
gt,Trancas
gt,Trapichito
gt,Transvaal
gt,Trapichito Viejo
gt,Trasbal
gt,Trece Aguas
gt,Trementina
gt,Tres Ceibas
gt,Tres Cruces
gt,Tres Cruces
gt,Tres Cruces
gt,Tres Naciones
gt,Tres Pinos
gt,Tres Pinos
gt,Tres Puentes
gt,Tres Quebradas
gt,Tres Sabanas
gt,Tripa de Gallina
gt,Triunfo
gt,Troja Vieja
gt,Trojes
gt,Tronco del Cedro
gt,Trujillo
gt,Tuacá
gt,Tubán
gt,Tuba
gt,Tucunel
gt,Tucurú
gt,Tuichán
gt,Tuichilupe
gt,Tuichim
gt,Tuicoche
gt,Tuicoch
gt,Tuijonoc
gt,Tuilá
gt,Tuilcanabaj
gt,Tuiloplatzán
gt,Tuimuj
gt,Tuinimá
gt,Tuinimá
gt,Tuininhuitz
gt,Tuipic
gt,Tuipox
gt,Tuisachix
gt,Tuispic
gt,Tuitzcán
gt,Tuitzibil
gt,Tuitzisbil
gt,Tuixcox
gt,Tujolom
gt,Tular
gt,Tulate
gt,Tula
gt,Tulumagillo
gt,Tulumagio
gt,Tulumaje
gt,Tulumajillo
gt,Tumayac
gt,Tumbador
gt,Tunajá
gt,Tunal
gt,Tunas
gt,Tuna
gt,Tuna
gt,Tunayac
gt,Tuncaj
gt,Tunucó Abajo
gt,Tunucó
gt,Tupiltepeque
gt,Tupulcán
gt,Turbalá
gt,Tusam
gt,Tushico
gt,Tuticopote Abajo
gt,Tuticopote Arriba
gt,Tuticopote
gt,Tutico
gt,Tuxipech
gt,Tuzam
gt,Tuzán
gt,Tzábal
gt,Tzajcab
gt,Tzalamabaj
gt,Tzalamabaj
gt,Tzalamtum
gt,Tzalanabaj
gt,Tzalbal
gt,Tzanatzán
gt,Tzancquib
gt,Tzanimacabaj
gt,Tzanixnam
gt,Tzanjón
gt,Tzanjoyam
gt,Tzanjuyub
gt,Tzanjuyú
gt,Tzanmucubal
gt,Tzayá
gt,Tzeltaj
gt,Tziajá
gt,Tzicojach
gt,Tzimatzatz
gt,Tzipoclaj
gt,Tziquiná
gt,Tznúnu
gt,Tzucop
gt,Tzucubalbé
gt,Tzucubal
gt,Tzuján
gt,Tzulá
gt,Tzumumá
gt,Tzuná
gt,Tzuncal
gt,Tzunumá
gt,Tzununá
gt,Tzununcap
gt,Uaxactún
gt,Ucalbitz
gt,Ujuxte
gt,Ulpán
gt,Ulutelac
gt,Umaña
gt,Unión Barrios
gt,Unión
gt,Unión
gt,Unión
gt,Unión
gt,Upayón
gt,Urbina
gt,Urlanta
gt,Uruguay
gt,Usumatlán
gt,Us
gt,Uvas
gt,Uzumatlán
gt,Vacas
gt,Vado Ancho
gt,Vado Ancho
gt,Vado Ancho
gt,Vado de Don Juan
gt,Vado Hondo
gt,Vado Hondo
gt,Vado Hondo
gt,Vainillas
gt,Uruguay
gt,Vainilla
gt,Valencia
gt,Valencia
gt,Valentón
gt,Valeriano
gt,Valle Abajo
gt,Valle Arriba
gt,Valle Arriba
gt,Valle de Dolores
gt,Valle de Jesús
gt,Valle de los Portillo
gt,Valle Dolores
gt,Valle El Platanar
gt,Valle Nuevo
gt,Valle Nuevo
gt,Valle Nuevo
gt,Valle Nuevo
gt,Vaquilito
gt,Varales
gt,Varejones
gt,Vargas
gt,Varituc
gt,Varsovia
gt,Vásquez
gt,Vega Arriba
gt,Vega de la Hamaca
gt,Vega del Almendro
gt,Vega del Chile
gt,Vega del Cobán
gt,Vega del Limón
gt,Vega del Sandial
gt,Uspantán
gt,Vega del Volcán
gt,Vega del Volcán
gt,Vegas del Chile
gt,Vegas de Santo Domingo
gt,Vegas Santo Domingo
gt,Veguitas
gt,Veguitas
gt,Velásquez
gt,Venecia
gt,Venecia
gt,Ventana Abaj
gt,Veracruz
gt,Versalles
gt,Vertientes
gt,Victoria
gt,Viejas Casas
gt,Vilil
gt,Villa Alicia
gt,Villa Anales
gt,Villa Canales
gt,Villa Hermosa
gt,Villa Hermosa
gt,Villa Linda
gt,Villa Nueva
gt,Villa Nueva
gt,Viltac
gt,Virginia
gt,Visnagras
gt,Vista Bella
gt,Vista Hermosa
gt,Vista Hermosa
gt,Vivares
gt,Volcancitos
gt,Volcán
gt,Volcán
gt,Voltario
gt,Vuelta del Guayacán
gt,Vixbén
gt,Vuelta El Roble
gt,Vuelta Grande
gt,Vuelta Grande
gt,Vuelta Grande
gt,Vuelta Grande
gt,Vuelta Grande
gt,Vuelve Mujer
gt,Ware Creek
gt,Warey
gt,Warre Creek
gt,Xabil
gt,Xabiyaguach
gt,Xab
gt,Xacaxá
gt,Xachimoxán
gt,Xacoxol
gt,Xajal
gt,Xajaxac
gt,Xajxac
gt,Xalaguá
gt,Xalbaquiej
gt,Xaquijyá
gt,Xatinab
gt,Xatinap
gt,Xatzán
gt,Xayá
gt,Xayá
gt,Xeabajcab
gt,Xeabaj Primero
gt,Xeabaj Segundo
gt,Xeabaj
gt,Xeabaj
gt,Xeabaj
gt,Xeabaj
gt,Xeabaj
gt,Xeaj
gt,Xebalamguac
gt,Xebalamguac
gt,Xebalanguac
gt,Xebillaguach
gt,Xecachelaj
gt,Xecajá
gt,Xecalibal
gt,Xecalibal
gt,Xecampanabitz
gt,Xecam
gt,Xecanchavox
gt,Xecanuleu
gt,Xecaquixcán
gt,Xecaracoj
gt,Xecax
gt,Xechivoy
gt,Xecohíl
gt,Xecoíl
gt,Xecojá
gt,Xecol
gt,Xecotoj
gt,Xecoxol
gt,Xecoxó
gt,Xegüel
gt,Xejabí
gt,Xejabí
gt,Xejaví
gt,Xejaxac
gt,Xejip
gt,Xejolón
gt,Xejul
gt,Xejuyeu
gt,Xejuyub
gt,Xejuyub
gt,Xejuyub
gt,Xejuyú
gt,Xejuyú
gt,Xelacán
gt,Xelam
gt,Xémal
gt,Xémal
gt,Xenacoch
gt,Xenacoj
gt,Xenacoté
gt,Xenaeoj
gt,Xenaxicul
gt,Xenimajuyú
gt,Xenimaquín
gt,Xeococ
gt,Xepaché
gt,Xepach
gt,Xepac
gt,Xepalamá
gt,Xepanil
gt,Xeparquiy
gt,Xepatán
gt,Xepatuj
gt,Xepec
gt,Xepiacul
gt,Xepocol
gt,Xepol
gt,Xepón
gt,Xeputul
gt,Xequel
gt,Xequemeyá
gt,Xequistel
gt,Xeraxaj
gt,Xesaclac
gt,Xesacmaljá
gt,Xesajbín
gt,Xesajcab
gt,Xesaná
gt,Xesará
gt,Xesibacbitz
gt,Xesic
gt,Xesiguán
gt,Xesuc
gt,Xesuj
gt,Xetabal
gt,Xetacabaj
gt,Xetalbiljoj
gt,Xetenam
gt,Xetinamit
gt,Xetinamit
gt,Xetonox
gt,Xetzac
gt,Xetzac
gt,Xetzisí
gt,Xetzitzí
gt,Xexac
gt,Xexaná
gt,Xexocom
gt,Xicacao
gt,Xichiquel
gt,Ximajuleu
gt,Ximay
gt,Ximbaxuc
gt,Xiquiná
gt,Xiquín Sanai
gt,Xiprián
gt,Xix
gt,Xinacatí
gt,Xixviac
gt,Xobor
gt,Xococ
gt,Xocom
gt,Xolacoy
gt,Xolá
gt,Xolbeyá
gt,Xolchún
gt,Xolcoy
gt,Xoljuyub
gt,Xoloché
gt,Xolpic
gt,Xolsacmaljá
gt,Xolvellá
gt,Xoncá
gt,Xopacal
gt,Xororaguá
gt,Xostac
gt,Xoxlac
gt,Xoxtac
gt,Xubajasum
gt,Xucaneb
gt,Xuctzul
gt,Xucubué
gt,Xujchay
gt,Xulá Copepé
gt,Xulá
gt,Xulá
gt,Xulú
gt,Yabalquix
gt,Yajaucú
gt,Yalambojoch
gt,Yalanculuz
gt,Yalantán
gt,Yalcachimbá
gt,Yalchactí
gt,Yalcoc
gt,Yalicar
gt,Yalicoc
gt,Yalipur
gt,Yaliput
gt,Yalmoján
gt,Yalpemech
gt,Yaltoyas
gt,Yaltoyá
gt,Yaltutú
gt,Yamoj
gt,Yascap
gt,Yashá
gt,Yat
gt,Yaxanlac
gt,Yaxá
gt,Yaxá
gt,Yaxtunjá
gt,Yepocapa
gt,Yerbabuena
gt,Yerbabuena
gt,Yerbabuena
gt,Yerbabuena
gt,Yerbabuena
gt,Yerbabuena
gt,Yiquiché
gt,Yocón
gt,Yojoa
gt,Yolanquisis
gt,Yoláquitac
gt,Yolcultac
gt,Yolcutac
gt,Yolhuitz Grande
gt,Yolhuitz
gt,Yolicham
gt,Yolonquisis
gt,Yolsinís
gt,Yoltenam
gt,York
gt,Yoxaclá
gt,Yoxajá
gt,Yoxoclá
gt,Yucales
gt,Yucal
gt,Yuinimá
gt,Yulachequé
gt,Yulá San Juan
gt,Yulchén
gt,Yulhuitz
gt,Yulmacap
gt,Yupiltepeque
gt,Yuxén
gt,Yuxquén
gt,Zacapa
gt,Zacualpa
gt,Zacualpa
gt,Zacuapa
gt,Zacuapa
gt,Zaculeu
gt,Zaculeu
gt,Zanjón de Agua
gt,Zanjón El Tiesto
gt,Zanjón San Lorenzo
gt,Zapotal
gt,Zapotal
gt,Zapote del Bálsamo
gt,Zapote
gt,Zapote
gt,Zapote
gt,Zapote
gt,Zapotitlancito
gt,Zapotitlán
gt,Zaragoza
gt,Zarquito
gt,Zarzal
gt,Zarzal
gt,Zarzamora
gt,Zarzona
gt,Zelandia
gt,Zompopero
gt,Zompopero
gt,Zompopero
gt,Zorrillos
gt,Zorrillo
gt,Zuncal
gt,Zunilito
gt,Zunil
gt,Zunzapote
gt,Zunzo
