kn,Bachelor Hall
kn,Bachelors Hall
kn,Barnes Gut Village
kn,Basseterre
kn,Basse Terre Town
kn,Bath
kn,Barnabys Village
kn,Barnes Ghaut
kn,Bath Village
kn,Bayford's
kn,Bayfords Village
kn,Beaumont
kn,Beaumont Village
kn,Belle Vue
kn,Boreo
kn,Bourryau
kn,Box Hill
kn,Boyd's
kn,Bramble
kn,Brambles
kn,Brick Kiln
kn,Brick Kiln Village
kn,Brown
kn,Brownes
kn,Brown Hill
kn,Brown Pasture
kn,Brown Pasture Village
kn,Brumaire
kn,Buck Hill Village
kn,Buck's Hill
kn,Burnaby
kn,Burts
kn,Butlers
kn,Camps
kn,Canada
kn,Cayon
kn,Cayon Village
kn,Cayton
kn,Challengers
kn,Challengers Village
kn,Charlestown
kn,Chicken Stone
kn,Church Ground
kn,Clifton
kn,Clifton
kn,Cliftons
kn,Cliftons
kn,Cole Hill
kn,Cotton Ground
kn,Cotton Ground Village
kn,Cox
kn,Cox's Village
kn,Craddocks
kn,Craddock's Village
kn,Crook's Ground
kn,Dalzells
kn,Dieppe Bay
kn,Dieppe Bay Town
kn,Douglas
kn,Fenton Hill
kn,Fig Tree
kn,Fig Tree
kn,Fig Tree Village
kn,Fothergill
kn,Fothergill's
kn,Fountain
kn,Fountain Village
kn,Geagans
kn,Geoghan
kn,Gingerland
kn,Golden Rock
kn,Greatheeds
kn,Half Way Tree
kn,Half Way Tree Village
kn,Hard Time
kn,Hardtimes
kn,Harris
kn,Harris
kn,Heldens
kn,Hermitage
kn,Hermitage
kn,Hichmans
kn,Hickmans Village
kn,Hick's
kn,Hicks Village
kn,Holmes Hill
kn,Houston
kn,Houstons
kn,Hull Ground
kn,Jack in the Box
kn,Jessup
kn,Jessup's Village
kn,John England Village
kn,Key
kn,Key Village
kn,Kit Stoddart's
kn,Kit Stoddarts Village
kn,Kittitian Village
kn,Kitt Stoddarts Village
kn,La Gu√©rite
kn,La Guerite Village
kn,Lees
kn,Leigh's Village
kn,Limekiln
kn,Lodge
kn,Lodge Village
kn,Lower Canada
kn,Lucas
kn,Maddens
kn,Maddon
kn,Mannings
kn,Mansion
kn,Mardenbrough
kn,Market Shop
kn,Maynards Ground
kn,Middle Island
kn,Middle Island Village
kn,Molineaux
kn,Molyneux
kn,Monkey Hill
kn,Monkey Hill Village
kn,Montpelier
kn,Mount Lily
kn,Mount Lily Village
kn,Newcastle
kn,Newcastle Village
kn,New River
kn,Newton Ground
kn,Nicola Town
kn,Ogee's
kn,Newton Ground Village
kn,Ogees Village
kn,Old Road
kn,Old Road Town
kn,Ortons
kn,Otley
kn,Ottley's
kn,Ottley's
kn,Ottley's Village
kn,Parry's
kn,Parrys Village
kn,Parson's Ground
kn,Parson's Village
kn,Pembroke
kn,Perry
kn,Phillips
kn,Phillips Village
kn,Pond Hill
kn,Rawlins
kn,Rawlins
kn,Rices
kn,Romney
kn,Romneys
kn,Saddlers' Village
kn,Sadlers
kn,Sadlers Village
kn,Saint Paul's
kn,Saint Paul's Village
kn,Saint Peter's
kn,Sandy Point
kn,Sandy Point Town
kn,Sandy Point Village
kn,Scarborough
kn,Sheriffs Village
kn,Sherriffs
kn,Stapleton
kn,Stapleton Village
kn,Stonyhill
kn,Tabernacle
kn,Tabernacle Village
kn,Taylors Pasture
kn,Trants
kn,Trant
kn,Trinity
kn,Upper Conaree
kn,Vaughans
kn,Webb's Ground
kn,Westbury
kn,Whitegate
kn,Whitehall
kn,Wingfield Estate
kn,Wingfield Manor
kn,Zetlands
kn,Zion Hill Village
kn,Zion Hill
kn,Zion Village
kn,Zion
