kw,Abi Huleifa
kw,Abrag Khitan
kw,Abrak Khetan
kw,Abraq Haytan
kw,Abraq Khaitan
kw,Abraq Khaytan
kw,Abraq Khetan
kw,Abraq Khitan
kw,Abu Halaifa
kw,Abu Halaifah
kw,Abu Halifah
kw,Abu-Hleifa
kw,Abu Hulaifa
kw,Abu Hulaifah
kw,Abu Hulayfah
kw,Ad Da`iyah
kw,Ad Dasht
kw,Ad Dasma'
kw,Ad Dasmah
kw,Ad Dawhah
kw,Ad Diba`iyah
kw,Ad Duba`iyah
kw,Ad Dumna
kw,Ad Dumnah
kw,Ahmad
kw,Ahmadi
kw,Ahmedi
kw,Al `Abbasiyah
kw,Al `Abdaliyah
kw,Al Ad`ami
kw,Al Adhaba-iyah
kw,Al `Adiliyah
kw,Al Ahmadi
kw,Al-`Alaimah
kw,Al `Arfajiyah
kw,Al `Aridiyah
kw,Al Aridiyah
kw,Al `Awazim
kw,Al Badawiyah
kw,Al-Bahra
kw,Al Bahrah
kw,Al Bhar
kw,Al Bida`
kw,Al Bid`
kw,Al Biddah
kw,Al-Bidde
kw,Al Bult
kw,Al-Dhubaiyah
kw,Al Diya
kw,Al Doha
kw,Al Edeiya
kw,Al-Fahaheel
kw,Al-Fahahil
kw,Al Fanaitis
kw,Al Fantas
kw,Al-Farawaniyah
kw,Al Farwania
kw,Al Farwaniyah
kw,Al-Farwaniyyah
kw,Al Fayha'
kw,Al-Finaitees
kw,Al Fintas
kw,Al Fintass
kw,Al Fuhayhil
kw,Al Funaytis
kw,Al Hadeeqa
kw,Al Hadiqah
kw,Al-Hijajah
kw,Al Hujayjah
kw,Al Ifhaihil
kw,Al Jabiriyah
kw,Al Jahara
kw,Al-Jaharah
kw,Al Jahra'
kw,Al Jahrah
kw,Al Khalidiyah
kw,Al Khidr
kw,Al Khiran
kw,Al Khuwaysat
kw,Al Kuwait
kw,Al Kuwayt
kw,Al Maghasil
kw,Al Magwa
kw,Al Mahbulah
kw,Al-Mangaf
kw,Al Manjaf
kw,Al Manqaf
kw,Al Mansuriyah
kw,Al Maqwa`
kw,Al Masilah
kw,Al Mijifa
kw,Al Mina'
kw,Al Muraytibah
kw,Al Murqab
kw,Al-Najafa
kw,Al-Nigaiyat
kw,Al Nijifa
kw,Al Qadisiyah
kw,Al Qiblah
kw,Al Qulay`ah
kw,Al-Riqqah
kw,Al-Sabahiyah
kw,Al Shamiya
kw,Al-Shuaiba
kw,Al Shuwaikh
kw,Al-Sulaibikhat
kw,Al `Udayliyah
kw,Al `Ulaymiyah
kw,Al `Umariyah
kw,Al `Uqaylah
kw,Al `Uqlah
kw,Al Wafrah
kw,Al Yarmuk
kw,An Nami
kw,An Niggaiyat
kw,An Nijfah
kw,An Nugayyat
kw,An Nuqay`at
kw,An Nuqayyat
kw,An Nuqrah
kw,An Nuzhah
kw,`Araifjan
kw,Arefjan
kw,Ar Rabiyah
kw,Ar Raudha
kw,Ar Rawdah
kw,Ar Rayy
kw,Ar Riqqah
kw,Ar Rumaythiyah
kw,`Ashish ad Dawhah
kw,`Ashish al Jahra'
kw,Ashish al Jahrah
kw,Ash Sha`b
kw,Ash Shadadiyah
kw,Ash Shamiyah
kw,Ash Sharq
kw,Ash Shu`aiba
kw,Ash Shu`aybah
kw,Ash Shubaykah
kw,Ash Shuwaykh
kw,As Sabahiyah
kw,As Salihiyah
kw,As Salimiyah
kw,As Shu`aiba
kw,As Sulaybikhat
kw,As Surrah
kw,At Tawil
kw,Az Zaur
kw,Az Zawr
kw,Az Zawr
kw,Az Zor
kw,Bad'ah
kw,Bahra
kw,Bahrah
kw,Bandar ash Shuwaykh
kw,Bandar Shuwaik
kw,Bandar Shuwaikh
kw,Bander Shweikh
kw,Bayan
kw,Bunayd al Qar
kw,Dahiyat `Abd Allah as Salim
kw,Dant
kw,Dasma
kw,Dasmah
kw,Dauha
kw,Dhuba`iyah
kw,Dhulai` Sa`ud
kw,Dimnah
kw,Doha
kw,Dubayeiha
kw,Dulay` Sa`ud
kw,Dulay` Su`ud
kw,Duwaydat
kw,Fahaheel
kw,Fahahil
kw,Fahaihil
kw,Fahayhil
kw,Failakka Village
kw,Fanaitis
kw,Fantas
kw,Fantass
kw,Farwaniah
kw,Farwaniyyeh
kw,Fayha
kw,Finatus
kw,Fintas
kw,Fintass
kw,Fraitsass
kw,Fuhayhil
kw,Funaitís
kw,Funaytis
kw,Funtás
kw,Hagaija
kw,Halaifa
kw,Haqaija
kw,Haqaijah
kw,Hawali-nogra
kw,Hawalli
kw,Hawaly
kw,Hugaija
kw,Iahara
kw,Jabriya
kw,Jahrah
kw,Jahra Village
kw,Jalib ash Shuyukh
kw,Janub as Surrah
kw,Janub Khaytan
kw,Jleeb al Shuyoukh
kw,Juaidan
kw,Ju`aydan
kw,Kaifan
kw,Kayfan
kw,Keefan
kw,Khaitan
kw,Khitan
kw,Kifan
kw,Koetan
kw,Koweit
kw,Kuwait
kw,Kuwayt
kw,Kuweit
kw,Madinat al Kuwayt
kw,Magwa
kw,Majiwah
kw,Manifah
kw,Maqwah
kw,Maqwa
kw,Mina' az Zawr
kw,Mina' az-Zor
kw,Mina' Sa`ud
kw,Munifah
kw,Muqrah
kw,Mushrif
kw,Nigra
kw,Nugra
kw,Nuqrah
kw,Port Shuwaikh
kw,Qalib al Shuyukh
kw,Qalib ash Shuyukh
kw,Qasm Dasman
kw,Qullat Shujayr
kw,Qurtubah
kw,Rowda
kw,Rumaithiya
kw,Sabah as Salim as Sabbah
kw,Sabah as Salim
kw,Salimiyah
kw,Salmiyah
kw,Salmiya
kw,Salmiyyeh
kw,Salwá
kw,Shaabah
kw,Shaab
kw,Sha'iba
kw,Shamiyah
kw,Shamiya
kw,Shamiyeh
kw,Shamiyyeh
kw,Sharq Hawalli
kw,Shauiba
kw,Shi'aibah
kw,Shuaiba
kw,Shu`aybah
kw,Shua'ibah
kw,Shumaymah
kw,Shuwaikh Port
kw,Shuwaikh
kw,Shuwoikh
kw,South Surra
kw,Subayhiyah
kw,Sulaibikhat
kw,Suleibikhat
kw,Ugla
kw,Umm Qasabah
kw,Umm Qasbah
kw,Umm Siddah
kw,`Uqaila
kw,`Uqallah
kw,`Uqlah
kw,`Urayfijan
kw,`Ushaysh al Jahra'
kw,Warah
kw,Zor
