me,Abzi-Kula
me,Adilovici
me,Adrovici
me,Agovica
me,Ahmedmujovici
me,Ahmedredic Katun
me,Akani
me,Alagin Do
me,Aleksandrov Grad
me,Alibrahimaj
me,Alici
me,Alilovce
me,Alje
me,Aluga
me,Aluge
me,Ambula
me,Ametovina
me,Andelat
me,Andelate
me,Andrici
me,Andricici
me,Andrijevica
me,Andrijevo
me,Androvici
me,Andzelate
me,Andzelati
me,Antelat
me,Antivari
me,Aprcovici
me,Arapi
me,Arbanasi
me,Arbanaski Do
me,Arbanes
me,Arbnes
me,Arbnez
me,Arza
me,Avlija
me,Avtenice
me,Azane
me,Azani
me,Azanje
me,Babacici
me,Babaici
me,Babajici
me,Babalonija
me,Babica Mala
me,Babica Polje
me,Babici
me,Babicpotok
me,Babina
me,Babin
me,Babino
me,Babino Brdo
me,Babino Polje
me,Babljace
me,Babljak
me,Babulja
me,Babunci
me,Bac
me,Bacevac
me,Bacevici
me,Bacevine
me,Bacevnik
me,Backovine
me,Bacovici
me,Bagocina
me,Bailovici
me,Baj Do
me,Bajice
me,Bajov Do
me,Bajovine
me,Bajovina
me,Bajov Kamen
me,Bajovo Polje
me,Bajraktari
me,Bakije
me,Bakoci
me,Bakovici
me,Bakrenjace
me,Balabani
me,Balabusici
me,Bale
me,Baljacki Do
me,Baloci
me,Balosave
me,Balotice
me,Balotici
me,Bamburi
me,Ban
me,Bancic Brdo
me,Bandicka Zupa
me,Bandzov
me,Banja
me,Banja Selo
me,Banje Brdo
me,Banje Selo
me,Banjevac
me,Ban-Lug
me,Banovici
me,Banovina
me,Baosic
me,Baosici
me,Bapsula
me,Bara
me,Baran Selo
me,Bar
me,Bardici
me,Bare Ajdinovica
me,Bare
me,Bare Kraljske
me,Bare Sumanovica
me,Bare Zugica
me,Barice
me,Barjamovica
me,Barlaj
me,Barni Do
me,Bartula
me,Barutana
me,Basca
me,Basce
me,Bascinovici
me,Basino Selo
me,Bastahe
me,Bastasi
me,Bata
me,Batal
me,Batute
me,Bavcici
me,Bazagur
me,Bazdan
me,Becic
me,Becici
me,Becko Korito
me,Bedem
me,Begar
me,Begova Dol
me,Begova Glavica
me,Begova Luka
me,Begovic
me,Begovici
me,Begovina
me,Begovine
me,Beljkasi
me,Beljkovici
me,Belovina
me,Belusevac
me,Belveder
me,Benkaj
me,Benkalj
me,Benkani
me,Beran
me,Berane
me,Beran Selo
me,Beri
me,Berislavci
me,Berjasi
me,Berova
me,Besa
me,Bes
me,Besevina
me,Besnik
me,Bezijovo
me,Bezjovo
me,Bezuje
me,Bigor
me,Bigovo
me,Bijedanj
me,Bijedici
me,Bijela
me,Bijela Crkva
me,Bijela Glavica
me,Bijelasi
me,Bijela Stijena
me,Bijela Voda
me,Bijele Poljane
me,Bijeli Potok
me,Bijelis Do
me,Bijelo Polje
me,Bijelova Babulja
me,Bijelovo Brdo
me,Bijelske Krusevice
me,Bijorici
me,Bileca
me,Bilece
me,Bioca
me,Bioce
me,Biokovac
me,Biorici
me,Birac
me,Biraci
me,Bisac
me,Biserna Obala
me,Bisevo
me,Bistrica
me,Bistrica Lipovska
me,Bistrica Lipovsko
me,Bistrica Moracka
me,Bistrice
me,Bitelica
me,Biteljica
me,Bitine
me,Bjela
me,Bjelice
me,Bjelila
me,Bjelisi
me,Bjeljoskja
me,Bjelojevice
me,Bjelojevici
me,Bjelosevac
me,Bjelosevici
me,Bjelosevina
me,Bjelosi
me,Bjelovici
me,Bjelovo Brdo
me,Blaca
me,Blace
me,Blagojevic
me,Blatina
me,Blatka
me,Bliskovo
me,Blizikuce
me,Blizna
me,Blizurat
me,Bljaca
me,Bljekov Mramor
me,Boan
me,Bobija
me,Bobotovo Groblje
me,Bobova Ulica
me,Bobovine
me,Bobovista
me,Boboviste
me,Bobovo
me,Bobulja
me,Bogaj
me,Bogaje
me,Bogaji
me,Bogajice
me,Bogajici
me,Bogajni
me,Bogdasici
me,Bogetic
me,Bogetici
me,Bogiceici
me,Bogicevica
me,Bogicevici
me,Bogisici
me,Bogmilovici
me,Bogojev Do
me,Bogomilici
me,Bogomolja
me,Bogomolje
me,Boguti
me,Bogutov Do
me,Bojanic
me,Bojanje Brdo
me,Bojate
me,Bojati
me,Bojici
me,Bojin Do
me,Bojista
me,Bojiste
me,Bojka
me,Bojke
me,Bojovice
me,Bojovici
me,Bojovina
me,Bojska Gora
me,Bokovo
me,Boksin Do
me,Bolesestra
me,Bolevici
me,Boljanic
me,Boljanici
me,Boljanina
me,Boljesestra
me,Boljev Do
me,Boljevici
me,Bolosave
me,Bonjin Do
me,Borak
me,Bor
me,Borca
me,Borcane
me,Borete
me,Boreti
me,Boricje
me,Borisici
me,Borislavljevica
me,Borjanica
me,Borje
me,Borkovici
me,Boronjina
me,Borova
me,Borovac
me,Borovica
me,Borovi Do
me,Borovo
me,Bosaca
me,Boscinovici
me,Boskovici
me,Bosnjaci
me,Botun
me,Boturic
me,Boturice
me,Boturici
me,Bovan
me,Bozaj
me,Bozdarev Do
me,Bozice
me,Bozici
me,Bozurev Do
me,Bracan
me,Bracani
me,Bracena
me,Braceni
me,Braconi
me,Bradasica
me,Braisa
me,Brajevici
me,Brajica Brijeg
me,Brajici
me,Brajkovaca
me,Brajkovina
me,Brajovici
me,Brajovicko Gostilje
me,Brajse
me,Braka
me,Brankov Do
me,Branlovica
me,Bratesici
me,Bratica
me,Braticev Do
me,Braticevi Dolovi
me,Bratkovica
me,Brat-Njive
me,Bratosavina
me,Bratozica
me,Brazda
me,Brca
me,Brceli
me,Brcve
me,Brda
me,Brdo
me,Bregove
me,Bregovi
me,Bregvija
me,Brekinja
me,Brekinje
me,Brekovac
me,Brestica
me,Brestice
me,Brestovi
me,Brestovi Do
me,Brestovik
me,Brevica
me,Breza
me,Brezani
me,Brezde
me,Breze
me,Brezevice
me,Brezine
me,Brezna
me,Brezojevica
me,Brezojevicë
me,Brezovac
me,Brezova Glava
me,Brezova Ravan
me,Brezov Do
me,Brezove Rupe
me,Brezovica
me,Brezovi Do
me,Brezovik
me,Brguli
me,Bride
me,Brijeg
me,Brijege
me,Brijegi
me,Brijeg Vuksanovica
me,Brijestovo
me,Briska Gora
me,Briski Do
me,Brkanovici
me,Brkljaca
me,Brkovic
me,Brljevo
me,Brnovici
me,Brocanac
me,Brocanac Grahovski
me,Brocanac Niksicki
me,Brocnik
me,Brod
me,Brojenovac
me,Brotnjik
me,Brskut
me,Brsno
me,Brstevac
me,Brzava
me,Buavice
me,Bubanje
me,Bubrezak
me,Buce
me,Bucelj
me,Bucin
me,Bucini
me,Bucje
me,Budanj
me,Budecevica
me,Budevac
me,Budimlja
me,Budimlje
me,Budisi
me,Budojevici
me,Budovica
me,Budua
me,Budva
me,Budza
me,Bujaci
me,Bujake
me,Bujkovici
me,Bukotica
me,Bukovac
me,Bukova Prodo
me,Bukova Suma
me,Bukova Voda
me,Bukovica
me,Bukovi Doli
me,Bukovik
me,Bukovi Kraj
me,Bukovi Lokanj
me,Bukovi Potok
me,Bulinovac
me,Buljarica
me,Bulje
me,Buljev Pod
me,Buljici
me,Buljunice
me,Buljusa
me,Bunar
me,Bunca
me,Bunovici
me,Burenjski Do
me,Burenski Do
me,Burici
me,Buronje
me,Buronji
me,Buronjski Do
me,Buronski Do
me,Buroski Do
me,Burtaisi
me,Busak
me,Busin Do
me,Busnje
me,Butua
me,Buturice
me,Cafa
me,Calanovica
me,Campari
me,Canj
me,Capre Mahala
me,Carade
me,Cardak
me,Carevic
me,Carine
me,Castelnuovo
me,Castelnuovo di Cattaro
me,Cattaro
me,Cattoro
me,Causevac
me,Causev Do
me,Cavanj
me,Cavlovic Kula
me,Cavori
me,Ceca
me,Cecevo
me,Cecune
me,Cecuni
me,Cejirenci
me,Cekanje
me,Ceklin
me,Celina
me,Celinacki Dolovi
me,Celine
me,Celinski Do
me,Celj
me,Celobrdo
me,Celuga
me,Cemani
me,Cemenca
me,Cenic
me,Cenici
me,Cepelnica
me,Cepetici
me,Cepici
me,Cerak
me,Ceranica Gora
me,Ceratov Brijeg
me,Cer
me,Cerje
me,Cernica
me,Cerovac
me,Cerovci
me,Cerovica
me,Cerovice
me,Cerovi Do
me,Cerovik
me,Cerovi Pod
me,Cerovo
me,Cerovo Prodo
me,Cesakovina
me,Cesljari
me,Cestin
me,Cestogaz
me,Cetanski Pod
me,Cetinje
me,Cetkovice
me,Cetkovici
me,Cettinge
me,Cevo
me,Cijevna
me,Cikotici
me,Cipcije
me,Ciperovaca
me,Ciri Kace
me,Cirovici
me,Cista Vlaka
me,Cisto Polje
me,Citluk
me,Civlak
me,Ckla
me,Cokarlinsko Brdo
me,Coklije
me,Cokotin
me,Cokova Luka
me,Cokrlije
me,Cokrlje
me,Colanice
me,Colani
me,Colanov Do
me,Colanovica
me,Colovici
me,Cosovica
me,Cosovici
me,Coveca Glava
me,Creoce
me,Crgalje
me,Crhalj
me,Crkvice
me,Crkvina
me,Crkvine
me,Crljenica
me,Crljenice
me,Crljevine
me,Crnacko Brdo
me,Crna Gora
me,Crna Greda
me,Crna Poljana
me,Crnca
me,Crnce
me,Crnci
me,Crni Kuk
me,Crni Nugli
me,Crnionica
me,Crnioni Do
me,Crni Potok
me,Crnis
me,Crni Val
me,Crni Vrh
me,Crnjonica
me,Crnobori
me,Crnoborje
me,Crno Brdo
me,Crnodoli
me,Crnokrpe
me,Crvena Lokva
me,Crvena Paprat
me,Crvena Stijena
me,Crveni Do
me,Crvioca
me,Crvljak
me,Crvljevine
me,Cucevica
me,Cucici
me,Cuke
me,Cukovac
me,Cukovici
me,Curaj
me,Curcici
me,Curilac
me,Curjan
me,Curke
me,Curukaca
me,Cvarin
me,Cvijovica Dolina
me,Cvilin
me,Dabezici
me,Dabojevici
me,Dabovici
me,Dabovina
me,Dacici
me,Daci
me,Dahca Reka
me,Dahna
me,Dajbabe
me,Dajcin Do
me,Dakonovici
me,Ðakov Do
me,Dakovici
me,Ðalci
me,Daljam
me,Daljan
me,Dalovici
me,Damjanovici
me,Danave
me,Danilovgrad
me,Dapcevici
me,Dapkovici
me,Dapsice
me,Dapsici
me,Daronji Do
me,Daronjin Do
me,Darza
me,Dasca Rijeka
me,Dauti
me,Debela Aluga
me,Debeli Grmen
me,Decbitrici
me,Dedezi
me,Dedici
me,Dedina Ravan
me,Dedinice
me,Ðedovo Polje
me,Dekare
me,Dekovici
me,Delaj
me,Delevici
me,Delici
me,Ðelovi Do
me,Demici
me,Demirovici
me,Denasevici
me,Denasi
me,Dencici
me,Dendinovici
me,Denjaca
me,Denovic
me,Denovici
me,Derace
me,Dervisevici
me,Desni Meteh
me,Deveta
me,Devojacki Do
me,Dide
me,Dijo
me,Dijonice
me,Dine
me,Dinesa
me,Dinje
me,Dinosa
me,Dinosi
me,Ðinov Do
me,Dinovici
me,Dio
me,Divanovici
me,Ðivorad
me,Dizdarev Do
me,Djecbitrici
me,Djenovici
me,Djevojacki Do
me,Djurasevici
me,Do Adzica
me,Dobërdol
me,Dobra Gora
me,Dobrakovo
me,Dobra Sela
me,Dobra Voda
me,Dobrcin
me,Dobrdoli
me,Dobrdsko Selo
me,Dobreci
me,Dobre Vode
me,Dobri Do
me,Dobrilovici
me,Dobrilovina
me,Dobri Lug
me,Dobrinje
me,Dobro Brdo
me,Dobri Nugo
me,Dobrodo
me,Dobrodol
me,Dobrodole
me,Dobronez Do
me,Dobronjez Do
me,Dobro Polje
me,Dobroseoska Merulja
me,Dobrota
me,Dobrovoljici
me,Dobrska Zupa
me,Dobrsko
me,Dobrsko Selo
me,Dobrus
me,Docici
me,Doderovici
me,Dodici
me,Do
me,Dodosi
me,Dojcin Do
me,Doknica Dolovi
me,Dolac
me,Dolenji Lovnica
me,Dolina
me,Doline
me,Dolja
me,Dolinice
me,Doljan
me,Doljane
me,Doljani
me,Dolma
me,Dolovi
me,Dolovi Kovacki
me,Dolovsko Korito
me,Ðonca
me,Dondici
me,Donja Bijela
me,Donja Brezna
me,Donja Brezojevica
me,Donja Brezovica
me,Donja Briska
me,Donja Brova
me,Donja Brvenica
me,Donja Bukovica
me,Donja Crnca
me,Donja Cuka
me,Donja Dobrilovina
me,Donja Dubova
me,Donja Glizica
me,Donja Gorica
me,Donja Grabovica
me,Donja Ibrija
me,Donja Josica
me,Donja Klezna
me,Donja Korita
me,Donja Kostanjica
me,Donja Kozica
me,Donja Kraj
me,Donja Krzanja
me,Donja Lastva
me,Donja Ljesnica
me,Donja Ljuta
me,Donja Lovnica
me,Donja Markovina
me,Donja Orija
me,Donja Orlja
me,Donja Plavnica
me,Donja Poda
me,Donja Podi
me,Donja Polja
me,Donja Povija
me,Donja Rakita
me,Donja Rijeka
me,Donja Rudnica
me,Donja Rzanica
me,Donja Rzenica
me,Donja Sela
me,Donja Seoca
me,Donja Slatina
me,Donja Sozina
me,Donja Spila
me,Donja Stitarica
me,Donja Tikova
me,Donja Tisa
me,Donja Trebesica
me,Donja Trebjesica
me,Donja Trepca
me,Donja Vrbica
me,Donja Zaljut
me,Donje Bisevo
me,Donje Briske
me,Donje Carade
me,Donje Crkvice
me,Donje Crnce
me,Donje Dajbabe
me,Donje Dubocke
me,Donje Gorice
me,Donje Grudice
me,Donje Jugovo
me,Donje Korito
me,Donje Krce
me,Donje Krnjice
me,Donje Kunovo
me,Donje Ledenice
me,Donje Lipovo
me,Donje Momce
me,Donje Morakovo
me,Donje Mrke
me,Donje Polje
me,Donje Selo
me,Donje Srijede
me,Donje Stolivo
me,Donje Stravce
me,Donje Stupine
me,Donje Zagrade
me,Donje Zaostro
me,Donji Besnik
me,Donji Bogdasici
me,Donji Brceli
me,Donji Brocanac
me,Donje Sume
me,Donji Bukeis
me,Donji Bukelj
me,Donji Crnci
me,Donji Curilac
me,Donji Curovici
me,Donji Dubac
me,Donji Durickovici
me,Donji Frutak
me,Donji Gacevici
me,Donji Godijelji
me,Donji Gradac
me,Donji Izvor
me,Donji Kokoti
me,Donji Kos
me,Donji Kosic
me,Donji Kosici
me,Donji Kraj
me,Donji Lepenac
me,Donji Luzac
me,Donji Markovici
me,Donji Martinici
me,Donji Medun
me,Donji Miles
me,Donji Morinj
me,Donji Murici
me,Donji Orahovac
me,Donji Orasi
me,Donji Pipac
me,Donji Planik
me,Donji Pobori
me,Donji Rastis
me,Donji Ravni
me,Donji Rogami
me,Donji Rsojevici
me,Donji Sestani
me,Donji Stoj
me,Donji Stoli
me,Donji Stoliv
me,Donji Susanj
me,Donji Timar
me,Donji Ulici
me,Donji Unac
me,Donji Velji Mikulici
me,Donji Vukovci
me,Donji Vukovici
me,Donji Zagradac
me,Do Pjesivacki
me,Dorojevica Vatan
me,Dosude
me,Dovista
me,Dovolja
me,Drac
me,Dracevica
me,Dracevico
me,Dracinovac
me,Dragalj
me,Dragaljevina
me,Dragaljevo
me,Dragalji
me,Dragasi
me,Dragija
me,Draginja
me,Draginje
me,Dragojlovic
me,Dragojlovici
me,Dragomanovici
me,Dragomi Do
me,Dragosava
me,Dragosev Do
me,Dragosevo Selo
me,Dragoslava
me,Dragova Luka
me,Dragovica Polje
me,Dragovici
me,Dragovo Korito
me,Dragovoljici
me,Dragutinovici
me,Drakovici
me,Drakulovici
me,Drasin Do
me,Draskovina
me,Drazevina
me,Drazevine
me,Drazin Vrt
me,Dregaljevina
me,Donje Velje Duboko
me,Drenovac
me,Drenovci
me,Drenov Do
me,Drenovica
me,Drenovistica
me,Drenovstica
me,Dresaj
me,Drijenak
me,Drijenci
me,Drijen
me,Drndari
me,Drndovina
me,Drobnici
me,Dromira
me,Droskoricki Dolovi
me,Drpa
me,Drpe
me,Drpe Mandica
me,Drum
me,Drume
me,Drusici
me,Dubac
me,Duba
me,Dubaje
me,Dub
me,Dubline
me,Dublje
me,Dubljevici
me,Dubocak [historical]
me,Dubocica
me,Dubocke
me,Duboja
me,Duboka Dolina
me,Duboki Do
me,Dubovik
me,Dubovo
me,Dubrava
me,Dubravcevina
me,Dubrave
me,Dubravica
me,Dubravice
me,Dubrovca Do
me,Dubrovsko
me,Ducice
me,Ducici
me,Dudevina
me,Duga
me,Duga Njiva
me,Duge Njive
me,Dugi Do
me,Dugi Laz
me,Dugna
me,Dujeva
me,Dujevo
me,Dujici
me,Dujovici
me,Dukat
me,Dulanovina
me,Dulcigno
me,Duletici
me,Dulice
me,Dulici
me,Ðuli
me,Dulipolje
me,Ðulov Do
me,Dulovine
me,Dumacine
me,Dupilo
me,Dupljaci
me,Duranovici
me,Durasevici
me,Duraskovici
me,Duratovici
me,Ðuravci
me,Durcici
me,Durdev Do
me,Durdevica Tara
me,Durdevice
me,Durici
me,Duricin Do
me,Duricka Reka
me,Duricka Rijeka
me,Durickovici
me,Ðurino Brdo
me,Ðurke
me,Durkovici
me,Ðurmani
me,Durovici
me,Durukaca
me,Dusici
me,Duske
me,Duskici
me,Dusko
me,Duzice
me,Duzi
me,Dvorista
me,Dzaferov Do
me,Dzafica Brdo
me,Dzogulja
me,Dzudzevici
me,Dzukelska Jama
me,Dzuveri
me,Elezov Do
me,Elici
me,Eraci
me,Erakovici
me,Ercegnovi
me,Erovici
me,Farmaci
me,Fazlovici
me,Femica Krs
me,Feratovo Polje
me,Fijernje
me,Firista
me,Franciskovici
me,Fraskanjel
me,Frutak
me,Fundina
me,Fusa e Nenes
me,Fustici
me,Gacevica Dolina
me,Gacevici
me,Gadi
me,Gagosi
me,Gajevi
me,Gaj
me,Gajine
me,Gajne
me,Galica
me,Gardasevici
me,Gardovici
me,Garevac
me,Gerani
me,Geusi
me,Gigcvici
me,Gigovici
me,Gilinoge
me,Gjenovic
me,Gjurasevic
me,Glavaca
me,Glavac
me,Glavaci
me,Glavaticici
me,Glavatici
me,Glavati
me,Glavatske Kucice
me,Glava Zete
me,Glavica
me,Glibaci
me,Glibavac
me,Gligorov Do
me,Gligorski Dolovi
me,Glisin Do
me,Glisnica
me,Glisovici
me,Glizica
me,Glogovik
me,Gluhi Do
me,Gluscevina
me,Glusje Selo
me,Gluvcev Do
me,Gnevi Do
me,Gnjijevi Do
me,Gnjilavi Do
me,Gnjili Potok
me,Gobovici
me,Goden
me,Godijelja
me,Godijelji
me,Godijevo
me,Godinje
me,Godocelje
me,Godusa
me,Gogici
me,Gojakovici
me,Gojevici
me,Gogosi
me,Gojkovic
me,Gojkovici
me,Gola Strana
me,Goljemadi
me,Golocevci
me,Golemadi
me,Golubinja
me,Golubinjak
me,Golijski Stozi
me,Golubinje
me,Golubni Do
me,Golubovci
me,Golubovici
me,Goluzba
me,Gomila
me,Gomile
me,Gomilice
me,Goransko
me,Gorazde
me,Gorica
me,Goricani
me,Gorice
me,Gorin Do
me,Gornic
me,Gornja Bijela
me,Gornja Brevenica
me,Gornja Brezna
me,Gornja Briska
me,Gornja Brova
me,Gornja Brvenica
me,Gornja Bukovica
me,Gornja Crnca
me,Gornja Cuka
me,Gornja Dobrilovina
me,Gornja Drazevina
me,Gornja Dubova
me,Gornja Glizica
me,Gornja Gorica
me,Gornja Grabovica
me,Gornja Ibrija
me,Gornja Josica
me,Gornja Korita
me,Gornja Kostanjica
me,Gornja Krzanja
me,Gornja Klezna
me,Gornja Lastva
me,Gornja Ljesnica
me,Gornja Ljuta
me,Gornja Lomnica
me,Gornja Lovnica
me,Gornja Mala
me,Gornja Markovina
me,Gornja Orlja
me,Gornja Plavnica
me,Gornja Poda
me,Gornja Podi
me,Gornja Polja
me,Gornja Povija
me,Gornja Rakita
me,Gornja Rijeka
me,Gornja Rovca
me,Gornja Rudnica
me,Gornja Rzanica
me,Gornja Rzenica
me,Gornja Sela
me,Gornja Seoca
me,Gornja Slatina
me,Gornja Spila
me,Gornja Stitarica
me,Gornja Tikova
me,Gornja Tisa
me,Gornja Trebjesica
me,Gornja Trepca
me,Gornja Vrbica
me,Gornja Zaljut
me,Gornje Brestice
me,Gornje Briske
me,Gornje Carade
me,Gornje Crkvice
me,Gornje Crnce
me,Gornje Dajbabe
me,Gornje Dubocke
me,Gornje Gorice
me,Gornje Grudice
me,Gornje Korito
me,Gornje Krce
me,Gornje Krnjice
me,Gornje Krusevo
me,Gornje Kunovo
me,Gornje Ledenice
me,Gornje Lipovo
me,Gornje Momce
me,Gornje Morakovo
me,Gornje Mrcevo
me,Gornje Mrke
me,Gornje Polje
me,Gornje Selo
me,Gornje Srijede
me,Gornje Stolivo
me,Gornje Stravce
me,Gornje Stupine
me,Gornje Velje Duboko
me,Gornje Vodice
me,Gornje Zagrade
me,Gornje Zaostro
me,Gornji Besnik
me,Gornji Bogdasici
me,Gornji Brceli
me,Gornji Bukelj
me,Gornji Brocanac
me,Gornji Ceklin
me,Gornji Crnci
me,Gornji Curilac
me,Gornji Curovici
me,Gornji Do
me,Gornji Dubac
me,Gornji Durickovici
me,Gornji Frutak
me,Gornji Godijelji
me,Gornji Gradac
me,Gornji Izvor
me,Gornji Kazanci
me,Gornji Klenza
me,Gornji Kokoti
me,Gornji Kos
me,Gornji Kosic
me,Gornji Kosici
me,Gornji Kraj
me,Gornji Lepenac
me,Gornji Luzac
me,Gornji Markovici
me,Gornji Martinici
me,Gornji Medun
me,Gornji Mestrevac
me,Gornji Morinj
me,Gornji Murici
me,Gornji Orahovac
me,Gornji Pipac
me,Gornji Planik
me,Gornji Pobori
me,Gornji Rastis
me,Gornji Ravni
me,Gornji Rogami
me,Gornji Rsojevic
me,Gornji Rsojevici
me,Gornji Sestani
me,Gornji Stoj
me,Gornji Stoli
me,Gornji Stoliv
me,Gornji Susanj
me,Gornji Timar
me,Gornji Tupan
me,Gornji Ulah
me,Gornji Ulici
me,Gornji Unac
me,Gornji Velji Mikulici
me,Gornji Vukovci
me,Gornji Zagradac
me,Gorovici
me,Gosic
me,Gosici
me,Goslic
me,Gostac
me,Gostilje Brajovicko
me,Gostilje
me,Gostilje Martinicko
me,Gostilj
me,Gostilovina
me,Gostojevici
me,Gostovici
me,Gotovusa
me,Govede Brdo
me,Grabe
me,Grab
me,Grabova Gomila
me,Grabov Do
me,Grabovica
me,Grabovi Do
me,Grabovnik
me,Gracanica
me,Gradac
me,Gradacka Poljana
me,Gradani
me,Grad
me,Gradina
me,Gradiosnica
me,Grahovac
me,Grahovo
me,Grahovski Dolovi
me,Grancarevo
me,Grandov Do
me,Grandovina
me,Granica
me,Granice
me,Granovo
me,Graovista
me,Grbavci
me,Grbe
me,Grbi Do
me,Grcka Stanica
me,Grdoci
me,Grdovici
me,Grdovine
me,Grebice
me,Grebnica
me,Greca
me,Grepca
me,Grevo
me,Grizica
me,Grizice
me,Grkavac
me,Grkovac
me,Grlic
me,Grncar
me,Gropa e Morisit
me,Gropa
me,Gropa Smailova
me,Gropa Smajlova
me,Grubani
me,Grubanova Gora
me,Grubesice
me,Grubesici
me,Grubin Do
me,Gruda
me,Grudevica
me,Gubavac
me,Gubce
me,Guberinici
me,Gubovaca
me,Guci
me,Gudure
me,Guke
me,Gunjaja
me,Gunjaje
me,Gunjani
me,Gunjicici
me,Guraza
me,Gurec
me,Gurza
me,Gusarevci
me,Gusarica
me,Gusici
me,Gusinje
me,Gusino Brdo
me,Guvna
me,Guvnista
me,Guvniste
me,Gusnice
me,Gvozdenice
me,Gvozd
me,Hadulica
me,Hadzaj
me,Hadzovina
me,Hajlovina
me,Hakanje
me,Halilovic
me,Han Drndarski
me,Han Garancica
me,Han Garaucica
me,Han
me,Hasale
me,Hasanoj
me,Hazane
me,Helmica
me,Herceg-Novi
me,Hercegova Strana
me,Hocevina
me,Hodzici
me,Honcice
me,Hondice
me,Honsice
me,Horolac
me,Hote-Zabelj
me,Hoti
me,Humkovina
me,Hunjevina
me,Husejinovici
me,Husici
me,Husovici
me,Ibarac
me,Ibricevina
me,Igalo
me,Ilijina Glavica
me,Inogor
me,Irino Brdo
me,Ispodbrda
me,Istace
me,Iva
me,Ivangrad
me,Ivanj-Do
me,Ivanje
me,Ivanova Aluga
me,Ivanova Korita
me,Ivanovici
me,Ivovici
me,Izlasci
me,Izvori
me,Jablanica
me,Jablan
me,Jablanovici
me,Jablanovo
me,Jaboke
me,Jabucna
me,Jabucno
me,Jabuka
me,Jabuke
me,Jabukovac
me,Jagnila
me,Jagnjile
me,Jagnjilo
me,Jagoce
me,Jagodin Do
me,Jagodni Do
me,Jagodnji Do
me,Jahovici
me,Jaicevici
me,Jakovac
me,Jakovovici
me,Jakupov Grob
me,Jalovca Do
me,Jama Cevska
me,Jama Vojvodina
me,Jancici
me,Janjiliste
me,Jankova Voda
me,Jankovici
me,Jankovo Selo
me,Japan
me,Jara
me,Jarciste
me,Jariste
me,Jasena
me,Jasenica
me,Jasen
me,Jasenovac
me,Jasenova
me,Jasenova Klada
me,Jasenov Do
me,Jasenovi Do
me,Jasenovo
me,Jasenovo Polje
me,Jasici
me,Jasika
me,Jasike
me,Jasikovac
me,Jasikovica
me,Jasikovi Do
me,Jasovici
me,Jastreb
me,Jastrin Do
me,Jaukovica Omar
me,Javljen
me,Javora
me,Javorak
me,Javorje
me,Javorovaca
me,Javorova
me,Javorovo
me,Jazbina
me,Jazbine
me,Jaz
me,Jecmista
me,Jedini Bor
me,Jela
me,Jelenak
me,Jelenjak
me,Jelica Dolina
me,Jelica Doline
me,Jelici
me,Jelina Gora
me,Jelin Dub
me,Jelovac
me,Jelovica
me,Jelovi Do
me,Jelovi Kraj
me,Jelov Kraj
me,Jelovo Zdrijelo
me,Jelov Panj
me,Jerenici
me,Jerinici
me,Jestrin Do
me,Jezerca
me,Jezer
me,Jezero
me,Jezevic
me,Jodole
me,Johovac
me,Johovice
me,Josa
me,Josanica
me,Josica
me,Josice
me,Josovici
me,Jovanovici
me,Jovici
me,Jovicina Voda
me,Jovov Do
me,Jugovici
me,Jugovine
me,Jugovo
me,Junca Do
me,Juncev Do
me,Juncevici
me,Kabala
me,Kacak
me,Kacanik
me,Kacara
me,Kacari
me,Kacmor
me,Kacunica
me,Kacuni Do
me,Kadarusa
me,Kajabeg
me,Kajevici
me,Kajos
me,Kakmuze
me,Kakmuzi
me,Kalace
me,Kalac
me,Kalacka Prodo
me,Kalezici
me,Kalica
me,Kaliman
me,Kalipolje
me,Kaljici
me,Kalludër
me,Kaluderac
me,Kaluderov Do
me,Kaluderovici
me,Kaluderovic
me,Kaluderovina
me,Kaluderski Katuni
me,Kaluderski Lazi
me,Kaluderski Laz
me,Kaludjerac
me,Kaludra
me,Kalusici
me,Kamenari
me,Kamenarovici
me,Kamenica
me,Kameno
me,Kameno Polje
me,Kamenovo
me,Kamensko
me,Kamine
me,Kamisevo
me,Kami
me,Kandija
me,Kanici
me,Kanje
me,Kanjosi
me,Kapavica
me,Kankusa
me,Kapavice
me,Kape
me,Kaplanovici
me,Karacici
me,Karacic
me,Karadzin Brijeg
me,Karanikici
me,Karastani
me,Karastanovici
me,Karaula Vaskovo
me,Karkovina
me,Karnagica Duga
me,Kartali
me,Karuci
me,Karuc
me,Kasevari
me,Kasice
me,Kasljavci
me,Katavici
me,Katuni
me,Katunina
me,Katunine
me,Katuniste
me,Katun
me,Katun Lindarski
me,Katun Potrk
me,Kavac
me,Kave
me,Katun Rezevici
me,Keselj Gradina
me,Kicava
me,Kiceva
me,Kikavice
me,Kilavice
me,Kiprenik
me,Kisjelica
me,Kitine Lazi
me,Klacina
me,Klacine
me,Klacnica
me,Klade
me,Klajevici
me,Klakorina
me,Klakorine
me,Klanac
me,Klanica
me,Klanice
me,Klapuhe
me,Klapusi
me,Kleke
me,Klenak
me,Klicevo
me,Klikovace
me,Klinci
me,Klismerine
me,Kljajevici
me,Kljakovica
me,Kljestina
me,Kljestine
me,Kljun
me,Klopet
me,Klopot
me,Knez Do
me,Knezevici
me,Knezevic
me,Knezlac
me,Knezlaz
me,Knez Polje
me,Knjez-Do
me,Kobiljaca
me,Kobilji Do
me,Koca Do
me,Kocane
me,Koce
me,Koci
me,Kodrabudan
me,Kodra Dake
me,Kodre
me,Kojevici
me,Kojovici
me,Kokica Strane
me,Kokoravac
me,Kokovina
me,Kolac
me,Kolasinci
me,Kolasin
me,Kolasinovici
me,Koleno
me,Kolenovice
me,Kolenovici
me,Kolevici
me,Kolibe
me,Kolijevka
me,Kolijevke
me,Koljat
me,Koljeno
me,Koljevka
me,Kolo
me,Kolomza
me,Kolonija
me,Kolonija Sula
me,Kolonza
me,Kolozun
me,Kolumbara
me,Komacev Laz
me,Komadine
me,Komanica
me,Komansko Brdo
me,Komaraca
me,Komarice
me,Komarino
me,Komarnica
me,Komarno
me,Komarski Kraj
me,Komina
me,Komine
me,Komini
me,Koministe
me,Komosevina
me,Konatari
me,Konate
me,Konik
me,Konisor
me,Konjevici
me,Konjuhe
me,Konjuh
me,Kopacine
me,Kopiljaca [historical]
me,Kopilje
me,Kopilov Do
me,Kopito
me,Kopito Petrovica
me,Kopitov Do
me,Koprivice
me,Koprivnjaca
me,Koracevac
me,Koraci
me,Koraj-Do
me,Koravlica
me,Koravljica
me,Kordovina
me,Korijen
me,Korita
me,Koritë
me,Koritnica
me,Koritni Do
me,Koritnik
me,Korito
me,Kornet
me,Koruge
me,Kosanica
me,Kosare
me,Kosari
me,Koserici
me,Kosetine
me,Kosevine
me,Kosice
me,Kosici
me,Kosic
me,Kosijeri
me,Kosjeri
me,Kos
me,Kosljun
me,Kosmac
me,Kosme
me,Kosorici
me,Kosor
me,Kosorska Bukovica
me,Kosovi
me,Kostanica
me,Kostanice
me,Kostanjica
me,Kostenica
me,Kostice
me,Kostici
me,Kostrikovica
me,Kostrovici
me,Kosuci Do
me,Kosutica
me,Kosutnjak
me,Kotlaici
me,Kotlajici
me,Kotlici
me,Kotline
me,Kotorac
me,Kotor
me,Kotrabudan
me,Kovacev Do
me,Kovacevici
me,Kovacica
me,Kovaci
me,Kovacina
me,Kovacka Dolina
me,Kovacke Kucice
me,Kovacki Dolovi
me,Kovac
me,Kovce Do
me,Kovcica
me,Kovijec
me,Kovren
me,Kozarica
me,Kozda
me,Kozica
me,Kozice
me,Kracedo
me,Kradenik
me,Kragujev Do
me,Kraista
me,Krajista
me,Krajiste
me,Krajnji Do
me,Kralje
me,Kraljevac
me,Kraljevici
me,Kralji Stari
me,Kralj
me,Kraljske Bare
me,Kranji Do
me,Krapina
me,Krasica Strana
me,Krasici
me,Krasovina
me,Kravari
me,Kravlja
me,Krcevina
me,Krcevine
me,Krc
me,Krece
me,Krejovina
me,Kremes
me,Krenza
me,Kricanje
me,Krijesterovina
me,Krimovica
me,Krimovice
me,Krivaca
me,Krivace
me,Krivac
me,Kriva Ploca
me,Krivi Do
me,Krivodo
me,Krivolaze
me,Krizevac
me,Krkor
me,Krlje
me,Krna Jela
me,Krnjaca
me,Krnjac
me,Krnja Jela
me,Krnja
me,Krnjan
me,Krnjevina
me,Krnjice
me,Krnjin Do
me,Krnulic
me,Krokocevo
me,Krosa
me,Krsane
me,Krsanje
me,Krseva
me,Krsevo
me,Krs Femica
me,Krs
me,Krsnica
me,Krstaca
me,Krstace
me,Krstaci
me,Krstac
me,Krstasi
me,Krstas
me,Krstata Dola
me,Krstau
me,Krst
me,Krstovace
me,Krtine
me,Krtoli
me,Kruce
me,Kruci
me,Kruge
me,Krug
me,Kruosa
me,Krupice
me,Kruscica
me,Kruscice
me,Kruse
me,Krusevac
me,Krusev Do
me,Krusevica
me,Krusevice
me,Krusevi Do
me,Krusevlje
me,Krusev Lug
me,Krusevo
me,Krusi
me,Kruska
me,Kruske
me,Kruskovi Do
me,Kruta
me,Krute
me,Krute Ulcinjsko
me,Kruti
me,Kruzac
me,Krvavci
me,Krzava
me,Krzevo
me,Krzulje
me,Kubasi
me,Kuce Mugosa
me,Kuce Scepovica
me,Kucetina
me,Kucetine
me,Kucevine
me,Kucice
me,Kucine
me,Kucista
me,Kuciste
me,Kucko Brdo
me,Kujacici
me,Kujava
me,Kukalje
me,Kukaljevina
me,Kukanj
me,Kukavica
me,Kukavice
me,Kukulje
me,Kula
me,Kulici
me,Kulina
me,Kuljace
me,Kumbor
me,Kumbur
me,Kunak
me,Kunja
me,Kunje
me,Kunjici
me,Kunj
me,Kunovaca
me,Kupina
me,Kupinovo
me,Kupusci
me,Kupusina
me,Kupusista
me,Kurikuce
me,Kurilo
me,Kurioci
me,Kuside
me,Kusido
me,Kusidre
me,Kutac
me,Kuta
me,Kuti
me,Kutlov Do
me,Kutnja Njiva
me,Kutsko Brdo
me,Kutusa
me,Kuzman
me,Kvekici
me,Lace
me,Lacev Do
me,Ladana
me,Ladjana
me,Lagatore
me,Lagatori
me,Laholo
me,Lainja
me,Lajina Luka
me,Lajinovici
me,Lajkovici
me,Lakina Lazina
me,Lakine Lazine
me,Lakinja
me,Lalevici
me,Lalicici
me,Laljevici
me,Laniste
me,Lapcici
me,Lapov Do
me,Lastva Cevska
me,Lastva
me,Lastvica
me,Lausevici
me,Lazarevici
me,Lazarev Krst
me,Lazba
me,Laze
me,Lazi
me,Lazina
me,Lazine
me,Lazinice
me,Laz
me,Lazorci
me,Lazovici
me,Lazovi
me,Leceviste
me,Ledenica
me,Ledenice
me,Legatov Do
me,Lehovo Brdo
me,Lekici
me,Lekovina
me,Leovo Brdo
me,Lepenac
me,Lepetane
me,Lepetani
me,Lepetici
me,Lepirica
me,Lesevici
me,Leskovac
me,Leskovi Do
me,Lekperici
me,Lesnje
me,Leta
me,Levaja
me,Lever Tara
me,Levi Meteh
me,Levja
me,Lice
me,Lemes
me,Licine
me,Ligatov Do
me,Lijarja
me,Lijeca
me,Lijecevina
me,Lijepi Brijeg
me,Lijepi Pod
me,Lijesce
me,Lijeska
me,Lijesnje
me,Lijesta
me,Lijeva Reka
me,Lijeva Rijeka
me,Lijevi Meteh
me,Likica Do
me,Limjani
me,Limljani
me,Lipa
me,Lipci
me,Lipe
me,Liplja
me,Lipovac
me,Lipova Ravan
me,Lipov Do
me,Lipovik
me,Lipovi
me,Lipovo Korito
me,Lipovo
me,Lirovo Polje
me,Lisa Stijena
me,Lisic Do
me,Lisicici
me,Lisiciji Do
me,Lisicine
me,Lisina
me,Lisna Bori
me,Litice
me,Litine
me,Livada
me,Livadani
me,Livade
me,Livadice
me,Livari
me,Livavi
me,Liverovici
me,Liverovo Polje
me,Ljajinovici
me,Ljebarice
me,Ljesevica
me,Ljesevici
me,Ljesevic
me,Ljesev Stub
me,Ljeskovac
me,Ljeskovca
me,Ljeskov Do
me,Ljeskovi Doli
me,Ljeskovi Do
me,Ljeskovi Dolovi
me,Ljesnica
me,Ljetine
me,Ljevak
me,Ljevista
me,Ljevlja
me,Ljubanivici
me,Ljubastica
me,Ljubojevac
me,Ljubovida
me,Ljubuski Stanovi
me,Ljuce
me,Ljumetici
me,Ljuta Bara
me,Ljutac
me,Ljuta
me,Ljutici
me,Ljutotuk
me,Ljutovac
me,Lofka
me,Lokva
me,Lokvanj
me,Lokvice
me,Lokvina
me,Loncari
me,Lopare
me,Loparici
me,Lopari
me,Lopate
me,Lopicici
me,Lovnocelo
me,Loza
me,Lozince
me,Lozna
me,Loznica
me,Lubnica
me,Loznice
me,Lubnice
me,Lucica
me,Lubovo
me,Lucice
me,Lucici
me,Luge
me,Lug
me,Lugovi
me,Luka
me,Lukavica
me,Lukavice
me,Luke Jocovica
me,Luke
me,Lukici
me,Lukin Vir
me,Lukovica
me,Lukovici
me,Lukovo
me,Lumetici
me,Lunje
me,Lupoglav
me,Lustica
me,Lutovo
me,Luzac
me,Luzani
me,Luzi
me,Luznica
me,Macaj
me,Macari
me,Macavare
me,Macija Stopa
me,Macista
me,Maciste
me,Mackate
me,Mackov Do
me,Macuge
me,Madeze
me,Madgus
me,Madzari
me,Madzarski Kraj
me,Madzurici
me,Magas
me,Magazini
me,Maglenca
me,Mahala Brezce
me,Mahala Capica
me,Mahala
me,Majna Gora
me,Majsterovine
me,Majstori
me,Majstorovina
me,Majstorovine
me,Majstrovina
me,Makljen
me,Mala Gorana
me,Mala Josa
me,Mala Komijne
me,Mala
me,Mala Paleza
me,Mala Rzista
me,Mala Zagreda
me,Male Crnokrpe
me,Male Krce
me,Male Krzulje
me,Malenza
me,Male Rokoce
me,Male Sljeme
me,Malezine Zagrade
me,Mali Alugi
me,Mali Brezovik
me,Mali Kaliman
me,Mali Lipovac
me,Mali Mikulici
me,Malin Dubiava
me,Malindubrava
me,Maline
me,Malinsko
me,Mali Orah
me,Mali Ostros
me,Mali Zalazi
me,Malo Brdo
me,Malo Danave
me,Malo Nemanjine
me,Malo Rasno
me,Malo Selo
me,Malosin Do
me,Malo Slacko
me,Malo Stravce
me,Malov Do
me,Malovici
me,Malta
me,Mamucevina
me,Mandegaj
me,Mandica Do
me,Mandici
me,Manicevo
me,Maoce
me,Maocici
me,Mardari
me,Mareza
me,Marica Do
me,Marica Luka
me,Marici
me,Marinac
me,Marina Glavica
me,Marina Rupa
me,Markov Do
me,Markovica Laz
me,Markovici
me,Markovina
me,Marovici
me,Marsenica Rijeka
me,Marsenici
me,Marstijepovici
me,Martici
me,Martinici
me,Martinicko Gostilje
me,Martinicsko
me,Martinovice
me,Martinovici
me,Marucici
me,Maslari
me,Masline
me,Masnica
me,Masni Do
me,Maste
me,Mataguzi
me,Matalika
me,Mataruge
me,Matesevo
me,Matkovici
me,Mazarici
me,Mazgalji
me,Mazici
me,Medasevine
me,Mededak
me,Mededa
me,Medede
me,Mededov Do
me,Mede
me,Medeze
me,Medice
me,Medinovaca
me,Medjurijecje
me,Medosi
me,Medun
me,Medupotocje
me,Medurec
me,Medurijecje
me,Medurjecje
me,Meduzvalje
me,Medvede
me,Megjurec
me,Meka Lokva
me,Mekica Do
me,Mekica Kula
me,Mekici
me,Meki Do
me,Mekote
me,Melaja
me,Meljaci
me,Meljak
me,Meljena
me,Meljine
me,Melligne
me,Menke
me,Mentovici
me,Meoca Cucka
me,Meoca
me,Meoce Cucke
me,Meoce
me,Mercajevac
me,Mercajevci
me,Merdari
me,Merulja
me,Mesto Dobrota
me,Mestrovac
me,Mestrovici
me,Metalica
me,Metaljka
me,Metanac
me,Metanjac
me,Metanovici
me,Meteh
me,Meterizi
me,Meteriz
me,Mezalin
me,Mezdo
me,Mezalini
me,Mezgalje
me,Mezgalji
me,Mide
me,Midzorove Kuce
me,Migalovica
me,Mihailovici
me,Mihajlovici
me,Mihaljevici
me,Mihronici
me,Mijacevici
me,Mijajlov Do
me,Mijakovici
me,Mijeli
me,Mijokusovici
me,Mijoljica
me,Mijoska
me,Mikijelji
me,Mikulici
me,Milacici
me,Mila Gora
me,Milakovci
me,Milati
me,Milatovac
me,Miletici
me,Miletin Do
me,Milevo Polje
me,Milicevici
me,Milici
me,Milijevici
me,Miljanici
me,Milje
me,Miljevci
me,Miljev Do
me,Miljevici
me,Miljkovac
me,Milocani
me,Milocer
me,Milojci
me,Milojevici
me,Milonjin Do
me,Milosevici
me,Milosi
me,Milovci
me,Milov Do
me,Milovici
me,Milovic
me,Milovo
me,Milunici
me,Milunovici
me,Milusina Pecina
me,Mioca
me,Mioce
me,Miocevici
me,Miogost
me,Miolje Polje
me,Mioska
me,Mirac
me,Miradovici
me,Miravcine
me,Mirin Do
me,Mirkovici
me,Miroc-Do
me,Mirocevici
me,Mirojevici
me,Mironici
me,Mirovici
me,Misevici
me,Misici
me,Miske
me,Misocelo
me,Misoka
me,Misovica Rijeka
me,Mitrovici
me,Mjedenik
me,Mjegotin
me,Mladojevina
me,Mlakva
me,Mlinista
me,Mljeticak
me,Mocevici
me,Mocila
me,Modredoci
me,Modridoci
me,Mojanovici
me,Mojdez
me,Mojkovac
me,Mojstir
me,Mokani
me,Mokanje
me,Mokanji
me,Mokra Njiva
me,Mokri Do
me,Mokri Lug
me,Mokrine
me,Mokrinje
me,Mokro
me,Momce
me,Momisici
me,Momusici
me,Moracica
me,Moraice
me,Morajce
me,Morajica
me,Morakovo
me,Moracko Trebaljevo
me,Morinj
me,Mosevski Do
me,Mosori
me,Mosor
me,Mostine
me,Moticki Gaj
me,Mozura
me,Morigno
me,Mracelji
me,Mramor
me,Mratinje
me,Mravinje
me,Mrcava
me,Mrcevac
me,Mrcevo
me,Mrcici
me,Mrcinici
me,Mrdenovac
me,Mrez
me,Mrkajici
me,Mrkalji
me,Mrke
me,Mrke Ploce
me,Mrkovi
me,Mrtvi Doli
me,Mrtvo Doboko
me,Mrzovici
me,Mucici
me,Mugosina Livada
me,Muhovici
me,Mujica Recine
me,Mulici
me,Muline
me,Mulinovec
me,Mulinovo Pocivalo
me,Mulovina
me,Muo
me,Muratovici
me,Murina
me,Murinë
me,Murino
me,Murovac
me,Musici
me,Muslici
me,Musovica Rijeka
me,Musovici
me,Mustafica Grede
me,Musta Rupa
me,Musterovici
me,Muzecka
me,Muzevica
me,Muzevice
me,Muznik
me,Muzovici
me,Nabojine
me,Nabom
me,Nadgora
me,Nadgrad
me,Nadublje
me,Nadulica
me,Nakicenovici
me,Naljezici
me,Nange
me,Nanhelm
me,Naplav
me,Na Pode
me,Navotina
me,Na Vrh Polja
me,Nazdre
me,Nedajno
me,Nedakusi
me,Nefertara
me,Negnjevo
me,Negobratina
me,Negobuda
me,Negosi
me,Neodi
me,Nerim
me,Neviden
me,Niegos
me,Nik Ðokaj
me,Nikezici
me,Nikmarasi
me,Nik Maras
me,Nikmaros
me,Nikolici
me,Nikoljac
me,Nikonovac
me,Nikovici
me,Niksic
me,Ninkovici
me,Nistice
me,Njegnjevo
me,Njegosi
me,Njegovuda
me,Njegule
me,Njegulov Do
me,Njegusi
me,Njive
me,Njivica
me,Njivice
me,Nogulovici
me,Nokte
me,Norin
me,Novakovica Do
me,Novakovice
me,Novakovici
me,Nova Pec
me,Nova Varos
me,Novcici
me,Novi Crnokrpe
me,Novoselje
me,Novo Selo
me,Novsici
me,Nozdra
me,Nozica
me,Nudo
me,Nuga Borkovica
me,Nugo
me,Nurkovici
me,Nurkovi Dolovi
me,Obadovica
me,Obalica
me,Obalice
me,Obarde
me,Objesenik
me,Oblatno
me,Obljaj
me,Oblo Brdo
me,Obod
me,Oborci
me,Obradovici
me,Obrov
me,Obrovo
me,Obzovica
me,Obzovik
me,Ocevici
me,Ociba
me,Ocinici
me,Ocka Gora
me,Odoljen
me,Odolje
me,Odrin
me,Odzaci
me,Odzak
me,Odzica Glavica
me,Odzi
me,Oglavina
me,Ogorelovac
me,Ogorelo Zdrijelo
me,Ogorjelo Zdrijelo
me,Ogradenica
me,Ograde
me,Ogradjenica
me,Oklade
me,Okladi Modri-Do
me,Okladi
me,Okolista
me,Okruglica
me,Oluja
me,Oluje
me,Omaric
me,Omar
me,Omedak
me,Omerbozevici
me,Omer-Bozovici
me,Omerovici
me,Opacac
me,Opaljenik
me,Opasanica
me,Opasaonica
me,Opatovo
me,Opcine
me,Optocici
me,Orabovac
me,Oracine
me,Orah
me,Orahovac
me,Orahova
me,Orahovica
me,Orahovo
me,Oraovica
me,Oraovice
me,Orasac
me,Orasani
me,Orasi
me,Orasje
me,Oras Mala
me,Orevine
me,Orja Luka
me,Orja
me,Orlina
me,Orlja
me,Ormus Rmuse
me,Ornica
me,Ornice
me,Orovac
me,Orovi Do
me,Orpovac
me,Orucevac
me,Oselina
me,Osjecenica
me,Osmanbegovo Selo
me,Osoja
me,Osoje
me,Osojnik
me,Osojni Orah
me,Osreci
me,Osredci
me,Osredina
me,Ostreli
me,Ostrelj
me,Ostros
me,Ostruznje
me,Ote
me,Otilovici
me,Otocici
me,Otrockovina
me,Ovcarevo
me,Ovci Do
me,Ovcji Do
me,Ovna
me,Ovcarica
me,Ovsine
me,Ovtocici
me,Ozebli Do
me,Ozegovica
me,Ozegovice
me,Ozezi
me,Ozrimici
me,Ozrinici
me,Pacarade
me,Pacaradi
me,Packov Do
me,Padez
me,Padine
me,Padi
me,Pajkov Vir
me,Pakalj-Do
me,Paklesica
me,Pakljesica
me,Pale
me,Paleza
me,Palez
me,Palic
me,Pali
me,Paljevine
me,Paljkovac
me,Paljuh
me,Palocak
me,Palska Luka
me,Palucak
me,Pandurica
me,Panjevi
me,Pantovici
me,Paocina
me,Papani
me,Papanj
me,Pape
me,Papovina
me,Papratine
me,Paprati
me,Papratiste
me,Papratnica
me,Papratni Do
me,Paprat
me,Parapidi
me,Parazlame
me,Parci
me,Pareski Do
me,Pasica Polje
me,Pasina Voda
me,Pasino Polje
me,Pasji Nugao
me,Paskala
me,Patnji
me,Pauce
me,Paucina
me,Pauice
me,Pavino Polje
me,Pavlicici
me,Pavlov Do
me,Pavlovici
me,Pavlovic
me,Pavlovina
me,Pazici
me,Pcinjaj
me,Pcinja
me,Peani
me,Pecarska
me,Pecurica
me,Pecurice
me,Pecurici
me,Pejakovici
me,Pejovici
me,Pelesi
me,Pelev Brijeg
me,Pelinkovici
me,Pelinovo
me,Peovac
me,Pepice
me,Pepici
me,Perasevici
me,Perasto
me,Perast
me,Perazica Do
me,Pernica
me,Peroci
me,Perotin
me,Perovica Do
me,Perovici
me,Perunicici
me,Perzagno
me,Pesca
me,Pesica Luka
me,Pestorici
me,Petijevici
me,Petine
me,Petinici
me,Petkovici
me,Peskovici
me,Petkovic
me,Petnica
me,Petnik
me,Petnjica
me,Petnjik
me,Petolik
me,Petrici
me,Petrovac na Moru
me,Petrovac
me,Petrova Ljut
me,Petrova Ravan
me,Petrov Do
me,Petrovica Do
me,Petrovici
me,Petrovic
me,Petrovo Polje
me,Peuta
me,Pfic
me,Pijeva
me,Pikale
me,Pikalja
me,Pikalji
me,Pikalj
me,Pilatovci
me,Pilote
me,Pincici
me,Pipac
me,Piperi
me,Pipoljevac
me,Pirni Do
me,Pisana Jela
me,Pisanje
me,Pisce
me,Piskav Do
me,Pistala
me,Pisteta
me,Pisteti
me,Pistet
me,Pistula
me,Pitoma Loza
me,Pitome Doline
me,Pitomine
me,Pizure
me,Pizuri
me,Pjasci
me,Pjescanica
me,Pjevceva Glava
me,Plagente
me,Plakala
me,Plakali
me,Plana
me,Planinica
me,Plani
me,Plansko
me,Plasa
me,Plasnica
me,Plate
me,Plavë
me,Plav
me,Plece
me,Plevlja
me,Plevlje
me,Plijesevina
me,Plijesi
me,Plijes
me,Plijevor
me,Plitki Do
me,Pljeva
me,Pljevlja
me,Pljevlje
me,Ploca
me,Ploce
me,Plumci
me,Plunci
me,Pluzevina
me,Pluzine
me,Poblace
me,Pobori
me,Pobor
me,Pobratici
me,Pobrde
me,Pobretice
me,Pobretici
me,Pobrezje
me,Pobrgje
me,Pobrjge
me,Pobrnjica
me,Pobro
me,Pocana
me,Pocekovici
me,Pocic
me,Pocijevka
me,Pocivala
me,Pocivalo
me,Podaluga
me,Poda
me,Podazdrijelo
me,Podbabac
me,Podbisce
me,Podborova
me,Podborovo
me,Podbozur
me,Podbrde
me,Podbreze
me,Podbrezje
me,Podbrezovici
me,Podbukovica
me,Podcabar
me,Pod-Daznik
me,Pode
me,Podgaj
me,Podglavica
me,Podgora
me,Podgorica
me,Podgor
me,Podgostec
me,Podgrade
me,Podgradina
me,Podgradje
me,Podgrad
me,Podgrede
me,Podgrezje
me,Podgrizde
me,Pod Han
me,Podhum
me,Podina
me,Podine
me,Podi
me,Podjelje
me,Podkamen
me,Podkita
me,Podkokot
me,Podkovacica
me,Podkovac
me,Podkrajci
me,Podkrajnica
me,Podkraj
me,Podkrs
me,Podkrusa
me,Podkukanj
me,Podkula
me,Podkupic
me,Podkurjaj
me,Podlastva
me,Podlazina
me,Podlicak
me,Podlisac
me,Podlisa
me,Podlitica
me,Podljut
me,Podlunjica
me,Podmaine
me,Pod Miljevica
me,Pod Milogora
me,Pod Milojevica
me,Podnovlje
me,Podosmin
me,Podosoje
me,Podosoj
me,Podostrog
me,Podovi
me,Podpece
me,Podpec
me,Pod
me,Podrid
me,Podrogatac
me,Podrudine
me,Pod Ruzaricom
me,Podsoko
me,Podstrana
me,Podtrlica
me,Podvlah
me,Podvoda
me,Podvrace
me,Podvrat
me,Podvrsnik
me,Podvrs
me,Podzdrijelo
me,Pogana
me,Pokraj
me,Poljana
me,Poljane
me,Polje Crkvicko
me,Polje
me,Polje Radovica
me,Poljica
me,Poljice
me,Poljkovac
me,Pomenici
me,Pometenik
me,Ponari
me,Ponikvica
me,Ponikvice
me,Ponori
me,Ponorni Do
me,Ponor
me,Popov Do
me,Popovici
me,Popratnica
me,Popratnice
me,Poprat
me,Porkulov Do
me,Porobici
me,Poroca
me,Poroce
me,Poros
me,Posajci
me,Poscenje
me,Poscenski Kraj
me,Poseljani
me,Posleniste
me,Potesi
me,Pothum
me,Potkamen
me,Potkita
me,Potkokot
me,Potkovacica
me,Potkovac
me,Potkrajce
me,Potkrajci
me,Potkrajnica
me,Potkraj
me,Potkras
me,Potkrs
me,Potkrusa
me,Potkula
me,Potocilo
me,Potocine
me,Potoci
me,Potok
me,Potpal
me,Potpece
me,Potrk
me,Potrkusa
me,Potrlica
me,Potrlice
me,Potrljica
me,Povijevo
me,Povrhpoljina
me,Povrse
me,Pozar
me,Pozduj
me,Pozeginja
me,Pozeginje
me,Poznanovici
me,Poznja
me,Pracevac
me,Pracica
me,Praga
me,Prcanj
me,Predi
me,Predis
me,Predojevica
me,Prehari
me,Prekornica
me,Premcani
me,Premici
me,Prelevici
me,Premilici
me,Prencani
me,Prenkaj
me,Prentin Do
me,Prentovici
me,Presecenik
me,Preseka
me,Presjeka
me,Presmenice
me,Prestreke
me,Pretrzeni Do
me,Previna
me,Previs
me,Prevlaka
me,Pribakovici
me,Pribilovice
me,Pribojevici
me,Priboj
me,Pribranci
me,Pricelje
me,Pridvorica
me,Prifta
me,Prifti
me,Prigradina
me,Prijeki Do
me,Prijeko Pocivalo
me,Prijeradi
me,Prijelozi
me,Prijespa
me,Prijestrelj
me,Prijevorac
me,Prijevori
me,Prijevor
me,Priloge
me,Primet
me,Priostrelj
me,Pripcice
me,Pripcici
me,Pripec
me,Priporci
me,Pripor
me,Prisiklinac
me,Prisojak
me,Prisoja
me,Prisoje
me,Prisoji
me,Prisojni Orah
me,Pristan
me,Prnjavor
me,Progonovici
me,Prokaplje
me,Proplanci
me,Proscenje
me,Prosce
me,Proseni Do
me,Prosica
me,Provalija
me,Provalije
me,Przice
me,Przista
me,Przno
me,Pseniciste
me,Ptic
me,Ptikalj
me,Pusanjski Do
me,Pusina
me,Pustala
me,Pusonjski Do
me,Puzici
me,Rabiklje
me,Rabitlje
me,Rabri
me,Race
me,Racesi
me,Racevo
me,Raci
me,Radanovici
me,Radanovic
me,Radan
me,Radeca
me,Radeta
me,Radetina
me,Radevici
me,Radevo
me,Radigojna
me,Radigojno
me,Radijelja
me,Radimiri
me,Radin Do
me,Radmance
me,Radmanci
me,Radmuzevici
me,Radojeva Glava
me,Radojevici
me,Radomir
me,Radosavac
me,Radovac
me,Radovanici
me,Radov Do
me,Radovica Polje
me,Radovici
me,Radovic
me,Radulici
me,Radulic
me,Radunovici
me,Radus
me,Rafailovici
me,Rafajlovici
me,Raganice
me,Raicevici
me,Raicevine
me,Rajicev Do
me,Rajcevici
me,Rajicevici
me,Rajisici
me,Rajkovici
me,Rajovici
me,Rajsici
me,Rake
me,Rakica Kuce
me,Rakici
me,Rakita
me,Raklja
me,Rakoljska
me,Rakonje
me,Rakonjska
me,Rakovac
me,Ralja
me,Raljevci
me,Ramadica Do
me,Ramovica Aluga
me,Ramovica Do
me,Ramovici
me,Ramovo Zdrijelo
me,Rance
me,Raonici
me,Raoslovici
me,Raovici
me,Raovic
me,Rap
me,Rasadnik
me,Rascevici
me,Rascici
me,Rasena
me,Rasici
me,Rasinovici
me,Raska
me,Rasko
me,Raskov Do
me,Raskovo Guvno
me,Raskrsnica
me,Raslvici
me,Rasno
me,Rasnovic
me,Rasoje
me,Rasova
me,Rasovo
me,Raspori
me,Raspuce
me,Ras
me,Rastica
me,Rastisa
me,Rastis
me,Rastoci
me,Rastoka
me,Rastok
me,Rastovac
me,Rasulje
me,Ratajica Glavica
me,Ratisevina
me,Ratkov Do
me,Ratkovici
me,Ravanj
me,Ravan
me,Ravce Polje
me,Ravna Gora
me,Ravna Rijeka
me,Ravne Smreke
me,Ravnica
me,Ravni Krstac
me,Ravni Laz
me,Ravnine
me,Ravni
me,Ravno
me,Razdolje
me,Razdrt
me,Razici
me,Razmuce
me,Razrez
me,Razvrsje
me,Rec
me,Redice
me,Redzica Krlje
me,Releza
me,Relezi
me,Relja
me,Reljici
me,Reljino Brdo
me,Renovac
me,Repaji
me,Reparica
me,Repaza
me,Repicke Aluge
me,Repiste
me,Repsa
me,Resna
me,Resnik
me,Rezevici
me,Ribjak
me,Ribljak
me,Ribnicka Vrela
me,Ribnjak
me,Ridani
me,Rijecani
me,Rijecki Grad
me,Rijeka Crnojevica
me,Rijeka Marsenica
me,Rijeka Marsenici
me,Rijeka Musovica
me,Rijeka Rezevici
me,Rijeka
me,Risano
me,Risan
me,Risji Do
me,Ristopolje
me,Ristovina
me,Rmuse
me,Rodijelja
me,Rogaci
me,Rogami
me,Rogane
me,Roganica
me,Rogani
me,Rogovina
me,Rojevici
me,Rokici
me,Rokoci
me,Rokocki Do
me,Role
me,Romac
me,Roncevici
me,Rondovici
me,Ropoc
me,Rosca
me,Rosenica
me,Rose
me,Rosno Brdo
me,Rosulja
me,Rosulje
me,Rovacko Trebaljevo
me,Rovanj
me,Rova
me,Rovcani
me,Rovca
me,Rovce
me,Rovine
me,Rozaje
me,Rozaj
me,Roza
me,Roze
me,Rozhajë
me,Rpavac
me,Rsojevici
me,Rta
me,Rt
me,Rubeza
me,Rubezi
me,Rucevac
me,Rucina
me,Rudanci
me,Rudes
me,Rudevine
me,Rudica Laka
me,Rudici
me,Rudine
me,Rudinica
me,Rudinice
me,Rudino Pocivalo
me,Rudinovaca
me,Rudnica
me,Rudnice
me,Rudo Polje
me,Ruista
me,Ruiste
me,Rujevica
me,Rujevo
me,Rujista
me,Runja
me,Rupe Mujovica
me,Rupe
me,Rupice
me,Rupina
me,Rusenovici
me,Rusojevici
me,Rustovo
me,Ruzica Dolac
me,Rvana Gora
me,Rvasi
me,Rvavac
me,Rzani Do
me,Rzeni Do
me,Rzine
me,Rzista
me,Rziste
me,Sabani
me,Sabotici
me,Sabovina
me,Sadici
me,Sahovici
me,Sajkovac
me,Sakate
me,Sake
me,Sakovo Brdo
me,Sakovo Selo
me,Salc
me,Salevici
me,San Stefano
me,Sapalj Do
me,Sapici
me,Sarac
me,Sarancici
me,Sarici
me,Saruljevac
me,Sasovici
me,Sas
me,Savici
me,Savic
me,Savina Glavica
me,Savina Kruska
me,Savina
me,Savin Bor
me,Savkovine
me,Savnik
me,Savrdak
me,Sazici
me,Scepan-Polje
me,Sceposevici
me,Scepov Do
me,Sedlari
me,Sedlo
me,Sekulici
me,Selac
me,Selakovici
me,Sela
me,Selina
me,Selista
me,Seliste
me,Selita
me,Seljani
me,Seljkovac
me,Selo Donja Lastva
me,Selo Kapetanovica
me,Selo Muo
me,Selo
me,Senicista
me,Seniciste
me,Senkol
me,Seoca
me,Seoce
me,Seosnica
me,Seostica
me,Serdar Kula
me,Sestovici
me,Sevari
me,Sevejski Do
me,Seveljski Do
me,Shëngjergi
me,Shën Gjergji
me,Sibionica
me,Siga
me,Sige
me,Sijerkovici
me,Siljev Do
me,Siljkov Do
me,Simace
me,Simonovici
me,Sindan
me,Sin Derd
me,Sindjon
me,Sindon
me,Sinjac
me,Sinkol
me,Sipacno
me,Sipanje
me,Sipcanik
me,Siplje
me,Sipova Dola
me,Sipovica
me,Sipovice
me,Sip
me,Siralija
me,Sircici
me,Siroki Do
me,Sirovac
me,Sirovi Kraj
me,Sisevici
me,Sisici
me,Sisovici
me,Sitnica
me,Sjekirica Velika
me,Sjenice
me,Sjenogoste
me,Sjenokosi
me,Sjenokos
me,Sjenoseti
me,Sjenozeta
me,Sjerac
me,Sjerogoste
me,Skakavac
me,Skakovac
me,Skaljari
me,Skanjci
me,Skenderovici
me,Skenderovina
me,Skenderska Kalica
me,Skic
me,Skoce
me,Skocigorina
me,Skocki Omar
me,Skok
me,Skorac
me,Skorafci
me,Skorca Gora
me,Skrbusa
me,Skvariste
me,Slacko
me,Sladojev Do
me,Sladojevo Kopito
me,Slamcica
me,Slamni Brod
me,Slanjina
me,Slapci
me,Slap
me,Slatina
me,Slatka
me,Slatkovici
me,Slavkovo Brdo
me,Slepac
me,Slijepac Most
me,Slivni Do
me,Slivska Poljana
me,Sljemena
me,Sljeme
me,Sljepasnica
me,Sljepasnjica
me,Sljerne
me,Sljivansko
me,Sljivensko
me,Sljivlje
me,Sljucka Strana
me,Sljuke
me,Smailagica Polje
me,Smira
me,Smocije
me,Smocilje
me,Smocje
me,Smokovac
me,Smokovci
me,Smolice
me,Smoljan
me,Smrcje
me,Smrdan
me,Smrdusa
me,Smreka
me,Smrijecno
me,Sobaici
me,Sobajica
me,Sobajici
me,Sobojici
me,Sokolac
me,Sokolovic
me,Sokubin
me,Solila
me,Solinski Brijeg
me,Solja
me,Somina
me,Sosunja
me,Sotonici
me,Sozina
me,Spahici
me,Spaljevici
me,Spanjola
me,Spasojevica
me,Spic
me,Spila
me,Spilice
me,Spilja
me,Spilje
me,Spinja
me,Spuz
me,Srdanov Grob
me,Srdevac
me,Srebrnica
me,Srecanje
me,Sredani
me,Sredina Sela
me,Srednja Mahala
me,Srednje Selo
me,Srednje Zaostro
me,Sreteska Gora
me,Sretnja
me,Srijede
me,Srijetez
me,Srpska
me,Srni Do
me,Stabna
me,Stadojevo Kopito
me,Staje
me,Stajista
me,Stajiste
me,Stancani
me,Stanci
me,Staniselici
me,Staniseljici
me,Stanisici
me,Stanjevica Rupa
me,Stankov Do
me,Stanojev Do
me,Stara Varos
me,Stara Zlatica
me,Starce
me,Starcevici
me,Stare Crnokrpe
me,Stari Bar
me,Stari Viskovici
me,Staro Mijatovo
me,Staro Selo
me,Stavani
me,Stazer
me,Steci
me,Stedim
me,Stegvasi
me,Stepen
me,Stepov
me,Stevanovac
me,Steverine
me,Sticje
me,Stijena
me,Stijensko Brdo
me,Stijepcici
me,Stitare
me,Stitarica
me,Stitari
me,Stjepovic
me,Stjepovo
me,Stodra
me,Stojanovici
me,Stojanovic
me,Stoja
me,Stojkovici
me,Stoj
me,Stolac
me,Stolak
me,Stoliv Donji
me,Stoliv Gornji
me,Stozer
me,Strahinici
me,Strahov Do
me,Strane
me,Strasevina
me,Strasevna
me,Stravce
me,Strazice
me,Strazista
me,Straziste
me,Strbac
me,Strelicki Krs
me,Streljanice
me,Stricina
me,Strmecica
me,Strojtanica
me,Strojtanice
me,Strojtenica
me,Strpca
me,Strp
me,Strugari
me,Struga
me,Strug
me,Stubao
me,Stuba
me,Stube
me,Stubica
me,Stubicki Kraj
me,Stublo
me,Stubo
me,Stub
me,Studenac
me,Studenca
me,Studenci
me,Stuga
me,Stupa
me,Stupine
me,Stupovi
me,Stupsko Polje
me,Stup
me,Stvara
me,Sujaci
me,Sukobin
me,Sukuric
me,Sukuruc
me,Sula
me,Sule
me,Suli
me,Suljkovac
me,Sumani
me,Sumanovac
me,Sumarev Dub
me,Suma
me,Sume
me,Sumica
me,Sumici
me,Sunga
me,Suplja Stijena
me,Surec
me,Surlin Do
me,Susanj
me,Suscepan
me,Susevina
me,Susici
me,Sustasi
me,Sustas
me,Susunja
me,Sutivan
me,Sutjel
me,Sutjeska
me,Sutomore
me,Sutomor
me,Sutorina
me,Sutorman
me,Sutvara
me,Suva Gora
me,Suvodo
me,Suvo Polje
me,Sveti Dorde
me,Sveti Nikola
me,Sveti Stefan
me,Sviba
me,Svijetin Brijeg
me,Svine
me,Svinjcevina
me,Svinjista
me,Svrcuge
me,Svrke
me,Svrkote
me,Tamnica
me,Tamnice
me,Tarhanisi
me,Tatarovine
me,Teca
me,Tegovina
me,Tegovine
me,Tejani
me,Teodo
me,Tepacko Polje
me,Tepca
me,Tërpezë
me,Terzici
me,Tici
me,Tiganji
me,Tijana
me,Tijesak
me,Timar
me,Tiosovic
me,Tisa
me,Tisovac
me,Titograd
me,Tivat
me,Tjesak
me,Tmajevac
me,Tmusice
me,Tmusici
me,Tockovi
me,Todorov Dub
me,Todorovici
me,Toletin Do
me,Toljevina
me,Tolosi
me,Tomanov Do
me,Tomasevici
me,Tomasevo
me,Tomba
me,Tomicici
me,Tomici
me,Topalovici
me,Topla
me,Topli Potok
me,Topolica
me,Tosici
me,Tospude
me,Tovicki Do
me,Traboin Stari
me,Traboin
me,Trabojin
me,Travni Do
me,Trebaljevo
me,Trebesinj
me,Trebesin
me,Trebinci
me,Trebizin
me,Trebljevina
me,Trebljevine
me,Trebovinski Pod
me,Trepca
me,Tresnjevic
me,Tresnjevik
me,Tresnjevo
me,Tresnjica
me,Trgovista
me,Trimojevici
me,Tripkovici
me,Trkaci
me,Trlica
me,Trmanje
me,Trnavice
me,Trnine
me,Trnjine
me,Trnovac
me,Trnovica
me,Trnovice
me,Trnovi Do
me,Trnovo
me,Trojanovici
me,Trojica
me,Trosavac
me,Trpezi
me,Trsa
me,Trstenik
me,Trubasinj
me,Trubina
me,Trubino
me,Trubjela
me,Trubjelo
me,Trubljani
me,Truma
me,Trunica Do
me,Trusina
me,Tucanje
me,Tucanj
me,Tudemile
me,Tudemili
me,Tudorovici
me,Tudorovic
me,Tulovo
me,Tunjevo
me,Tupanj
me,Tupan
me,Tupci
me,Turava
me,Turcini
me,Turija
me,Tursko
me,Turuntas
me,Tusina
me,Tusinja
me,Tusto Brdo
me,Tustovo
me,Tustvo
me,Tusupe
me,Tusupi
me,Tutini Doli
me,Tuzeva Luka
me,Tuzi Ljevorecke
me,Tuzi
me,Tvorilo
me,Tvrdakovici
me,Tvrdas
me,Tvrdos
me,Ubalac
me,Ubaljski Do
me,Ubalski Do
me,Uba
me,Ubla
me,Ublica
me,Ublice
me,Ubli
me,Udovcine
me,Ugarce
me,Ugljesici
me,Ugnji
me,Ujnice
me,Ukranje
me,Ukropci
me,Ulcinj
me,Ulica
me,Ulice
me,Ulici
me,Uljara
me,Uljari
me,Ulotina
me,Umac
me,Umci
me,Umkovina
me,Unac
me,Unevina
me,Unijerina
me,Unjarina
me,Uremovici
me,Urimovici
me,Urljev Do
me,Usanovici
me,Uskoci
me,Usputnica
me,Ustupnica
me,Utrg
me,Utrk
me,Uvac
me,Uvezac
me,Vagan
me,Vala
me,Valdanos
me,Valista
me,Varda
me,Vardista
me,Varine
me,Vasiljevici
me,Vasiljevic
me,Vaskovo
me,Vatnikaj
me,Vecerici
me,Vela Luka
me,Velembusi
me,Velenica
me,Velestovo
me,Veleta
me,Velida
me,Velide
me,Velidje
me,Velika Plaza
me,Velika
me,Velike Crnokrpe
me,Velike Krce
me,Velike Sljeme
me,Veliki Do
me,Veliki Lipovac
me,Veliki Orah
me,Veliki Ostros
me,Veliko Krce
me,Veliko Radevo
me,Velimje
me,Velimlje
me,Velinici
me,Velja Dolina
me,Velja Aluga
me,Velja Gorana
me,Velja Lazina
me,Velja Rzista
me,Velja Zagreda
me,Velje Brdo
me,Velje Duboko
me,Velje Polje
me,Velje Selo
me,Velje Slacko
me,Velji Brijeg
me,Velji Do
me,Velji Kaliman
me,Velji Kraj
me,Velji Mikulici
me,Veljinici
me,Velji Pistet
me,Velji Potok
me,Velji Zalazi
me,Veljobrzani
me,Verusa
me,Vezista
me,Vidacica
me,Vidijenje
me,Vidne
me,Vidno
me,Vidov Potok
me,Vidre
me,Vidrovan
me,Vignjevici
me,Vijenac
me,Vilace
me,Vilac
me,Vilici
me,Vili Jasen
me,Viluse
me,Vilusi
me,Vinici
me,Vinicka
me,Vinogradine
me,Vinogradista
me,Virak
me,Virpazar
me,Vir
me,Visnje
me,Visnjevo
me,Visnjica Do
me,Visnjica
me,Visnjice
me,Visocke
me,Vis
me,Vitasojevici
me,Vitasovici
me,Viti Jasen
me,Vitalac
me,Vitkove Staje
me,Vitoglav
me,Vjetarnik
me,Vjeternik
me,Vjetrina
me,Vjetrosevice
me,Vladimir
me,Vladne
me,Vladni
me,Vladnja
me,Vladosi
me,Vlados
me,Vlahovici
me,Vlahovina
me,Vlah
me,Vlaka
me,Vlaovici
me,Vlase Vica
me,Vlasko Polje
me,Vocje
me,Vodni Do
me,Vodno
me,Vojinovici
me,Vojkovici
me,Vojnici
me,Vojno Selo
me,Vojtina
me,Vojvodici
me,Voljavac
me,Voljevac
me,Volujnik
me,Vonjin Do
me,Vozarina
me,Vozarine
me,Vraca
me,Vracenovici
me,Vranesi
me,Vranici
me,Vranicke Njive
me,Vranjaca
me,Vranjak
me,Vranjestica
me,Vranjina
me,Vranj
me,Vranovici
me,Vranovic
me,Vranstica
me,Vranti Polje
me,Vratiste
me,Vratnica
me,Vrba
me,Vrbe
me,Vrbica
me,Vrbice
me,Vrbov Lug
me,Vrela
me,Vrelo
me,Vrgasevici
me,Vrh Polja
me,Vrh
me,Vrijesno
me,Vrlici
me,Vrljeroski Do
me,Vrsajke
me,Vrsevo
me,Vrtace
me,Vrta
me,Vrtlina
me,Vrtoc Polje
me,Vrtovi
me,Vrujca
me,Vrujica
me,Vrujice
me,Vrulja
me,Vuca
me,Vucedabici
me,Vucevo
me,Vucica
me,Vuci Do
me,Vucje Seliste
me,Vucje
me,Vucji Do
me,Vuckovici
me,Vujkovici
me,Vujkovina
me,Vujkovo Zdrijelo
me,Vujovske Ravni
me,Vukanovici
me,Vukasovici
me,Vukasovic
me,Vukicevici
me,Vukici
me,Vukmirovici
me,Vukoderica
me,Vuko Do
me,Vukodo
me,Vukorani
me,Vukotica
me,Vukotice
me,Vukotici
me,Vukovci
me,Vukov Do
me,Vukove Zgrade
me,Vukovici
me,Vukovo Brdo
me,Vukov Pod
me,Vuksanlekici
me,Vuksan-Lekic
me,Vuksanovici
me,Vuksanovic
me,Vuksanovo Gumno
me,Vuksici
me,Vulevici
me,Vulici
me,Vuljan
me,Vuljevici
me,Vusanje
me,Vuthaj
me,Zabes
me,Zabjelo
me,Zabljak
me,Zaboj
me,Zabove
me,Zabrde
me,Zabrnjica
me,Zacir
me,Zadublje
me,Zadurasevac
me,Zagaj
me,Zagarac
me,Zaglavak
me,Zagonac
me,Zagorak
me,Zagora
me,Zagoric
me,Zagorje
me,Zagorski Do
me,Zagrada
me,Zagrade
me,Zagrad
me,Zagrebac
me,Zagreda
me,Zagulj
me,Zagvozdak
me,Zahum
me,Zainovica Guvno
me,Zajedni Do
me,Zakrajci
me,Zakrilje
me,Zakrizevac
me,Zakurljaj
me,Zalazba
me,Zalipa
me,Zaljevo
me,Zaljev
me,Zaljuce
me,Zaljutnica
me,Zalom
me,Zaluci
me,Zamacev Do
me,Zambelici
me,Zanjev Do
me,Zankovici
me,Zanjica
me,Zanjic
me,Zanuglina
me,Zanugline
me,Zaorine
me,Zaostro
me,Zapotocje
me,Zankovic
me,Zaprevorje
me,Zari
me,Zarme
me,Zarunica
me,Zar
me,Zasada
me,Zaselje
me,Zasjednica
me,Zaslap
me,Zastek
me,Zaton
me,Zaugao
me,Zauglina
me,Zaugline
me,Zausje
me,Zavala
me,Zaviden
me,Zavraca
me,Zavraci
me,Zavrh
me,Zazdrijonice
me,Zbljevo
me,Zdrijelo
me,Zebice
me,Zebljak
me,Zecevina
me,Zecevo Selo
me,Zecije Aluge
me,Zederovo Brdo
me,Zeicno
me,Zekavice
me,Zekovice
me,Zelalici
me,Zelenica
me,Zeleni Do
me,Zelenika
me,Zeljev Do
me,Zeljeznica
me,Zenica
me,Zenjilov Lug
me,Zenj
me,Zgrada
me,Zgrade
me,Zidovici
me,Ziljak
me,Zirci
me,Ziva
me,Zivkov Do
me,Zivkovici
me,Zkrs
me,Zlatica
me,Zlatna Obala
me,Zlato
me,Zlijebi
me,Zljebina
me,Zloglavlje
me,Zlokovici
me,Zlostup
me,Zmajevac
me,Zmijice
me,Zmijina
me,Zminac
me,Zminica
me,Zminjac
me,Zmukici
me,Zogaj
me,Zoganje
me,Zoganji
me,Zoganj
me,Zorilovici
me,Zovaca
me,Zovica
me,Zovina
me,Zrinje
me,Zubac
me,Zugljaj
me,Zukovica
me,Zukva
me,Zupa Dobrska
me,Zupa
me,Zupci
me,Zupkovici
me,Zurena
me,Zuri
me,Zurnovice
me,Zvecara
me,Zvecava
me,Zvinja
me,Zvinje
