mk,Adzarlar
mk,Adzemka
mk,Adzibegovo
mk,Adzievci
mk,Adzijevci
mk,Adzimatovo
mk,Adzinci
mk,ÃevÄelijad
mk,Afmate
mk,Agino Selo
mk,Ajalar
mk,Ajranli
mk,Ajvatovac
mk,Ajvatovci
mk,Akhris
mk,Alakince
mk,Alakinci
mk,Alasevce
mk,Aldanci
mk,Aldinc
mk,Aldince
mk,Aldinci
mk,Aldinci
mk,Aleksandrovo
mk,Aleksandrovo
mk,Algunja
mk,Alilabasi
mk,Aliloba
mk,Ali Lobasi
mk,Alimedska Maala
mk,Alimedska Mahala
mk,Alince
mk,Alince
mk,Alinci
mk,Alinci
mk,Alinci Bitolsko
mk,Ali Oba
mk,Alisavci
mk,Aljince
mk,Aljince
mk,Aljkurtovci
mk,Alsar
mk,Ame
mk,Amzabegovo
mk,Amzali
mk,An
mk,Andrejevo
mk,Andrejinci
mk,Angelci
mk,Ãonceli
mk,Ãopceli
mk,Ãorce Petrov
mk,Araçinë
mk,Aracinovo
mk,AranÄel
mk,Arangel
mk,Arazli
mk,Arbanasko
mk,Arbasanci
mk,Arbinovo
mk,Argulica
mk,Arguljica
mk,Arilevo
mk,Ariljevo
mk,Armatus
mk,Arnacija
mk,Arnakija
mk,Arnicko
mk,Arvati
mk,Arzhano
mk,Asamagi
mk,Asamati
mk,Asan-Begovo
mk,Atdrejinci
mk,Atista
mk,Atiste
mk,ÃurÄeviste
mk,Axhiefci
mk,Azirlar
mk,Babi
mk,Babino
mk,Babiste
mk,Babuna
mk,Bac
mk,Bacista
mk,Baciste
mk,Badar
mk,Badelin
mk,Bader
mk,Badile
mk,Badilen
mk,Bajcovci
mk,Bajkovo
mk,Bajlovce
mk,Bajlovci
mk,Bajrambos
mk,Bajramovci
mk,Balaban
mk,Balabanska Maala
mk,Balanci
mk,Balanci Palez
mk,Balcinci
mk,Baldovenci
mk,Balija Maala
mk,Balija Mahala
mk,Balince
mk,Balinci
mk,Balin Dol
mk,Baltalija
mk,Banajni
mk,Banica
mk,Banista
mk,Baniste
mk,Banja
mk,Banja
mk,Banja
mk,Banjane
mk,Banjica
mk,Banjiste
mk,Banjsko
mk,Banova
mk,Bansko
mk,Barakli
mk,Baraklija
mk,Barakovo
mk,Baratlici
mk,Baratlija
mk,Baratlija Mahala
mk,Baratliska Maala
mk,Barbarevo
mk,Barbarevo
mk,(( Barbaros ))
mk,Bardina
mk,Bardovce
mk,Bardovci
mk,Bardovska Maala
mk,Bardovska Mala
mk,Baresane
mk,Baresani
mk,Barovo
mk,Barovo
mk,Bartovc
mk,Basali
mk,Bas
mk,Basete i Postr
mk,Baset e Post
mk,Basibos
mk,Basili
mk,Barska Maala
mk,Basino Selo
mk,Bastevo
mk,Batanje
mk,Batinc
mk,Batinci
mk,Bazernik
mk,Bebar
mk,Bedinje
mk,Begniste
mk,Bekirli
mk,Bekirlija
mk,Bela Crkva
mk,Bela Crkva
mk,Belanovce
mk,Belavinci
mk,Bela Vodica
mk,Belce
mk,Belcica
mk,Belcista
mk,Belciste
mk,Belestevica
mk,Beli
mk,Belica
mk,Belica
mk,Belicica
mk,Belimbegovo
mk,Beli Vlajkovci
mk,Beljakovce
mk,Beljakovci
mk,Beljakovci Mahala
mk,Belo Pole
mk,Belo Polje
mk,Belotino
mk,Beloviste
mk,Beloviste
mk,Belovodica
mk,Beluce
mk,Belusino
mk,Bence
mk,Berikovo
mk,Berovce
mk,Berovci
mk,Berovo
mk,Bërvenicë
mk,Besiste
mk,Besvica
mk,Bezikovo
mk,Bezovec
mk,Beranci
mk,Bezovo
mk,Bibaj
mk,Bidzevo
mk,Bidzovo
mk,Bigla
mk,Bigor Dolenci
mk,Biljanik
mk,Biljanovce
mk,Birino
mk,Bistrenci
mk,Bistrenica
mk,Bistrica
mk,Bistrica
mk,Bitola
mk,Bitol
mk,Bitolj
mk,Bitolsko
mk,Bitolya
mk,Bitovo
mk,Bitus
mk,Bituse
mk,Bitushe
mk,Bivolarci
mk,Blaca
mk,Blacanci
mk,Blace
mk,Blace
mk,Blace
mk,Blatac
mk,Blatec
mk,Blizanci
mk,Blizansko
mk,Bllacë e Poshtëme
mk,Bllacë e Sipërme
mk,Bogacinovci
mk,Bogdanci
mk,Bogdevo
mk,Bogomila
mk,Bogorodica
mk,Bogorojca
mk,Bogorojica
mk,Bogoslovac
mk,Bogoslovec
mk,Bogovina
mk,Bogovine
mk,Bogovinje
mk,Bogovino
mk,Bogumil
mk,Bohula
mk,Boista
mk,Boiste
mk,Bojana
mk,Bojanciste
mk,Bojane
mk,Bojcoska Maala
mk,Boletin
mk,Boljetin
mk,Bolno
mk,Bolonovcje
mk,Bomova
mk,Bomovo
mk,Bonce
mk,Borievo
mk,Borijovo
mk,Borino
mk,Borisovo
mk,Boroec
mk,Borotino
mk,Borovci
mk,Borovec
mk,Borovo
mk,Borovska Breznica
mk,Bosilevo
mk,Bosiljevo
mk,Bosilovo
mk,Boskovci
mk,Bosnjani
mk,Botum
mk,Botun
mk,Botur
mk,(( Botuse ))
mk,Boula
mk,Bozofce
mk,Bozovce
mk,Bozovec
mk,Brailovo
mk,Brajcino
mk,Brajilovo
mk,Brajkovci
mk,Brashtica
mk,Bratin Dol
mk,Bratislavca
mk,Bratislavci
mk,Brazda
mk,Brcevo
mk,Brdaci
mk,Brdarska Maala
mk,Bresani
mk,Breshtani
mk,Bresnica
mk,Brestani
mk,Brest
mk,Brest
mk,Brest
mk,Brezani
mk,Brezica
mk,Brezica
mk,Breznica
mk,Breznica
mk,Brezno
mk,Brezovec
mk,Brezovo
mk,Brnik
mk,Brnjarce
mk,Brnjarci
mk,Brodac
mk,Brodac
mk,Brod
mk,Brod
mk,Brodec
mk,Brodec
mk,Brod Makedonski
mk,Brostica
mk,Brusani
mk,Brusnik
mk,Brusnik
mk,Brvence
mk,Brvenica
mk,Brzak
mk,Brzdani
mk,Bucim
mk,Bucin
mk,Bucince
mk,Bucinci
mk,Buciste
mk,Buckovci
mk,Budakovo
mk,Budimir
mk,Budimirci
mk,Budinarci
mk,Budur
mk,Budur Ciflik
mk,Bujek
mk,Bujkovac
mk,Bujkovci
mk,Bukojcani
mk,Bukolovska Maala
mk,Bukovic
mk,Bukovik
mk,Bukovljane
mk,Bukovo
mk,Bukurica
mk,Bulacane
mk,Bulacani
mk,Buluntuli
mk,Bunarce
mk,Bunardzik
mk,Bunes
mk,Burilcevo
mk,Burilovci
mk,Burinec
mk,Busalar
mk,Busilca
mk,Busilci
mk,Butel
mk,Butelj
mk,Brodec
mk,Buzalakovo
mk,Buzalkovo
mk,Buzinci
mk,Buzolak
mk,Bzovik
mk,Cafa
mk,Caile
mk,Cair
mk,Cajane
mk,Caje
mk,Cajlane
mk,Cajle
mk,Cajljane
mk,Calakli
mk,Çallapek
mk,Calniste
mk,Calosevo
mk,Canakli
mk,Canakli
mk,Canaklija
mk,Caniste
mk,Cankina Maala
mk,Cankinci
mk,Capari
mk,Cardaklija
mk,Carev Dvor
mk,Carevic
mk,Carevik
mk,Carevo Selo
mk,Casa
mk,Casica
mk,Caska
mk,Caska
mk,Causli
mk,Ceena Maala
mk,Ceene Mala
mk,Çegran
mk,Cegrane
mk,Cekrkci
mk,Celanska Maala
mk,Celanska Mala
mk,Celevec
mk,Celikovci
mk,Celopeci
mk,Celopek
mk,Celopek
mk,Cemersko
mk,Cengici
mk,Cepeli
mk,Cepigovo
mk,Cera
mk,Cer
mk,Cerkesko Selo
mk,Cerkezi
mk,Çerkresho-Sello
mk,Cerniste
mk,Cerova
mk,Cerovo
mk,Cerovo
mk,Cerovo
mk,Cesendre
mk,Cesinovis
mk,Cesinovo
mk,Cestevo
mk,Cestovo
mk,Cetirce
mk,Cibaci
mk,Ciflik
mk,Ciflik
mk,Ciflik
mk,Ciflik
mk,Ciflik
mk,Ciflik
mk,Ciflik
mk,Ciflik
mk,Ciflik
mk,Ciflik
mk,Ciflik Ljubin
mk,Ciflik Ljubos
mk,Ciflik Mezdra
mk,Cmovo
mk,Cojlija
mk,Cojlije
mk,Colosevo
mk,Coselari
mk,Coseleri
mk,Cresevo
mk,Creska
mk,Creske
mk,Cresnevo
mk,Cresnevo
mk,Cresnjevo
mk,Cresnjevo
mk,Crkva
mk,Crkvina
mk,Crkvino
mk,Crkvinska Maala
mk,Crnec
mk,Crneec
mk,Crnicane
mk,Crnicani
mk,Crnicani
mk,Crni Kamen
mk,Crnik
mk,Crniliste
mk,Crni Vlajkovci
mk,Crni Vrh
mk,Crni Vrv
mk,Crni Vrv
mk,Crn Kamen
mk,Crnoboci
mk,Crnobok
mk,Crnobuki
mk,Crnoec
mk,Crnovci
mk,Crnovec
mk,Crn Vrv
mk,Crn Vrv
mk,Crvena Niva
mk,Crvena Njiva
mk,Crvena Voda
mk,Crvena Voda
mk,Crvilevo
mk,Crvulevo
mk,Crvuljevo
mk,Cucer
mk,Cucer-Sandevo
mk,Cukarci
mk,Culovci
mk,Cumovo
mk,Cvetanovska Maala
mk,Cvetisnica
mk,Cvetovo
mk,Cvilance
mk,Dabila
mk,Dabile
mk,Dabilja
mk,Dabjani
mk,Dabnica
mk,Dabniste
mk,Dalbegovci
mk,Dallgash
mk,Damjan
mk,Ðavat
mk,Ðavato
mk,Ðavato
mk,Davidovo
mk,Ðavoto
mk,Debar
mk,Debrese
mk,Debreste
mk,Debriste
mk,Debriste
mk,Dedavacka Mahala
mk,Dedebalci
mk,Dedebal
mk,Dedeli
mk,Dedino
mk,Dejkovac
mk,Dejkovec
mk,Dejlovce
mk,Dejlovci
mk,Dekovec
mk,Deladrovce
mk,Delagozde
mk,Delcevo
mk,Delisinci
mk,Delisinciie
mk,Deljadrovci
mk,Delogozda
mk,Delogozdi
mk,Delska Maala
mk,Demir Hisar
mk,Demir Kapija
mk,Derelska Maala
mk,Derma
mk,Ðerman
mk,Ðermo
mk,Ðermol
mk,Desini
mk,Desovo
mk,Devic
mk,Dibra
mk,Dibre-i-Bala
mk,Dihovo
mk,Ðinot
mk,Divlje
mk,Djavato
mk,Djavato
mk,Djermo
mk,Djorce Petrov
mk,Djzumelci
mk,Dlabocia
mk,Dlabocica
mk,Dlabocica
mk,Dlapkin Dol
mk,Dlbocica
mk,Dlga
mk,Dobarce
mk,Dobërdol
mk,Dobrasinci
mk,Dobrejci
mk,Dobrenovac
mk,Dobreovo
mk,Dobresinci
mk,Dobrevo
mk,Dobri-Do
mk,Dobri Dol
mk,Dobri Dol
mk,Dobrino
mk,Dobrisani
mk,Dobromir
mk,Dobromiri
mk,Dobrosane
mk,Dobrosani
mk,Dobroshtë
mk,Dobrosinci
mk,Dobroste
mk,Dobrotino
mk,Dobroven
mk,Dobroveni
mk,Dobrovnica
mk,Dobrovo
mk,Dobrusevo
mk,Dodenska Maala
mk,Doerane
mk,Dojakova Maala
mk,Dojcinovci
mk,Dojcinovci Mahala
mk,Dojran
mk,Dolani
mk,Dolbocica
mk,Dolbocica
mk,Dolce Petrov
mk,Dolenci
mk,Dolenci
mk,Dolenci
mk,Dolgaec
mk,Dolgas
mk,Dolgavec
mk,Doljani
mk,Dolinarci
mk,Dolna Banjica
mk,Dolna Bela Crkva
mk,Doljna Krusija
mk,Dolna Belica
mk,Dolna Belica
mk,Dolna Bosava
mk,Dolna Carlija
mk,Dolna Djonovica
mk,Dolna Ðonovica
mk,Dolna Gjonovica
mk,Dolna Gonovica
mk,Dolna Kuklica
mk,Dolna Lesnica
mk,Dolna Maala
mk,Dolna Maala
mk,Dolna Maala
mk,Dolna Maala
mk,Dolna Maala
mk,Dolna Maala
mk,Dolna Mala
mk,Dolna Matka
mk,Dolna Strogomista
mk,Dolna Vrasnica
mk,Dolna Vrastica
mk,Dolneni
mk,Dolne Sredorece
mk,Dolni Balvan
mk,Dolni Celopek
mk,Dolni Ciflik
mk,Dolni Disan
mk,Dolni Dlapin Dol
mk,Dolni Dobrenoec
mk,Dolni Grcec
mk,Dolni Lipovik
mk,Dolni Lipovnik
mk,Dolni Manastirec
mk,Dolni Podlog
mk,Dolni Prosovec
mk,Dolni Rades
mk,Dolni Stubol
mk,Dolnjane
mk,Dolnjani
mk,Dolno Aglarci
mk,Dolno ÃuÄance
mk,Dolno ÃuÄanci
mk,Dolni Nerezi
mk,Dolno Barbarevo
mk,Dolno Botuse
mk,Dolno Botusje
mk,Dolno Carlija
mk,Dolno Cicevo
mk,Dolno Crniliste
mk,Dolno Dejkovec
mk,Dolno Dekovec
mk,Dolno Divjaci
mk,Dolno Dobrenoec
mk,Dolno Dobrino
mk,Dolno Ðugance
mk,Dolno Dupeni
mk,Dolno Dzugance
mk,Dolno Egri
mk,Dolno Gjugjance
mk,Dolno Gradsko
mk,Dolno Jabolciste
mk,Dolno Jelovce
mk,Dolno Karaslari
mk,Dolno Kolicane
mk,Dolno Kolicani
mk,Dolno Konjare
mk,Dolno Konjari
mk,Dolno Kosovrasti
mk,Dolno Krusje
mk,Dolno Krusje
mk,Dolno Lakocerej
mk,Dolno Lakoceri
mk,Dolno Lakoceroj
mk,Dolno Lipovik
mk,Dolno Lisice
mk,Dolno Lukovo
mk,Dolno Lupste
mk,(( Dolno Maalo Tazevo ))
mk,Dolno Malo Tazevo
mk,Dolno Melinicani
mk,Dolno Melnicani
mk,Dolno Nerez
mk,Dolno Nereze
mk,Dolno Nerezi
mk,Dolno Nerezi
mk,Dolno Orasje
mk,Dolno Orehovo
mk,Dolno Oreovec
mk,Dolno Orizari
mk,Dolno Orizari
mk,Dolno Palciste
mk,Dolno Perovo
mk,Dolno Sedlarce
mk,Dolno Solnje
mk,Dolno Sonje
mk,Dolno Sredorece
mk,Dolno Srpci
mk,Dolno Stragoliste
mk,Dolno Stragomiste
mk,Dolno Strbovo
mk,Dolno Strogomiste
mk,(( Dolno Sveto Race ))
mk,Dolno Svilare
mk,Dolno Tatesi
mk,(( Dolno Trlo ))
mk,Dolno Trogerci
mk,Dolno Vranovci
mk,Dolno Zitose
mk,Dolno Zrkle
mk,Donja Bosava
mk,Donja Dusogubica
mk,Donje Blace
mk,Donje Cicevo
mk,Donje Jabolciste
mk,Donje Kolicane
mk,Donje Krusje
mk,Donje Lisicje
mk,Donje Macevo
mk,Donji Orizari
mk,Donji Stubol
mk,Dorfulija
mk,Dorlobos
mk,Dorlombos
mk,Dorlomboz
mk,Dorlu Obasi
mk,Dorol Obasi
mk,Dorol Obosi
mk,Dorutli
mk,Dovezence
mk,Drac
mk,Draçevë
mk,Dracevica
mk,Dracevica
mk,Dracevo
mk,Dradnja
mk,Dragarine
mk,Dragarino
mk,Dragobrasta
mk,Dragobraste
mk,Dragobrasti
mk,Dragodol
mk,Dragoevo
mk,Dragomanc
mk,Dragomance
mk,Dragomanci
mk,Dragos
mk,Dragov Dol
mk,Dragovo
mk,Dragozani
mk,Dragozel
mk,Dramca
mk,Dramce
mk,Draslajca
mk,Draslavica
mk,Drava
mk,Drazevo
mk,Drenak
mk,Drenak
mk,Drenak
mk,Drenak
mk,Dren
mk,Dren
mk,Drenje
mk,Drenoec
mk,Drenok
mk,Drenok
mk,Drenok
mk,Drenovci
mk,Drenovec
mk,Drenovo
mk,Drenovo
mk,Drenovo
mk,Drevenik
mk,Dreveno
mk,Dreznica
mk,Drmeni
mk,Drmos
mk,Drogoevo
mk,Drugovo
mk,Drvendziska Maala
mk,Drvenik
mk,Drviska Maala
mk,Drviska Mahala
mk,Drvos
mk,Drzanci
mk,Drzilovo
mk,DuÄanci
mk,Dubocica
mk,Dubocica
mk,Dubrovnica
mk,(( Dubrovo ))
mk,Duf
mk,Ðuleli
mk,Dulica
mk,Dulje
mk,Dukatino
mk,Dumanovce
mk,Dumanovci
mk,Dunje
mk,Dupeni
mk,Dupjacani
mk,Dupjani
mk,Dupkarevi Kolibi
mk,Dupljani
mk,Duracka Reka
mk,Durcica Maala
mk,Durfuli
mk,Durfulija
mk,Durfulli
mk,Durska Maala
mk,Durska Mahala
mk,Durutli
mk,Durutli
mk,Durutlija
mk,Dusanovac
mk,Dusegubica
mk,Duskovci
mk,Dusogubica
mk,Ðuzemelci
mk,Dvorce
mk,Dvorci
mk,Dvorci
mk,Dvoriste
mk,Dzadovci
mk,Dzadurci
mk,Dzavato
mk,Dvoriste
mk,Dzebin
mk,Dzepciste
mk,Dzepin
mk,Dzepista
mk,Dzepiste
mk,Dzepiste
mk,Dzidimirce
mk,Dzidimirci
mk,Dzidimirci
mk,Dzumabos
mk,Dzuma
mk,Dzumaja-Obasi
mk,Dzumajlija
mk,Dzumali
mk,Dzuma Obasi
mk,Dzuma Ovasi
mk,Dzvan
mk,Dzvegor
mk,Edinakovce
mk,Edinakovci
mk,Edinakovo
mk,Ednokucevo
mk,Ednokukevo
mk,Edrenikovo
mk,Edrinkovo
mk,Ehloec
mk,Ehlovac
mk,Ehlovec
mk,Ekonomija Mezdra
mk,Elevci
mk,Elovec
mk,Elovo
mk,Emirica
mk,Emrulovci
mk,Enesevo
mk,Ercevis
mk,Erdzela
mk,Erdzeli
mk,Erdzelija
mk,Erdzelijo
mk,Erekovci
mk,Evla
mk,Evla
mk,Evloec
mk,Ezerani
mk,Ezereni
mk,Falise
mk,Falis
mk,Faris
mk,Faskovci
mk,Feistritz
mk,Fera Maala
mk,Fera Mala
mk,Filipovci
mk,Forino
mk,Frangovo
mk,Frngovo
mk,Frtok
mk,Furka
mk,Gabalavci
mk,Gabar
mk,Gabolavci
mk,Gabres
mk,Gabres
mk,Gabres
mk,Gabrevci
mk,Gabrovnik
mk,Gabrovo
mk,Gabrovo
mk,Gabrovo
mk,Gaire
mk,Gajranci
mk,Gajre
mk,Galata
mk,Galate
mk,Galicani
mk,Galicnik
mk,Galiste
mk,Garani
mk,Gare
mk,Garesnica
mk,Gari
mk,Garjanci
mk,Garnikovo
mk,Garvan
mk,Garvanica
mk,Gavato
mk,Gavato
mk,Gecerli
mk,Gecerlija
mk,German
mk,Germë
mk,Germijan
mk,Germo
mk,Germol
mk,Gerno
mk,Gevegeli
mk,Gevgelia
mk,Ginovci
mk,Gjavato
mk,Gjokceli
mk,Gjorçe Petrov
mk,Gevgeli
mk,Gjuzemelci
mk,Glavinci Maala
mk,Glavovica
mk,Glaznja
mk,Gevgelija
mk,Glecenska Maala
mk,Ginovce
mk,Glincarci
mk,Glisic
mk,GloÄe
mk,GloÄi
mk,Globocica
mk,Glodji
mk,Glog
mk,Glogi
mk,Glogji
mk,Glumovo
mk,Gluvo
mk,Gneotina
mk,Gneotino
mk,Gniles
mk,Gnilez
mk,Gnjiles
mk,Godivije
mk,Godivje
mk,Godivje
mk,Godivle
mk,Gojranci
mk,Golema Crcorija
mk,Golema Recica
mk,Golem Gaber
mk,Golemi Gar
mk,Golemi Radobil
mk,Golemi Radobili
mk,Golemi Radobilj
mk,Golemi Vrv
mk,Golemo Crsko
mk,Golemo Ilino
mk,Golemo Kojnari
mk,Golemo Konjari
mk,Golem Papradink
mk,Golem Papradnik
mk,(( Golemi Bigor Dolenci ))
mk,Golem Papranik
mk,Golem Radobil
mk,Goli Rid
mk,Golozinci
mk,Golujska Maala
mk,Gopceli
mk,Gopes
mk,Gorabinc
mk,Goracino
mk,(( Gorance ))
mk,Gorani
mk,Gorce Petrov
mk,Gorc Petrov
mk,Gorenci
mk,Gorenci
mk,Gorjane
mk,Gorjani
mk,Gorna Banjica
mk,Gorna Bela Crkva
mk,Gorna Belica
mk,Gorna Belica
mk,Gorna Bosava
mk,Gorna Carlija
mk,Gorna Ðonovica
mk,Gorna Dracevica
mk,Gorna Gjonovica
mk,Gorna Gonovica
mk,Gorna Lesnica
mk,Gorna Maala
mk,Gorna Maala
mk,Gorna Maala
mk,Gorna Maala
mk,Gorna Maala
mk,Gorna Mala
mk,Gorna Mala
mk,Gorna Radusa
mk,Gorna Reka
mk,Gorna Strogomista
mk,Gorna Vrasnica
mk,Gorna Vrastica
mk,Gornçi
mk,Gorne Sredorece
mk,Gorni Balvan
mk,Gorni Celopek
mk,Gornicet
mk,Gorni Disan
mk,Gorni Dlapin Dol
mk,(( Gorni Grcec ))
mk,Gorni Hamzali
mk,Gorni Lipovik
mk,Gorni Manastirec
mk,Gorni Nerezi
mk,Gorni Podlog
mk,Gorni Stubol
mk,Gornja Belica
mk,Gornja Bosava
mk,Gornja Drcevica
mk,Gornja Krusija
mk,Gornja Maala
mk,Gornjane
mk,Gornje Blace
mk,Gornje Cicevo
mk,Gornje Jabolciste
mk,Gornje Jabolcnote
mk,Gornje Kolicane
mk,Gornje Kratovo
mk,Gornje Krusje
mk,Gornje Lisicje
mk,Gornje Orizare
mk,Gornji-Celtiki
mk,Gornji Orizari
mk,Gornji Orizari
mk,Gornji Sedlarci
mk,Gornji Stubol
mk,Gornji Vranovci
mk,Gorno Aglarci
mk,Gorno ÃuÄance
mk,Gorno ÃuÄanci
mk,Gorno Barbarevo
mk,Gorno Botuse
mk,Gorno Botusje
mk,Gorno Carlija
mk,Gorno Cicevo
mk,Gorno Crniliste
mk,Gorno Divjaci
mk,Gorno Dobrenoec
mk,Gorno Dobrenovac
mk,Gorno Dobrino
mk,Gorno Ðugance
mk,Gorno Dupeni
mk,Gorno Dzugance
mk,Gorno Egri
mk,Gorno Gjugjance
mk,Gorno Jabolciste
mk,Gorno Jacince
mk,Gorno Jelovce
mk,Gorno Jelovci
mk,Gorno Karaslari
mk,Gorno Kojnare
mk,Gorno Kojnari
mk,Gorno Kolicane
mk,Gorno Kolicani
mk,Gorno Konjare
mk,Gorno Konjare
mk,Gorno Konjari
mk,Gorno Kosovrasti
mk,Gorno Kratovo
mk,Gorno Krusje
mk,Gorno Lakocerej
mk,Gorno-Lakoceri
mk,Gorno Lakocerje
mk,Gorno Lipovik
mk,Gorno Lisice
mk,Gorno Lukovo
mk,Gorno Lupste
mk,(( Gorno Maalo Tazevo ))
mk,Gorno Malo Tazevo
mk,Gorno Melnicani
mk,Gorno Nereze
mk,Gorno Manastirec
mk,Gorno Nerezi
mk,Gorno Melnicane
mk,Gorno Nerezi
mk,Gorno Oreovec
mk,Gorno Orizari
mk,Gorno Orizari
mk,Gorno Orizari
mk,Gorno Palciste
mk,Gorno Sedlarce
mk,Gorno Selo
mk,Gorno Solnje
mk,Gorno Sonje
mk,Gorno Sredorece
mk,Gorno Sredorecje
mk,Gorno Srpci
mk,Gorno Stragoliste
mk,Gorno Stragomiste
mk,Gorno Strbovo
mk,Gorno Stregomiste
mk,Gorno Strogomista
mk,Gorno Strogomiste
mk,(( Gorno Sveto Race ))
mk,Gorno Svilare
mk,Gorno Tates
mk,Gorno Tatesi
mk,Gorno Trogerci
mk,Gorno Vranovci
mk,Gorobinci
mk,Gorogleda
mk,Gorogled
mk,Gorovinci
mk,Gosince
mk,Gostirazna
mk,Gostirazni
mk,Gostivar
mk,Gostrizani
mk,Govarljevo
mk,GoveÄak
mk,GoveÄa Maala
mk,Govedja Mahala
mk,Govegjak
mk,Govrlevo
mk,Govrljevo
mk,Gracane
mk,Gracani
mk,Gradac
mk,Gradec
mk,Gradec
mk,Gradec
mk,Gradec
mk,Gradesnica
mk,Gradet
mk,Grad
mk,Gradiste
mk,Gradiste
mk,Gradmance
mk,Gradmanci
mk,Gradosorci
mk,Gradovci
mk,Gradski Baldovci
mk,Gradsko Baldovci
mk,Gradsko
mk,Graesnica
mk,Graiste
mk,Grajesnica
mk,Grbavec
mk,Grbovec
mk,Grcac
mk,Grcec
mk,Grciste
mk,Grdovci
mk,Gresnica
mk,Grekaj
mk,Gresnica
mk,Grgurnica
mk,Grizilevci
mk,Grizilovci
mk,Grljane
mk,Grljani
mk,Grncare
mk,Grko Pole
mk,Grncari
mk,Grnciste
mk,Gruinska Maala
mk,Grumazi
mk,Grunista
mk,Gruniste
mk,Grupcin
mk,Grusince
mk,Grusino
mk,GuÄakovo
mk,Gudjakovo
mk,Gugjakovo
mk,Gujnovci
mk,Guleli
mk,Gulince
mk,Gulinci
mk,Gumalevo
mk,Gunjevci
mk,Gureler
mk,Gurgurnica
mk,Guvniste
mk,Hadzarlar
mk,Hadziahmetovo
mk,Hadzi Amzali
mk,Hadzi Hamzali
mk,Hadzi Hamzalija
mk,Hadzi Matovo
mk,Hadzi Redzepli
mk,Hadzi Sejdeli
mk,Hajdar
mk,Hame
mk,Hamzali
mk,Han
mk,Han Mavrovo
mk,Hrani
mk,Hrankovce
mk,Hristifor
mk,(( Hudaverli ))
mk,Hudaverlija
mk,Huma
mk,Iberli
mk,Iberlija
mk,Ibraimovo
mk,Idrizovo
mk,Ilijevo
mk,Ilinden
mk,Ilino
mk,Iliovo
mk,Ilovica
mk,Ilovo
mk,Imerovci
mk,Ince
mk,Indzikovo
mk,Inevo
mk,Injevo
mk,Inovo
mk,Ishtib
mk,Istevnik
mk,Istibanja
mk,Ivackovica
mk,Ivancista
mk,Ivanciste
mk,Ivanevci
mk,Ivanjevci
mk,Ivankovac
mk,Ivankovac
mk,Ivankovci
mk,Ivanlije
mk,Iveni
mk,Izbista
mk,Izbiste
mk,Izdeglavje
mk,Izdeglavlje
mk,Iziste
mk,Izlesevo
mk,Izvor
mk,Izvor
mk,Jablanica
mk,Jablanica
mk,Jabolce
mk,Jabolci
mk,Jabolec
mk,Jacimovo
mk,Jagmurlar
mk,Jagol Dolenci
mk,Jagol
mk,Jakimovo
mk,Jakrenovo
mk,Jamiste
mk,Jamularci
mk,Jance
mk,Jancevci
mk,Jançishtë
mk,Janciste
mk,Jankoec
mk,Jankovac
mk,Jankovci
mk,Jankovci
mk,Jankovec
mk,Jargulica
mk,Jasarska Maala
mk,Jasarska Mahala
mk,Jastrebnik
mk,Javorec
mk,Jazince
mk,Jaznica
mk,Jaznice
mk,Jedcarce
mk,Jednokucevo
mk,Jedoarce
mk,Jegunovce
mk,Jehlovac
mk,Jelosnik
mk,Jelovci
mk,Jelovjane
mk,Jenikej
mk,Jeniköj
mk,Jezerane
mk,Jokari
mk,Josifovo
mk,Jovanovska Maala
mk,Judovo
mk,Juma Obasi
mk,Junuzlija
mk,Jurumleri
mk,Juzni Brod
mk,Kacarci
mk,Kadino
mk,Kadino Selo
mk,Kadino Selo
mk,Kadrifakovo
mk,Kadrifalkovo
mk,Kafa
mk,Kajganci
mk,Kajganci Maala
mk,Kalajnevo
mk,Kalanjevo
mk,Kalapetrovci
mk,Kalauzlija
mk,Kalauzlija
mk,Kalauzli
mk,Kalaverci
mk,Kalderjac
mk,Kaldirec
mk,Kaleinci
mk,Kalejnica Mahala
mk,Kalendziovci
mk,Kalen
mk,Kalesovci
mk,Kalimanci
mk,Kalinci
mk,Kalista
mk,Kaliste
mk,Kaliste
mk,Kalkandelen
mk,Kalkovo
mk,Kalniste
mk,KaluÄerec
mk,KaluÄerica
mk,Kalugerec
mk,Kalugerica
mk,Kamen Do
mk,Kamen Dol
mk,Kamenica
mk,Kamenjane
mk,Kamenjan
mk,Kanarevo
mk,Kanatlarci
mk,Kanina
mk,Kanino
mk,Kaorivetm Maala
mk,Kaorivetm Mahala
mk,Kapetanska Maala
mk,Kapetanska Mahala
mk,Kapina
mk,Kapinivo
mk,Kapinovo
mk,KaraÄorÄevo
mk,Karabicane
mk,Karabinci
mk,Karabuniste
mk,Karabunjiste
mk,Karadzali
mk,Karahan
mk,Karamancani
mk,Karamani
mk,Karatmanovo
mk,Karbinci
mk,Karbunica
mk,Karlovce
mk,Karlovci
mk,Karpos Dva
mk,Karpos II (Dva)
mk,Karpos
mk,Karpos
mk,Katlanovë
mk,Katlanovo
mk,Katlanovska Banja
mk,Katlanovska Brezica
mk,Katlanovska Breznica
mk,Katlanovska Susica
mk,Kavadarci
mk,Kavadar
mk,Kavrak
mk,Kazandol
mk,Kazani
mk,Keseler
mk,Kesendre
mk,Kestenjar
mk,Kesterjar
mk,Ketenovo
mk,Kicevo Belica
mk,Kicevo
mk,Kicinica
mk,Kienovac
mk,Kilisseli
mk,Kimcinci
mk,Kisava
mk,(( Kisela Voda ))
mk,Kiselica
mk,Kiselica
mk,Kisino
mk,Kitanci
mk,Kjafa
mk,Kjestenja
mk,Kjojlija
mk,Kjoselari
mk,Klacovce
mk,Kladnik
mk,Klecevce
mk,Klecevci
mk,Kleçevc
mk,Klenoec
mk,Klenovac
mk,Klenovec
mk,Klepac
mk,Klimestani
mk,Klin
mk,Klinovo
mk,Klisura
mk,Klisura
mk,Klisurska Maala
mk,Kljucka Maala
mk,Klukovec
mk,Kmetovska Maala
mk,Kneze
mk,Knezevo
mk,Knezino
mk,Knezje
mk,Kocane
mk,Kocanik
mk,Kocani
mk,Kocilare
mk,Kocilari
mk,Kocilar
mk,Koçishta
mk,Kocista
mk,Kocista
mk,Kociste
mk,Koculi
mk,Kodzadzik
mk,Kodzaki
mk,Kodzalija
mk,Kodzali
mk,Koince
mk,Kojcevi Kolibi
mk,Kojkovo
mk,Kojlija
mk,Kojnara
mk,Kojnari
mk,Kojsko
mk,Kokino
mk,Kokosinje
mk,Kokre
mk,Kolari
mk,Kolcaci
mk,Kolesino
mk,Kolibari
mk,Kolicko
mk,Kolipska Maala
mk,Kolitsko
mk,Koloverska Maala
mk,Koloverska Mahala
mk,Konca
mk,Konce
mk,Kondovo
mk,Konjare
mk,Konjari
mk,Konjsko
mk,Konjsko
mk,Konjsko
mk,Konjuh
mk,Konopiste
mk,Konopnica
mk,Konsko
mk,Konsko
mk,Konsko
mk,Kopacin Dol
mk,Kopance
mk,Kopanica
mk,Kopanica
mk,Kopanicë
mk,Koprisnica
mk,Köprülü
mk,Korenica
mk,Koresnica
mk,Korito
mk,Korosista
mk,Korosiste
mk,Kosani
mk,Kosarci
mk,Kosare
mk,Kosari
mk,Kosarka
mk,Koselari
mk,Koselj
mk,Kosel
mk,Kosevo
mk,Kosino
mk,Kosmatac
mk,Kosovo
mk,Kosovrashti i Poshtëm
mk,Kosovrashti i Sipërme
mk,Kostinci
mk,Kostin Dol
mk,Kostin Dol
mk,Kostovon
mk,Kostrum
mk,Kosturino
mk,Kostur
mk,Kosturno
mk,Kovacevicevac
mk,Kovac
mk,Kovanci
mk,Kovce
mk,Kozbunar
mk,Kozica
mk,Kozicino
mk,Kozjak
mk,Kozjak
mk,Kozjak
mk,Kozle
mk,Kozlje
mk,Krajnici
mk,Krakornica
mk,Krani
mk,Krapa
mk,Kratova
mk,Kratovo
mk,Kravari
mk,Kremenica
mk,Krgujci
mk,Krilatica
mk,Kriva Krusa
mk,Kriva Kruska
mk,Kriva Palanka
mk,Krivci
mk,Kriveni
mk,Krivi Do
mk,Krivi Dol
mk,Krivi Kamen
mk,Krivi Vrt
mk,Krivogastane
mk,Krivogastani
mk,Krivolak
mk,Krklino
mk,Krklinovo
mk,Krklja
mk,Krkmanovo
mk,Krmalnik
mk,Krnino
mk,Krnjevo
mk,Krsje
mk,Krsla
mk,Krstaor
mk,Krstec
mk,Krstinci
mk,Krstioar
mk,Krstov Do
mk,Krstov Dol
mk,Krstovska Maala
mk,Krumovo
mk,Krupiste
mk,Krusa
mk,Krusa
mk,Kruseani
mk,Kruseica
mk,Krusejca
mk,Krusevica
mk,Krusevica
mk,Krusevljane
mk,Krusevo
mk,Krusevo
mk,Krusica
mk,Krusica
mk,Krusje
mk,Krusje
mk,Krusopek
mk,Krusovo
mk,Krvacko
mk,K'sane
mk,Ksanje
mk,Kuçevishtë
mk,Kucevista
mk,Kuceviste
mk,Kucica
mk,Kucicino
mk,Kucilari
mk,Kucilat
mk,Kuckarevo
mk,Kuçkovë
mk,Kuckovo
mk,Kuculat
mk,Kudino
mk,Kuklica
mk,Kuklis
mk,Kukovo
mk,Kukurecani
mk,Kularska Maala
mk,Kumanicevo
mk,Kumanovë
mk,Kundino
mk,Kumanovo
mk,Kunovo
mk,Kumarino
mk,Kunovo
mk,Kurasita
mk,Kuratica
mk,Kurbinovo
mk,Kurfalija
mk,Kurfali
mk,Kuridere
mk,Kurija
mk,Kurtamzali
mk,Kuru Dere
mk,Kuskulija
mk,Kuskuli
mk,Kutlesevo
mk,Kutlibeg
mk,Kutretino
mk,Labunista
mk,Labuniste
mk,Lafce
mk,Lag
mk,Lahce
mk,Lahci
mk,Lakaica
mk,Lakajca
mk,Lakavica
mk,Lakavica
mk,Lakavica
mk,Laki
mk,Laktinje
mk,Lanistarci
mk,Larce
mk,Laskarce
mk,Laskarci
mk,Laskrce
mk,Laskrci
mk,Latovo
mk,Lavcani
mk,Lavce
mk,Lavci
mk,Lavci
mk,Lazac
mk,Lazani
mk,Lazani
mk,Lazari
mk,Lazaropole
mk,Lazaropolje
mk,Lazarovci
mk,Lazec
mk,Lenista
mk,Leniste
mk,Leniste
mk,Lepepelci
mk,Lepepelc
mk,Lepopelci
mk,Lera
mk,Lesak
mk,Lesane
mk,Lesani
mk,Leska
mk,Leska
mk,Leski
mk,Leski
mk,Leskoec
mk,Leskoec
mk,Leskovec
mk,Leskovica
mk,Leskovo
mk,Lesnica
mk,Lesnica
mk,Lesnovo
mk,Lesok
mk,Letevce
mk,Letevci
mk,Leunovo
mk,Leva Reka
mk,Lezovo
mk,Lingorovci
mk,Lioista
mk,Lipac
mk,(( Lipa ))
mk,Lipec
mk,Lipkovë
mk,Lipkovo
mk,Lipov Dol
mk,Lirce
mk,(( Lisac ))
mk,Lisac
mk,Lisec
mk,Lisicani
mk,Lisiçë e Epërme
mk,Lisice
mk,Lisicje
mk,Lisicka Maala
mk,Lisic
mk,Lisje Brdo
mk,Lisolaj
mk,Livada
mk,Livoista
mk,Livoiste
mk,Ljubance
mk,Ljubanci
mk,Ljubanista
mk,Ljubaniste
mk,Ljubin
mk,Ljubodrag
mk,Ljubojna
mk,Ljubojno
mk,Ljubos
mk,Ljuboten
mk,Ljuboten
mk,Ljucovska Maala
mk,Ljucovska Mala
mk,Llojan
mk,Logovardi
mk,Lojane
mk,Lokov
mk,Lokovo
mk,Lokveni
mk,Lokvica
mk,Lomnica
mk,Lopate
mk,Lopatica
mk,Lopatica
mk,Lopatje
mk,Lopatnica
mk,Lozani
mk,Loznani
mk,Lozovo
mk,Lubaniste
mk,Lubnica
mk,Lubodrag
mk,Luboten
mk,Lugunce
mk,Lugunci
mk,Lukarci
mk,Lukar Maalo
mk,Lukar Mahala
mk,Luke
mk,Luki
mk,Lukovica
mk,Lukovica
mk,Lukovo
mk,Lukovo
mk,Lupiste
mk,Lupste
mk,Lusanjanska Mala
mk,MaÄari
mk,Maaka Kosarica
mk,Maala Dzine
mk,Maala Grazdanci
mk,Maalo
mk,Macevo
mk,Macovo
mk,Madjari
mk,Madriç
mk,Madzari
mk,Madzarlik
mk,Magarevo
mk,Maglence
mk,Maglince
mk,Magostin
mk,Mahala Burinec
mk,Majdan
mk,Majden
mk,Majmarkova Maala
mk,Majmarkovci
mk,Majstorovci
mk,Makedonska Kamenica
mk,Makedonski Brod
mk,Makovo
mk,Makresh
mk,Makres
mk,Makres
mk,Makrijevo
mk,Maksimci
mk,Mala Crcorija
mk,Mala Dzine
mk,Mala Recica
mk,Mala Reka
mk,Malciste
mk,Malcovska Maala
mk,Malecka Maala
mk,Maleckanci
mk,Male Turcane
mk,Mal Gaber
mk,Malina Maala
mk,Malina Mala
mk,Malina
mk,Malino
mk,Mali Papradnik
mk,Mali Papranik
mk,Mali-Preovci
mk,Mali Radobili
mk,Mali Radobilj
mk,Mali Radobil
mk,Mali Vlaj
mk,Maljok Maalo
mk,Maljok Mahala
mk,Malki Radobilj
mk,Malo Crniliste
mk,Malo Crsko
mk,Malo Ilino
mk,Malo Kojnari
mk,Malo Konjare
mk,Malo Konjari
mk,Malo
mk,Malo Mramorani
mk,Malo Ruvci
mk,Malotino
mk,Malovista
mk,Maloviste
mk,Malovolci
mk,Mal Papradnik
mk,Mal-Papradnik
mk,Mal Radobil
mk,Mamucilar
mk,Mamudovci
mk,Mamutcevo
mk,Manastirci
mk,Manastir Dolenci
mk,Manastirec
mk,(( Manastirec ))
mk,Manastir
mk,Manastir
mk,Manastirsko Dolenci
mk,Manilci
mk,Manovo
mk,Marcino
mk,Marena
mk,Margare
mk,Margari
mk,Maricino
mk,Marinkovci
mk,Marino
mk,Marino Selo
mk,Markova Susica
mk,Markovci
mk,Markov Grad
mk,Markov Selo
mk,Martinica
mk,Martinovce
mk,Martinovci
mk,Martolci
mk,Marul
mk,Marvinci
mk,Maska
mk,Maslan
mk,Maslarci
mk,Masovo
mk,Matejca
mk,Matejce
mk,Matka
mk,Mavrov Han
mk,Mavrovi Anovi
mk,Mavrovi Hanovi
mk,Mavrovo
mk,Maxharë
mk,Maznicka Maala
mk,Mazuciste
mk,Mazujciste
mk,Meckovska Maala
mk,Meckuevci
mk,Meckujevci
mk,Medzedli
mk,Medzitlija
mk,Meglenci
mk,Melnica
mk,Memesli
mk,Memesti
mk,Memisalar
mk,Memisli
mk,Merovo
mk,Mërshjevac
mk,Mescista
mk,Meseista
mk,Meseiste
mk,Mesevista
mk,Meseviste
mk,Mesista
mk,Mesnice
mk,Mestica
mk,Meteçjë
mk,Metezevo
mk,Metimer
mk,Metimir
mk,Metovska Maala
mk,Mezditlija
mk,Mezefovica
mk,Mglence
mk,Micac
mk,Micak
mk,Midimci
mk,Midinci
mk,Mikuljane
mk,Miladinovci
mk,Milesevo
mk,Mileskovo
mk,Miletino
mk,Miletkovo
mk,Milevci
mk,Milina
mk,Milino
mk,Miljkovci Mahala
mk,Milocovci
mk,Milosevo
mk,Milutince
mk,Milutinci
mk,Miokazi
mk,Miravci
mk,Miravic
mk,Mirce Acev
mk,Mirdita
mk,Mirivci
mk,Mirkovce
mk,Mirkovci
mk,Mirovca
mk,Mirovci
mk,Misinci
mk,Misinci
mk,Mislesevo
mk,Mislodezda
mk,Mislodezde
mk,Mitkovska Maala
mk,Mitrasinci
mk,Mitroj Krsti
mk,Mitrosinci
mk,Mitrovic
mk,Mitrovi Krsti
mk,Mitrovska Mahala
mk,Mjelnjicanje e Poshtëme
mk,Mjelnjicanje e Sipërme
mk,Mladenovska Maala
mk,Mlado Nagoricane
mk,Mlado Nagoricino
mk,Modric
mk,Modriste
mk,Mogila
mk,Mogilec
mk,Mogorce
mk,Moin
mk,Mojance
mk,Mojanci
mk,Mojanci
mk,Mojin
mk,Mojno
mk,Mokliste
mk,Mokreni
mk,Mokrievo
mk,Mokrijevo
mk,Mokrino
mk,Momin Potok
mk,Monasteron
mk,Monastir
mk,Monospitovo
mk,Morane
mk,Morani
mk,Moran
mk,Morista
mk,Morodvis
mk,Moroista
mk,Moroviste
mk,Mostica
mk,Mouin
mk,Mozdivjak
mk,Mozdivnjak
mk,Mralino
mk,Mramopec
mk,Mramorec
mk,Mravince
mk,Mrenoga
mk,Mrezicko
mk,Mrsevac
mk,Mrsevci
mk,Mrzenci
mk,Mrzen
mk,Mrzen Oraovec
mk,Mucoska-Maala
mk,Mucoska-Mahala
mk,Mucovska Mala
mk,Mujin
mk,Muleza
mk,Mulija
mk,Mulijska Maala
mk,Mulijska Mahala
mk,Murgasevo
mk,Murgasi
mk,Murgas
mk,Muriz
mk,Murtino
mk,Musa Oba
mk,Musince
mk,Musinci
mk,Mustafino
mk,Muskovo
mk,Mutalovo
mk,Mutavcici
mk,Nagoriçan i Ri
mk,Nagoriçan i Vjetër
mk,Nakolec
mk,Naovo
mk,Naselba Caska
mk,Naselba Dracevo
mk,Naselba Novo Selo
mk,Naselba Ohis
mk,Nebojani
mk,Nebojan
mk,Nebregovo
mk,Negorci
mk,Negotin
mk,Negotin
mk,Negotino
mk,Negotino
mk,Negotino-Polosko
mk,Negotin Vardarski
mk,Negrenovci
mk,Negrevo
mk,Nemanci
mk,Nemanici
mk,Nemanjica
mk,Nemanjici
mk,Nemanjinci
mk,Neokazi
mk,Neprosteno
mk,Nerashte
mk,Neraste
mk,Nerav
mk,Nerezi i Epërm
mk,Nerezi
mk,Nezilovo
mk,Nezilovo
mk,Niciforovo
mk,Nicorovo
mk,Nicpur
mk,Nikiforovo
mk,Nikistane
mk,Nikodim
mk,Nikodin
mk,Nikolenci
mk,Nikolici
mk,Nikolic
mk,Nikolik
mk,Nikolinci
mk,Nikoman
mk,Nikostik
mk,Nikuljane
mk,Nikushan
mk,Nikustak
mk,Nilolajci
mk,Nistrovo
mk,Nivicani
mk,Nivicino
mk,Nivishta
mk,Nivista
mk,Niviste
mk,Nizepole
mk,Nizepolje
mk,Nizopole
mk,Nizo Polje
mk,Njijviste
mk,Njivicani
mk,Nogaevci
mk,Nogajevci
mk,Norovo
mk,Nospal
mk,Nova Batanja
mk,Nova Breznica
mk,Novacani
mk,Novaci
mk,Novaci
mk,Novake
mk,Novak
mk,Nova Maala
mk,Nova Mala
mk,Nova Mezdra
mk,Nov Dojran
mk,Novicane
mk,Novi Ciflik
mk,Novi Dojran
mk,Novi Karaorman
mk,Novi Prisad
mk,Nov Karaorman
mk,Novo Cajle
mk,Novo Konjarevo
mk,Novo Konjsko
mk,Novo Konsko
mk,Novo Lagovo
mk,Novo Selani
mk,Novoselani
mk,Novoselani
mk,Novoseljane
mk,Novoseljani
mk,Novoselnani
mk,Novo Selo
mk,Novo Selo
mk,Novo Selo
mk,Novo Selo
mk,Novo-Selo
mk,Novo Selo
mk,Novo Selo
mk,Novo Selo
mk,Novo Selo
mk,Novo Selo
mk,Novo Selo
mk,Novo Selo
mk,Novo Selo
mk,Novo Selo
mk,Novo Selo
mk,Novo Selo
mk,Novo Selo
mk,Novo Selo
mk,Novo Selo
mk,Novo Selo
mk,Novo Selo
mk,Novo Selo
mk,Novo Selo
mk,Novosljani
mk,Novo Zmirnevo
mk,Obednik
mk,Oblakovo
mk,Oblavce
mk,Oblesevo
mk,Obrsani
mk,Odalar
mk,Odë
mk,Odrene
mk,Odren
mk,Odreno
mk,Odri
mk,Odzalar
mk,Odzalija
mk,Odzelija
mk,Odzovci
mk,Ognjaci
mk,Ognjance
mk,Ognjanci
mk,Ogut
mk,Ohrid
mk,Okhri
mk,Oktisi
mk,Oleveni
mk,Omorane
mk,Omorani
mk,Opae
mk,Opaje
mk,Opanci
mk,Opeinca
mk,Opejca
mk,Opejica
mk,Opejnca
mk,Opejnica
mk,Openica
mk,Openjca
mk,Opila
mk,Opile
mk,Opilo
mk,Opticare
mk,Opticari
mk,Orah
mk,Orahovac
mk,Orahovec
mk,Orahovica
mk,Oraov Dol
mk,Oraovec
mk,Oraovica
mk,Orasac
mk,Orasec
mk,Orasec
mk,Orashac
mk,Orasje
mk,Oraste
mk,Orcusa
mk,Orcuse
mk,Ordzeli
mk,Orehovo
mk,Orehovo
mk,Orel
mk,Oreovec
mk,Oreovec
mk,Oreovo
mk,Oreovo
mk,Oresane
mk,Oresani
mk,Orese
mk,Oresje
mk,Orevoec
mk,Organdzali
mk,Orizarë e Epërme
mk,Orizare
mk,Orizare
mk,Orizare
mk,Orizari
mk,Orizari
mk,Orizar
mk,Orlance
mk,Orlanci
mk,Orlanci
mk,Orle
mk,Ormanli
mk,Orman
mk,Orman
mk,Orovnik
mk,Osanci
mk,Osicani
mk,Osice
mk,Osice
mk,Osincane
mk,Osincani
mk,Oslomej
mk,Osoj
mk,Osoj
mk,Osolnica
mk,Osolnice
mk,Osotmica
mk,Ostrec
mk,Ostrilci
mk,Ostriljci
mk,Otavica
mk,Otesevo
mk,Otisane
mk,Otisani
mk,Otishani
mk,Otistine
mk,Otistino
mk,Otitino
mk,Otlja
mk,Otosnica
mk,Otovica
mk,Otunje
mk,Ozdoleni
mk,Ozormiste
mk,Padaliste
mk,Padinje
mk,Pagarusa
mk,Pagarushë
mk,Pagulevo
mk,Pakliste
mk,Pakosevo
mk,Palangha
mk,Palatica
mk,Paligrad
mk,Paligrag
mk,Palikura
mk,Pallçishte
mk,Pamcarevo
mk,Pancarevo
mk,Panicare
mk,Panicari
mk,Pantelej
mk,Papavnica
mk,Papradista
mk,Papradista
mk,Papradiste
mk,Papradiste
mk,Papranik
mk,Paralovo
mk,Parapuci
mk,Parazh
mk,Pardovica
mk,Paresi
mk,Parez
mk,Paricanska Maala
mk,Pasadzikovo
mk,Pasinci
mk,Pasini Ruvci
mk,Pasino Ruvci
mk,Patec
mk,Pateec
mk,Patejc
mk,Patetino
mk,Patishka Rekë
mk,Patiska
mk,Patiska Reka
mk,Pavlesenci
mk,Pavlesinci
mk,Pavlovci Mahala
mk,Pavlovci
mk,Pcinja
mk,Pçinjë e Poshtëme
mk,Pcinje
mk,Peckovo
mk,Pehcevo
mk,Peklani
mk,Pekljane
mk,Pekljani
mk,Pelince
mk,Pelinci
mk,Pendak
mk,Penus
mk,Pepeliste
mk,Perlepé
mk,Perlepes
mk,Pescani
mk,Pesirovo
mk,Pesocani
mk,Pesovska Maala
mk,Pesrino
mk,Pestalevo
mk,Pestaljevo
mk,Pestani
mk,Pestani
mk,Pesterci
mk,Pesternica
mk,Petakovci Mahala
mk,Petakovci
mk,(( Petalino ))
mk,Petkovci
mk,Petkovska Maala
mk,Petralica
mk,Petralinci
mk,Petraljica
mk,Petrasino
mk,Petrino
mk,Petrisino
mk,Petrovac
mk,Petrovci
mk,Petrovec
mk,Petrovo
mk,Petrovo Selo
mk,Petrsino
mk,Pezovo
mk,Pijanicka Maala
mk,Pikljanci
mk,Pilska Maala
mk,Pilska Mahala
mk,Pindzurci
mk,Pintija
mk,Piperevo
mk,Piperevo
mk,Piperovo
mk,Piperovo
mk,Pirava
mk,Pirok
mk,Pisica
mk,Piskupstina
mk,Pizinska Maala
mk,P'kliste
mk,Place
mk,Plake
mk,Plakje
mk,Plasnica
mk,Plavus
mk,Plesanci
mk,Plesinci
mk,Pletvar
mk,Plevenje
mk,Pobozje
mk,Pobuzje
mk,Pocivalo
mk,Podares
mk,Podbrece
mk,Podbrege
mk,Podgorac
mk,Podgorci
mk,Podino
mk,Podlec
mk,Podles
mk,Podlog
mk,Podmocane
mk,Podmocani
mk,Podmoe
mk,Podmole
mk,Podmolje
mk,Podmol
mk,Podrzi Konj
mk,Podrzi Kon
mk,Podvis
mk,Podvis
mk,Poesevo
mk,Pogulevo
mk,Pogulova
mk,Pohum
mk,Pojesevo
mk,Pokrajcevo
mk,Pokrvenik
mk,Polaki
mk,Polciste
mk,Poljak
mk,Poljana
mk,Poljana
mk,Poljanska Maala
mk,Poljski Pasadzik
mk,Polog
mk,(( Polosko ))
mk,Pomenovo
mk,Popadeska Maala
mk,Popadija
mk,Popcevo
mk,Poplzani
mk,Popoec
mk,Popotovo
mk,Popovec
mk,Popovjani
mk,Popovljani
mk,Porecanska Maala
mk,Porodin
mk,Poroj
mk,Postolovi
mk,Poum
mk,Pozarane
mk,Pralenik
mk,Pravednik
mk,Prdejci
mk,Predejci
mk,Predni Maala
mk,Preglevo
mk,Preglovo
mk,Preljubiste
mk,Premka
mk,Preod
mk,Preot
mk,Preseka
mk,Presil
mk,Preske
mk,Presnica Mahala
mk,Presnica
mk,Pretar
mk,Pretor
mk,Preut
mk,Prevalec
mk,Pribacevo
mk,Pribilci
mk,Prikovci
mk,Prilepac
mk,Prilepec
mk,Prilep
mk,Prilipec
mk,Pripecane
mk,Pripecani
mk,Pripor
mk,Prisad
mk,Prisad Stari
mk,Prisat
mk,Prisojarci
mk,Prisojarci
mk,Prisojnica
mk,Prisovjani
mk,Prisovjan
mk,Prisovljani
mk,Privos
mk,Prnalija
mk,Prnalija
mk,Prnali
mk,Prnarli
mk,Probistip
mk,Proevce
mk,Projevce
mk,Prosenikovo
mk,Prosovce
mk,Prostranje
mk,Provalenik
mk,Prsevce
mk,Prsovce
mk,Prstan
mk,Prsten
mk,Prvce
mk,Przdevo
mk,Psaca
mk,Puhce
mk,Puncarevo
mk,Purinci
mk,Puskarska Maala
mk,Pustabresnica
mk,Pusta Reka
mk,Puturos
mk,Puturus
mk,Puzderci
mk,Qalqan Delen
mk,Qostrum
mk,Rabetino
mk,Raborci
mk,Rabrovo
mk,Raciska Maala
mk,Radanja
mk,Radanje
mk,Radibus
mk,Radicevo
mk,Radijovce
mk,Radijovci
mk,Radiovce
mk,Radisane
mk,Radisani
mk,Radnja
mk,Radobar
mk,Radobor
mk,Radolista
mk,Radoliste
mk,Radomirovo
mk,Radova
mk,Radoviki
mk,Radovis
mk,Radoviste
mk,Radovo
mk,Radovo
mk,Radozda
mk,Radueva Maala
mk,Radulinci Maala
mk,Radusa
mk,Radusa Rudnik
mk,Radushë
mk,Raec
mk,Rahmanli
mk,Rajcanci
mk,Rajcane
mk,Rajcani
mk,Rajca
mk,Rajcica
mk,Rajci
mk,Rajec
mk,Rajicki
mk,Rakitac
mk,Rakitec
mk,Rakitnica
mk,Rakle
mk,Raklis
mk,Raklje
mk,Rakotinci
mk,Rakovce
mk,Rakovec
mk,Rakovec
mk,Ramanovce
mk,Ramna
mk,Ramna
mk,Ramne
mk,Ramne
mk,Ramni Gaber
mk,Ramni Gader
mk,Ramnje
mk,Ramno Brdo
mk,Ramno
mk,Rancenci
mk,Rancinci
mk,Rankovce
mk,Rankovci
mk,Raotince
mk,Raovic
mk,Raovik
mk,Rapes
mk,Rasadiste
mk,Rasadnik
mk,Rasavska Maala
mk,Rasce
mk,Rashçe
mk,Rasino
mk,Raski Rid
mk,Rasoman
mk,Rastak
mk,Rastane
mk,Rastani
mk,Rastani
mk,Rastani
mk,Rastes
mk,Rastince
mk,Rastojca
mk,Rastovica
mk,Ratae
mk,Rataje
mk,Rataj
mk,Ratal
mk,Ratavica
mk,Ratevo
mk,Ratkovica
mk,Ratkovica
mk,Ratovica
mk,Raven
mk,Razlovci
mk,Recane
mk,Recane
mk,Recane
mk,Recani-Celopecko
mk,Recani
mk,Recani
mk,Recani
mk,Recani-Zajasko
mk,Recanje
mk,Recica
mk,Recica
mk,Recica
mk,Reçicë e Epërme
mk,Recice e Vogel
mk,Recka Maala
mk,Rec
mk,Redovci
mk,Rekanska Maala
mk,Rekanska Mahala
mk,Resan
mk,Resava
mk,Resen
mk,Resna
mk,Rezanovce
mk,Ribarci
mk,Ribarci
mk,Ribnica
mk,Ric
mk,Ridarci
mk,Rilevo
mk,Riljevo
mk,Ristakovci
mk,Rlevci
mk,Rnkovce
mk,Robovo
mk,Robovo
mk,Rodanja
mk,Rodanje
mk,Rodovis
mk,Rogacevo
mk,Rogle
mk,Roglje
mk,Rogozarci
mk,Romanovac
mk,Romanovce
mk,Romanovci
mk,Romanovc
mk,Ropalce
mk,Ropaljce
mk,Ropotovo
mk,Rosoki
mk,Rosoman
mk,Rostusa
mk,Rotino
mk,Rozden
mk,RuÄince
mk,Rubejci
mk,Rudanje
mk,Rudare
mk,Rudare
mk,Rudere
mk,Rudnik Radusa
mk,Rudnik
mk,Rudnik
mk,Rugince
mk,Rulevci Maala
mk,Ruljak
mk,Runica
mk,Rupje
mk,Rusinovo
mk,Rusjaci
mk,Ruvci
mk,Rzanicane
mk,R'zanicani
mk,Rzanicano
mk,R'zanicino
mk,Rzanovo
mk,Rzanovo
mk,(( R'zanovo ))
mk,Rzhanovo
mk,Sacevo
mk,Sahintas
mk,Saintas
mk,Sajre
mk,Sakulica
mk,Sakuljika
mk,Salarevo
mk,Samakov
mk,Samokov
mk,Sapatoec
mk,Saracevo
mk,Saracince
mk,Saracino
mk,Saraj
mk,Saraj
mk,Sarakince
mk,Sarakinë
mk,Sarakino
mk,Saramzalino
mk,Saramzali
mk,Sarandinovo
mk,Sarcievo
mk,SariÄol
mk,Saridjol
mk,Sarigjol
mk,Sarigol
mk,Sari Hamzali
mk,Sasa
mk,Sasavarlija
mk,Sasavarlije
mk,Sasavarli
mk,Sazdevo
mk,Sazdovo
mk,Sedlarci
mk,Sedlarevo
mk,Sejdina Maala
mk,Sejdina Mahala
mk,Sekirani
mk,Sekirci
mk,Sekirnik
mk,Sekulice
mk,Selce Kec
mk,Selce
mk,Selce
mk,Selce
mk,Selce
mk,Selce
mk,Selce
mk,Selce
mk,Selci
mk,Selemli
mk,Seleverci
mk,Seliste
mk,Selnik
mk,Selo Dracevo
mk,Selokuce
mk,Selokuci
mk,Selokuki
mk,Semeniste
mk,Semsevo
mk,Sence
mk,Senokos
mk,Senokos
mk,Sermenin
mk,Seskovo
mk,Sesolje
mk,Setole
mk,Sevendekli
mk,Shemshevo
mk,Shipkovicë
mk,Shishevo
mk,Shkup
mk,Shushica
mk,Siikovica
mk,Simjeonovc
mk,Simnica
mk,SinÄelicevo
mk,SinÄelic
mk,Sindarci
mk,Singelic
mk,Singelik
mk,Sinicane
mk,Sipak Maala
mk,Sipkoecko Teke
mk,Sipkovica
mk,Sipkovica
mk,Sipkovo Tece
mk,Siriçina
mk,Siricino
mk,Sirinci
mk,Sirkovo
mk,Sirula
mk,Sirulje
mk,Sisevo
mk,Sivec
mk,Skacinci
mk,Skackovce
mk,Skender
mk,Skidrinja
mk,Skocivir
mk,Skopeia
mk,Skopie
mk,Skopje
mk,Skoplie
mk,Skoplje
mk,Skorovo
mk,Skorusa
mk,Skrebatino
mk,Skrebatno
mk,Skuadrinje
mk,Skudrine
mk,Skudrinje
mk,Skudruye
mk,Sladuevo
mk,Sladujevo
mk,Slansko
mk,Slatina
mk,Slatina
mk,Slatina
mk,Slatina
mk,Slatinë
mk,Slatinje
mk,Slatino
mk,Slatino
mk,Slatino
mk,Slavej
mk,Slegovo
mk,Slegovs
mk,Slepce
mk,Slepce
mk,Slivica
mk,Slivje
mk,Slivnica
mk,Slivnik
mk,Slivnjak
mk,Slivovo
mk,Sllupçanje
mk,Sloesnica
mk,Sloestica
mk,Slupcane
mk,Smesnica
mk,Smilanci
mk,S'lp
mk,Smilevo
mk,Smiljanci
mk,Smiljevo
mk,Smiljkovci
mk,Smilkovci
mk,Smilovci
mk,Smirnovo
mk,Smojmirovo
mk,Smokvica
mk,Smolane
mk,Smolani
mk,Smolare
mk,Smolari
mk,Smoljani
mk,Snegovo
mk,Sobri
mk,Sofilari
mk,Sogle
mk,Soglje
mk,Sogrlo
mk,Sojaklari
mk,Sokolarce
mk,Sokolarci
mk,Solokiçi i Poshtëm
mk,Solokiçi i Sipërm
mk,Sopishte
mk,Sopiste
mk,Sopotnica
mk,Sopotsko
mk,Sopot
mk,Sopot
mk,Sopot
mk,Sopot
mk,Sopsko Rudare
mk,Sopsko Rudari
mk,Sopur
mk,Sosani
mk,Sovic
mk,Sovik
mk,Spancevo
mk,Spasinci
mk,Spasi
mk,Spas
mk,Spotsko
mk,Srbica
mk,Srbinovo
mk,Srbinovska Maala
mk,Srbjani
mk,Srciovo
mk,Sredna Maala
mk,Sredna Maala
mk,Sredna Maala
mk,Sredno Dobrino
mk,Sredno Egri
mk,Sredno Konjare
mk,Sredno Konjari
mk,Sredorek
mk,Sretenovo
mk,Sretkovo
mk,Srpci Gorno
mk,Srpci
mk,Srpci
mk,Stafet e Post
mk,Stafet i Postr
mk,Stajkovce
mk,Stajkovci
mk,Stakovica
mk,Stalevci
mk,Stalkovica
mk,Stambolica
mk,Stamer
mk,Stanca
mk,Stance
mk,Stanci
mk,Stanica Zelenikovo
mk,Stanisevce
mk,Stanjevce
mk,Stanjevci
mk,Stanjulovci
mk,Stanulovci
mk,Stara Mezdra
mk,Staravina
mk,Star Dojran
mk,Stari Dojran
mk,Stari Dorjan
mk,Stari Grad
mk,Stari Karaorman
mk,Stari Prisad
mk,Star Istevnik
mk,Star Karaorman
mk,Staro Baldevci
mk,Staro Baldovci
mk,Staro Cajle
mk,Staroec
mk,Staro Gradsko
mk,Staro Konjarevo
mk,Staro Lagovo
mk,Staro Muskovo
mk,Staro Nagoricane
mk,Staro Nagoricino
mk,Staro Selo
mk,Staro Selo
mk,Staro Selo
mk,Starovci
mk,Starovina
mk,Staro Zmirnevo
mk,Staro Zmirnovo
mk,Stavica
mk,Stavici
mk,Stefanska
mk,Stekavica
mk,Stence
mk,Stenje
mk,Stepance
mk,Stepance
mk,Stepanci
mk,Stepanci
mk,Stepovac
mk,Stevanovci
mk,Stinek
mk,Stinik
mk,Stiplia
mk,Stip
mk,Stirovica
mk,Stoevci
mk,Stojakovo
mk,Stojevci
mk,Stojkovci
mk,Stojkovci
mk,Stopanstvo
mk,Stracince
mk,Stracinci
mk,Stracin
mk,Stracovo
mk,Stragovo
mk,Strahodacica
mk,Strahojadica
mk,Strahojadice
mk,Strajane
mk,Straovica
mk,Straza
mk,Strbovo
mk,Strelci
mk,Strezevo
mk,Strezimir
mk,Strezovce
mk,Strhovo
mk,Strigovo
mk,Strima
mk,Strimnica
mk,Strisovce
mk,Strisovci
mk,Strmasevo
mk,Strmos
mk,Strnovac
mk,Strnovec
mk,Stroimanci
mk,Stroja
mk,Strojimanci
mk,Strojisavci
mk,Strojmanci
mk,Stromitza
mk,Stromnitsa
mk,Stromnitza
mk,Stroumitsa
mk,Strovija
mk,Strovja
mk,Struga
mk,Strugovo
mk,Strumica
mk,Strumitsa
mk,Strumitza
mk,Stublica
mk,Studena Bara
mk,Studenicane
mk,Studenicani
mk,Stuka
mk,Sturovo
mk,Sucevo
mk,Sudic
mk,Sudik
mk,Sulan
mk,Suldurci
mk,Supli Kamen
mk,Suplji Kamen
mk,Supurge
mk,Surdulci
mk,Surdulica
mk,Surlenci
mk,Susevo
mk,Susevo
mk,Susevo
mk,Sushica
mk,Susica
mk,Susica
mk,Susica
mk,Susica
mk,Susica
mk,Susica
mk,Sutevo
mk,Suto Orizare
mk,Suto Orizari
mk,Sutovo
mk,Suva Reka
mk,Suvi Dol
mk,Suvi Lak
mk,Suvo Brdo
mk,Suvodol
mk,Suvodol
mk,Suvodol
mk,Suvo Grlo
mk,Suvo Grlo
mk,Svecani
mk,Svekani
mk,Svekjani
mk,Sveta Petka
mk,Sveta
mk,Sveti Nikola
mk,Sveti Nikole
mk,Sveti Petka
mk,Sveti Todore
mk,Sveti Todori
mk,Sveti Todor
mk,Sveto Mitrani
mk,Svetorace
mk,Sveto Todori
mk,Svetovraci
mk,Svidovica
mk,Svilarce
mk,Svinista
mk,Svinista
mk,Sviniste
mk,Sviniste
mk,Svinji Dol
mk,Svinjista
mk,Svinjiste
mk,Svinjiste
mk,Svinjiste
mk,Tabanovce
mk,Tabanovci
mk,Tabanovc
mk,Tajmista
mk,Tajmiste
mk,Talasmance
mk,Talasmanci
mk,Tanatarci
mk,Tanufhevci
mk,Tanusaj
mk,Tanusa
mk,Tanusej
mk,Tanuse
mk,Tanusevac
mk,Tanusevci
mk,Taor
mk,Tarajinci
mk,Taranci
mk,Taranes
mk,Taranik
mk,Tarinci
mk,Tasmarunista
mk,Tasmaruniste
mk,Tasmorunista
mk,Tasmoruniste
mk,Tatar Elevci
mk,Tatarinovac
mk,Tatarli
mk,Tatarli
mk,Tatomir
mk,Tavor
mk,Tazevo
mk,Tearce
mk,Tece
mk,Tece
mk,Teke
mk,Tekija
mk,TenÄare
mk,Tenava
mk,Tendzare
mk,Tendzer Maalo
mk,Tendzer Mahala
mk,Tenovo
mk,Teovo
mk,Tepavci
mk,Teqe
mk,Teranci
mk,Tërnanik
mk,Terzeli
mk,Testemelci
mk,Testemeljci
mk,Tetovë
mk,Tetovo
mk,Tikvesh
mk,Tikves
mk,Timjanik
mk,Tisovica
mk,Titov Veles
mk,Tlminci
mk,Tocovska Maala
mk,Todorovci
mk,Toljane
mk,Tomino Selo
mk,Tomno Selo
mk,Tonosarci
mk,Toplica
mk,Toplica
mk,Toplih
mk,Toplik
mk,Toplin
mk,Topolcane
mk,Topolcani
mk,Topolnica
mk,Topolnica
mk,Topolovic
mk,Topolovik
mk,Toranica
mk,Torbeski Most
mk,Torfali
mk,Torhali
mk,Tosinska Maala
mk,Toska
mk,Tosmoruniste
mk,Trabotiviste
mk,Trabotoviste
mk,Trakanje
mk,Trapcin Dol
mk,Trap
mk,Trebenista
mk,Trebeniste
mk,Trebicino
mk,Trebino
mk,Trebishte
mk,Trebiste
mk,Trebos
mk,Trebotiviste
mk,Trebovje
mk,Trebovle
mk,Trebovlje
mk,Tremnik
mk,Trencino Koibe
mk,Tresance
mk,Tresonca
mk,Tresonce
mk,Tri Cesmi
mk,Tripatanci
mk,Tripotanci
mk,Tri Vode
mk,Tri Vodi
mk,Trkanje
mk,Trle
mk,Trnanic
mk,Trnanik
mk,Trnica
mk,Trnovac
mk,Trnovce
mk,Trnovci
mk,Trnovo
mk,Trnovo
mk,Trnovo
mk,Trnovo
mk,Trnovska Maala
mk,Trn
mk,Trohla
mk,Trojaci
mk,Trojkrsti
mk,Trolo
mk,Trol
mk,TromeÄa
mk,Tromega
mk,Tromegja
mk,Tromezhjë
mk,Troolo
mk,Trpejca
mk,Trsina
mk,Trsino
mk,Trstenik
mk,Trstenik
mk,Trstija
mk,Tudence
mk,Tufkovci
mk,Tuin
mk,Tujinovci
mk,Tujin
mk,Tujna
mk,Tumceviste
mk,Turalevo
mk,Turaljevo
mk,Turie
mk,Turija
mk,Turije
mk,Turje
mk,Turnovo
mk,Turska Mala
mk,Tursko Rudari
mk,Tursko
mk,Tuseva Maala
mk,Tuseva Mala
mk,Ubogo
mk,Ubovo
mk,Udovo
mk,Ulanci
mk,Ularci
mk,Uma
mk,Umin Dol
mk,Umin Do
mk,Umlena
mk,Umovo
mk,Urvic
mk,Usija
mk,Usije
mk,Usje
mk,Usküb
mk,Ustrugha
mk,Ustrumcha
mk,Utovo
mk,Uzem
mk,Vajlovce
mk,Vakaf
mk,Vakav
mk,Vakav
mk,Vaklinci
mk,Vaksince
mk,Vaksinc
mk,Vakuf
mk,Vakuf
mk,Valandova
mk,Valandovo
mk,ValanovecMaala
mk,Valanovec
mk,Valozanci
mk,Vapa
mk,Vapila
mk,Vapi
mk,Vardino
mk,Varit
mk,Varoska Maala
mk,Varos
mk,Varoviste
mk,Varvara
mk,Varvara
mk,Varvarica
mk,Vasarejca
mk,Vasilevo
mk,Vasiljevo
mk,Vasilkovci
mk,Vatasa
mk,Vehcane
mk,Vejice
mk,Vejseli
mk,Vehcani
mk,Velebrdo
mk,Vejce
mk,Veleselo
mk,Velessa
mk,Velesta
mk,Veleste
mk,Velestovo
mk,Veles
mk,Velgosti
mk,Velika Crcorija
mk,Velika Recica
mk,Velike Ilino
mk,Veliki-Papranik
mk,Veliki Radobilj
mk,Velike-Turcane
mk,Veliko Crniliste
mk,Veliko Crsko
mk,Veliki Celtiki
mk,Veliovci
mk,Veljanovci
mk,Veljusa
mk,Veljusino
mk,Velmej
mk,Velmenci
mk,Velmevci
mk,Vel Papradnik
mk,Velusa
mk,Velusina
mk,Velusino
mk,Velusino
mk,Venica
mk,Veprcani
mk,Vesala
mk,Vesal
mk,Veselcane
mk,Veselcani
mk,Veshalla
mk,Vesje
mk,Vetersko
mk,Vetren
mk,Vetunica
mk,Vevcane
mk,Vevcani
mk,Vidoviste
mk,Vidrani
mk,Vidusa
mk,Viduse
mk,Vikovija
mk,Vince
mk,Vinci
mk,Vinicani
mk,Vinica
mk,Vinica
mk,Vinice
mk,Vinicka Krska
mk,Vinicka Krsla
mk,Vinicko Gumno
mk,Virce
mk,Virovo
mk,Vir
mk,Visni
mk,Visnje
mk,Visoka Maala
mk,Visoka Mala
mk,Vistica
mk,Vitaliste
mk,Vitanci
mk,Vitanci
mk,Vitoliste
mk,Vitomiriva
mk,Vizbegovo
mk,Vladevci
mk,Vladilovce
mk,Vladilovci
mk,Vladimirovo
mk,Vlasici
mk,Vlasiki
mk,Vlce
mk,VoÄani
mk,Vodno
mk,Vodno
mk,Vodoca
mk,Vodovrati
mk,Vodovrat
mk,Vogjani
mk,Voislavci
mk,Vojnica
mk,Vojnik
mk,Vojsanci
mk,Vojslavci
mk,Volce
mk,Volino
mk,Volkoderi
mk,Volkovija
mk,Volkovija
mk,Volkovo
mk,Vollkovija
mk,Vozarci
mk,Vracevce
mk,Vracevi
mk,Vragoturce
mk,Vragoturci
mk,Vrance
mk,Vranesnica
mk,Vranestica
mk,Vraninci
mk,Vranista
mk,Vraniste
mk,Vranjevci
mk,Vranjovce
mk,Vranovce
mk,Vranovci
mk,Vrapçicshtë
mk,Vrapcista
mk,Vrapciste
mk,Vratislavci
mk,Vratnica
mk,Vratnicë
mk,Vrazale
mk,Vrbena
mk,Vrben
mk,Vrbica
mk,Vrbici
mk,Vrbjane
mk,Vrbjane
mk,Vrbjani
mk,Vrbjani
mk,Vrbjani
mk,Vrboec
mk,Vrbovac
mk,Vrginska Maala
mk,Vrisko
mk,Vrpsko
mk,Vrsakovo
mk,Vrtakica
mk,Vrtekica
mk,Vrteska
mk,Vrutog
mk,Vrutok
mk,Vucavice
mk,Vuci Dol
mk,Vuckovci
mk,Vuckovska Mala
mk,Vukoderi
mk,Vukovo
mk,Vutren
mk,Xhepishta
mk,Zabjani
mk,Zabrcani
mk,Zagorane
mk,Zagorani
mk,Zagorci
mk,Zagorice
mk,Zagracani
mk,Zagrad
mk,Zajac
mk,Zajas
mk,Zapolzani
mk,Zarapinci
mk,Zarbinci
mk,Zarepinci
mk,Zasle
mk,Zaslje
mk,Zavoj
mk,Zbadzha
mk,Zbazda
mk,Zbazde
mk,Zbazdi
mk,Zdanec
mk,Zdunje
mk,Zdunje
mk,Zedilovo
mk,Zegljane
mk,Zegnjane
mk,Zelengrad
mk,Zelenikovë
mk,Zelenikovo
mk,Zelezara
mk,Zelezna Reka
mk,Zeleznec
mk,Zeleznica
mk,Zeleznicka Stanica Zelenikovo
mk,Zeleznik
mk,Zelino
mk,Zeljino
mk,Zeljuvino
mk,Zeluvine
mk,(( Zeravina ))
mk,Zeravine
mk,Zeravino
mk,Zerovjane
mk,Zerovjani
mk,Zezen
mk,Zezovska Maala
mk,Zgopolci
mk,Zgropolci
mk,Zgropoljci
mk,Zhelinë
mk,Zherovan
mk,Zhirovnica
mk,Zhitinjani
mk,Zhupa-Selce
mk,Zhuzhnja
mk,Zidilovo
mk,Ziganci
mk,Zilce
mk,Zirnicka Maala
mk,Zirovnica
mk,Zitinani
mk,Zitineni
mk,Zitinjani
mk,Zitose
mk,Zitoste
mk,Zivalevo
mk,Zivaljevo
mk,Zivenje
mk,Zivinje
mk,Zivojna
mk,Zivojno
mk,Zivovo
mk,Zlatari
mk,Zleovo
mk,Zlesevo
mk,Zlesti
mk,Zletovo
mk,Zlevo
mk,Zlokucani
mk,Zlokucani
mk,Zlokukjani
mk,Zmirnovo
mk,Zndes
mk,Zovic
mk,(( Zovik ))
mk,Zovik
mk,Zrkle
mk,Zrnovce
mk,Zrnovci
mk,Zrze
mk,Zubovce
mk,Zubovce
mk,Zubovo
mk,Zubrino
mk,Zulica
mk,Zurce
mk,Zuznja
mk,Zuznje
mk,Zvan
mk,Zvecan
mk,Zvegor
