mq,Abandonné
mq,Abondance
mq,Absalon
mq,Abymes
mq,Acajou
mq,Adélaïde Maillet
mq,Adinet
mq,Ajoupa-Bouillon
mq,Alma
mq,Anse Caffard
mq,Anse Figuier
mq,Anse Figuiers
mq,Anse Madame
mq,Anses d'Arlet
mq,Anses d'Arlets
mq,Augrain
mq,Bac
mq,Baguidi
mq,Balata
mq,Balata-Tourtet
mq,Bambous
mq,Baréto
mq,Barington
mq,Barrière-la-Croix
mq,Bas Quartier la Gondeau
mq,Basse-Pointe
mq,Baudelle
mq,Beauchamp
mq,Beauregard
mq,Bécouya
mq,Bel-Air
mq,Bel Event
mq,Belfort
mq,Bellay
mq,Belle Âme
mq,Belle Étoile
mq,Bellefontaine
mq,Belle Languette
mq,Bellevue
mq,Bernard
mq,Bézaudin
mq,Birot
mq,Bois Carré
mq,Bois d'Inde
mq,Bois du Parc
mq,Bois la Charles
mq,Bois Lézards
mq,Bois Neuf
mq,Bois-Neuf
mq,Bois Neuf
mq,Bois Soldat
mq,Bois Zombi
mq,Bon Air
mq,Bonneau
mq,Bonneville
mq,Bon Repos
mq,Borel
mq,Bossou
mq,Boucan
mq,Boutaud
mq,Brevette
mq,Brin d'Amour
mq,Café
mq,Cadette
mq,Californie
mq,Camée
mq,Canton Suisse
mq,Cap Cabaret
mq,Cap Chevalier
mq,Cap-Marin
mq,Carabin
mq,Carbet
mq,Caritan
mq,Case-Pilote
mq,Cédalise
mq,Chambort
mq,Champfleury
mq,Champ Flore
mq,Chapelle Villarson
mq,ChateaubÅuf
mq,Château Gaillard
mq,Chertine
mq,Chevalier
mq,Case Navire
mq,Cité Dillon
mq,Cité Petit Manoir
mq,Clairière
mq,Cluny
mq,Concorde
mq,Concorde-Leyritz
mq,Coridon
mq,Corps de Garde
mq,Courbaril
mq,Croisée Décius
mq,Croisée Jeanne d'Arc
mq,Croisée Manioc
mq,Croisée Palmiste
mq,Croisée Soldat
mq,Croix Blanche
mq,Croix Odilon
mq,Daubert
mq,Délivry
mq,Démare
mq,Derrière-Bois
mq,Derrière Morne
mq,Désert
mq,Desforts
mq,Desmarinière
mq,Desmarinières
mq,Desruisseaux
mq,Deus Chous
mq,Deux Choux
mq,Diaka
mq,Diamant
mq,Dominant
mq,Dominante
mq,Duchêne
mq,Duchesne
mq,Ducos
mq,Duhamelin
mq,Dumaine
mq,Duquesne
mq,Espérance
mq,Eudorçait
mq,Fantaisie
mq,Faubourg SchÅlcher
mq,Favorite
mq,Ferme Saint-Jacques
mq,Ferré
mq,Fleury
mq,Floréal
mq,Fond Abattoir
mq,Fond Belle Fontaine
mq,Fond Bernier
mq,Fond Bohême
mq,Fond Boucher
mq,Fond Bourlet
mq,Fond Cacao
mq,Fond Capot
mq,Fond Collat
mq,Fond Fleury
mq,Fond Gens Libres
mq,Fond-Gens-Libres
mq,Fond Giromond
mq,Fond Grande Anse
mq,Fond Guillet
mq,Fond Hubert
mq,Fond-Lahaye
mq,Fond Marie-Reine
mq,Fond Mascret
mq,Fond Masson
mq,Fond Moustiques
mq,Fond Nicolas
mq,Fond Nigaud
mq,Fond Panier
mq,Fond Repos
mq,Fond Rose
mq,Fond-Saint-Denis
mq,Fond Saint-Jacques
mq,Fonds Bohême
mq,Fonds Boucher
mq,Fonds Bourlet
mq,Fonds Brûlés
mq,Fonds Capot
mq,Fonds d'Or
mq,Fonds-Lahaye
mq,Fonds Nicolas
mq,Fonds Panier
mq,Fonds-Saint Denis
mq,Fonds-Saint-Jacques
mq,Fonds Zamy
mq,Fond-Zombi
mq,Fontaine de Moutte
mq,Fort-de-France
mq,Fort Royal
mq,Four à Chaux
mq,François
mq,Gabourin
mq,Gallochat
mq,Galocha
mq,Garanne
mq,Gerbault
mq,Glotin
mq,Gondeau
mq,Gondeau-Saint-Joseph
mq,Grand-Court
mq,Grande Anse
mq,Grande Rivière
mq,Grande Savane
mq,Grand' Rivière
mq,Gros-Morne
mq,Guénot
mq,Guinée-Fleury
mq,Hauteurs Bourdon
mq,Hauteurs Dumas
mq,Hauteurs Rivière Roche
mq,Hyacinthe
mq,Jean-Baptiste
mq,Jeanne d'Arc
mq,Josseaud
mq,La Bagerie
mq,La Batelière
mq,La Batterie
mq,La Baume
mq,La Belème
mq,La Berry
mq,La Boissière
mq,La Bonnie
mq,La Californie
mq,La Canelle
mq,La Carrière
mq,La Casse
mq,La Césaire
mq,La Chapelle
mq,La Chopotte
mq,La Citerne
mq,La Clairière
mq,La Croisée Manioc
mq,La Debuc
mq,La Démarche
mq,La Dessaint
mq,La Duchêne
mq,La Dumaine
mq,La Duprey
mq,La Durand
mq,La Farelle
mq,La Favorite
mq,La Ferme Saint-Jacques
mq,La Fontenay
mq,La Fouquette
mq,Là-Haut
mq,La Haut
mq,La Huvet
mq,L'Ajoupa-Bouillon
mq,Lajus
mq,L'Alma
mq,La Malevaut
mq,La Manzo
mq,La Massel
mq,La Mauny
mq,La Médaille
mq,Lamentin
mq,La Moïse
mq,La Monnerot
mq,L'Anse Caffar
mq,L'Anse Mitan
mq,L'Anse Noire
mq,La Pagerie
mq,La Plaine
mq,La Redoute
mq,La Régale
mq,La Renée
mq,La Richard
mq,La Salette
mq,La Source
mq,La Suffrin
mq,La Suin
mq,La Tocnay
mq,La Tracée
mq,La Tranchée
mq,La Trinité
mq,La Vatable
mq,La Vierge
mq,Lazaret
mq,Le Cap
mq,Le Carbet
mq,Le Coin
mq,Le Coteau
mq,Le Diamant
mq,Le Centre
mq,Le Fort-de-France
mq,Le François
mq,Le Lamentin
mq,Le Lorrain
mq,Le Macouba
mq,Le Marigot
mq,Le Marin
mq,Le Morne aux BÅufs
mq,Le Morne des Olives
mq,Le Morne Rouge
mq,Le Morne-Vert
mq,Le Mouillage
mq,L'Enclos
mq,Le Parnasse
mq,Le Petit Bourg
mq,Lépinay
mq,Le Poirier
mq,Le Poteau
mq,Le Prêcheur
mq,L'Ermitage
mq,Le Robert
mq,Léro
mq,Les Abymes
mq,Le Saint-Esprit
mq,Les Anses d'Arlet
mq,Les Anses-d'Arlets
mq,Les Boucaniers
mq,Les Coteaux
mq,Lescouët
mq,Les Deux-Terres
mq,Les Flamboyants
mq,L'Espérance
mq,Les Quatre Chemins
mq,Lestrade
mq,Les Trois-Îlets
mq,Les Trois Ponts
mq,Le Trou
mq,Le Vauclin
mq,Lheureux
mq,Long Bois
mq,Long-Bois
mq,Lorrain
mq,Lourdes
mq,Lunette-Bouille
mq,Macédoine
mq,Macouba
mq,Macré
mq,Mare Capron
mq,Malevaut
mq,Mare Poirier
mq,Marie Noire
mq,Marigot
mq,Marin
mq,Maxime
mq,Maximin
mq,Mayol
mq,Medaille
mq,Médecin
mq,Mondésir
mq,Mondésir-Pointe Sable
mq,Monésie
mq,Montgérald
mq,Montjoly
mq,Montravail
mq,Morne Baguidi
mq,Morne-Balai
mq,Morne Baldara
mq,Morne Bel
mq,Morne Blanc
mq,Morne Bois
mq,Morne Capot
mq,Morne Céron
mq,Morne Congo
mq,Morne Courbaril
mq,Morne des Esses
mq,Morne Flambeau
mq,Morne Honoré
mq,Morne la Valeur
mq,Morne Pavillon
mq,Morne-Pichevin
mq,Morne Poirier
mq,Morne Pois
mq,Morne Pitault
mq,Morne Rouge
mq,Morne-Rouge
mq,Morne Serpent
mq,Morne Sulpice
mq,Morne Vallon
mq,Morne Venté
mq,Morne Vent
mq,Morne Vert
mq,Morne-Vert
mq,Pain de Sucre
mq,Palmiste
mq,Parnasse
mq,Pelletier
mq,Pérou
mq,Petit-Bourge
mq,Petit Bourg
mq,Petit Brésil
mq,Petit Campêche
mq,Petite Anse
mq,Petite Lézarde
mq,Petite Rivière
mq,Petite Rivière Salée
mq,Petite Savane
mq,Petit Morne
mq,Petit Paradis
mq,Petit Sable
mq,Petit Trou
mq,Placide
mq,Plaisable
mq,Plateau-Didier
mq,Plateforme
mq,Pointe Athanase
mq,Pointe Fort
mq,Pointe Jean-Claude
mq,Pointe la Mare
mq,Pointe Larose
mq,Poirer
mq,Poirier
mq,Poiriers
mq,Pomaré
mq,Pomponne
mq,Pont de Chaînes
mq,Poste Colon
mq,Prêcheur
mq,Prechur
mq,Préfontaine
mq,Presqu'île
mq,Propreté
mq,Propriété Poulet
mq,Puyferrat
mq,Quartier Abandonné
mq,Quartier Abandon
mq,Quartier Abondance
mq,Quartier Abricot
mq,Quartier Adélaïde Maillet
mq,Quartier Adinet
mq,Quartier Anse Azerot
mq,Quartier Anse de Reynal
mq,Quartier Anse Figuier
mq,Quartier Anse Madame
mq,Quartier Augrain
mq,Quartier Bac
mq,Quartier Balata
mq,Quartier Bambou
mq,Quartier Bas Céron
mq,Quartier Basse-Gondeau
mq,Quartier Bassou
mq,Quartier Beauchamp
mq,Quartier Beaujolais
mq,Quartier Beauregard
mq,Quartier Beauvallon
mq,Quartier Béco
mq,Quartier Bécouya
mq,Quartier Bedzy
mq,Quartier Bélair
mq,Quartier Bel-Air
mq,Quartier Belfort
mq,Quartier Belle Âme
mq,Quartier Belle-Étoile
mq,Quartier Bellevue
mq,Quartier Bezaudin
mq,Quartier Birot
mq,Quartier Bocage
mq,Quartier Bois d'Inde
mq,Quartier Bois la Charles
mq,Quartier Bois Neuf
mq,Quartier Bois Soldat
mq,Quartier Bois Zombi
mq,Quartier Bon Air
mq,Quartier Bonnain
mq,Quartier Bonneau
mq,Quartier Bon Repos
mq,Quartier Bossou
mq,Quartier Boué
mq,Quartier Boutaud
mq,Quartier Brevette
mq,Quartier Caféière Bonneville
mq,Quartier Café
mq,Quartier California
mq,Quartier Californie
mq,Quartier Canton Suisse
mq,Quartier Chambord
mq,Quartier Champ-Flore
mq,Quartier Chapelle Villarçon
mq,Quartier Chapelle Villarson
mq,Quartier Châteauboeuf
mq,Quartier Chère Épice
mq,Quartier Chertine
mq,Quartier Chèvre
mq,Quartier Cocoyer
mq,Quartier Concorde
mq,Quartier Corps de Garde
mq,Quartier Coulée d'Or
mq,Quartier Courbaril
mq,Quartier Croix Blanche
mq,Quartier Croix Odillon
mq,Quartier Cyrille
mq,Quartier Dabadie
mq,Quartier Daubert
mq,Quartier de Balata
mq,Quartier de Balata-Tourtet
mq,Quartier de la Californie
mq,Quartier de la Chapelle
mq,Quartier de la Petite Anse
mq,Quartier de la Presqu'île
mq,Quartier de la T. S. F.
mq,Quartier de l'Ex-voto
mq,Quartier Delivry
mq,Quartier de l'Orangerie
mq,Quartier Démare
mq,Quartier Dérivry
mq,Quartier Derrière Bois
mq,Quartier Derrière Morne
mq,Quartier des Abymes
mq,Quartier Desbrosses
mq,Quartier Deschamps
mq,Quartier Descossières
mq,Quartier Descostière
mq,Quartier Desforts
mq,Quartier Desmares
mq,Quartier Desmarinières
mq,Quartier Desmartinières
mq,Quartier des Pitons
mq,Quartier Desruisseaux
mq,Quartier des Trois-Ponts
mq,Quartier Dominante
mq,Quartier Dominant
mq,Quartier du Bac
mq,Quartier du Fond Fleuri
mq,Quartier du Fort
mq,Quartier du Hamelin
mq,Quartier Dumaine
mq,Quartier du Morne Valentin
mq,Quartier Durand
mq,Quartier Eudorçait
mq,Quartier Fantaisie
mq,Quartier Ferme Saint-Jacques
mq,Quartier Firmin
mq,Quartier Fleury Guiné
mq,Quartier Fleury
mq,Quartier Fond Abattoir
mq,Quartier Fond Abbatoir
mq,Quartier Fond Cacao
mq,Quartier Fond Gens Libres
mq,Quartier Fond Giraumont
mq,Quartier Fond Guillet
mq,Quartier Fond Hubert
mq,Quartier Fond Marie Reine
mq,Quartier Fond Mascré
mq,Quartier Fond Masson
mq,Quartier Fond Mulâtre
mq,Quartier Fond Panier
mq,Quartier Fond Rose
mq,Quartier Fonds Brûlés
mq,Quartier Fonds Hubert
mq,Quartier Fonds Mascret
mq,Quartier Fonds Masson
mq,Quartier Fonds Panier
mq,Quartier Fonds Zamy
mq,Quartier Fond Zombi
mq,Quartier Fontaine de Moutte
mq,Quartier Four à Chaux
mq,Quartier Gabourin
mq,Quartier Galette
mq,Quartier Gerbault
mq,Quartier Gergault
mq,Quartier Gillot
mq,Quartier Glotin
mq,Quartier Gondeau-Saint-Joseph
mq,Quartier Grand Bassin
mq,Quartier Grande Anse
mq,Quartier Grande Savane
mq,Quartier Grosan
mq,Quartier Hauteurs Bourdon
mq,Quartier Haut Grain
mq,Quartier Hermitage
mq,Quartier Humbert
mq,Quartier Josseaud
mq,Quartier Josseau
mq,Quartier La Baudelle
mq,Quartier la Baudet
mq,Quartier la Baume
mq,Quartier la Beauville
mq,Quartier la Bélème
mq,Quartier la Belem
mq,Quartier la Bellem
mq,Quartier la Boissière
mq,Quartier la Bonnie
mq,Quartier la Bonny
mq,Quartier la Boutaud
mq,Quartier la Cadette
mq,Quartier la Canelle
mq,Quartier la Canette
mq,Quartier la Carrière
mq,Quartier la Césaire
mq,Quartier la Chapelle
mq,Quartier la Chevalier
mq,Quartier la Chopotte
mq,Quartier la Démarche
mq,Quartier la Dessaint
mq,Quartier la Duchêne
mq,Quartier la Dumaine
mq,Quartier la Duquesne
mq,Quartier la Farelle
mq,Quartier la Favorite
mq,Quartier la Félix
mq,Quartier la Fleury Guiné
mq,Quartier la Fontaine
mq,Quartier la Fontenay
mq,Quartier la Garanne
mq,Quartier Là-Haut
mq,Quartier l'Allée
mq,Quartier la Manzo
mq,Quartier la Mayaule
mq,Quartier la Médaille
mq,Quartier la Monnerot
mq,Quartier la Nau
mq,Quartier la Palmiste
mq,Quartier la Poirier
mq,Quartier la Pomaré
mq,Quartier la Régale
mq,Quartier la Renée
mq,Quartier la René
mq,Quartier la Richard
mq,Quartier la Rivière d'Or
mq,Quartier la Sabine
mq,Quartier la Salette
mq,Quartier la Sarraut
mq,Quartier la Sucrerie
mq,Quartier la Tracée
mq,Quartier la Tranchée
mq,Quartier la Valatte
mq,Quartier la Valette
mq,Quartier la Vierge
mq,Quartier la Zabeth
mq,Quartier Lecombe
mq,Quartier Lecomte
mq,Quartier Lelubois
mq,Quartier le Pelletier
mq,Quartier Lepinoy
mq,Quartier le Raisin
mq,Quartier l'Ermitage
mq,Quartier Léro
mq,Quartier les Deux Terres
mq,Quartier Lestrade
mq,Quartier Lheureux
mq,Quartier Long-Bois
mq,Quartier Long Bois
mq,Quartier Lourdes
mq,Quartier Lowinsky
mq,Quartier Luçon
mq,Quartier Lunette Bouille
mq,Quartier Maxime
mq,Quartier Médecin
mq,Quartier Monplaisir
mq,Quartier Monsieur
mq,Quartier Mont Joli
mq,Quartier Mont-Joly
mq,Quartier Morne Acajou
mq,Quartier Morne à Roche
mq,Quartier Morne Balai
mq,Quartier Morne Baldara
mq,Quartier Montravail
mq,Quartier Morne Bois
mq,Quartier Morne Calebasse
mq,Quartier Morne Capot
mq,Quartier Morne Carabin
mq,Quartier Morne Carrette
mq,Quartier Morne Congo
mq,Quartier Morne Courbaril
mq,Quartier Morne Covin
mq,Quartier Morne des Esses
mq,Quartier Morne des Olives
mq,Quartier Morne Garrette
mq,Quartier Morne Honoré
mq,Quartier Morne la Valeur
mq,Quartier Morne Mignolle
mq,Quartier Morne Pavillon
mq,Quartier Morne Pitault
mq,Quartier Morne Piton
mq,Quartier Morne Poirier
mq,Quartier Morne Serpent
mq,Quartier Morne Théodore
mq,Quartier Morne Valentin
mq,Quartier Morne Vert
mq,Quartier Pain de Sucre
mq,Quartier Palmène
mq,Quartier Parnasse
mq,Quartier Pays Mêlé
mq,Quartier Pelletier
mq,Quartier Pérou
mq,Quartier Petit Campêche
mq,Quartier Petite Anse
mq,Quartier Petite Lézarde
mq,Quartier Petite Rivière
mq,Quartier Petite Rivière Salée
mq,Quartier Petite Savane
mq,Quartier Piton
mq,Quartier Petit Paradis
mq,Quartier Pitons
mq,Quartier Placide
mq,Quartier Plaisable
mq,Quartier Plateau
mq,Quartier Plateau Tiberge
mq,Quartier Plateforme
mq,Quartier Pointe La Mare
mq,Quartier Poirier
mq,Quartier Pois Doux Bocage Quartier
mq,Quartier Poix Doux Bocage
mq,Quartier Pomaré
mq,Quartier Pont de Chaînes
mq,Quartier Préfontaine
mq,Quartier Propreté
mq,Quartier Rabuchon
mq,Quartier Ravine
mq,Quartier Ravine Touza
mq,Quartier Ravine Vilaine
mq,Quartier Reculée
mq,Quartier Reculé
mq,Quartier Renée
mq,Quartier Rivière Bambous
mq,Quartier Rivière Cacao
mq,Quartier Rivière Caleçon
mq,Quartier Rivière Monsieur
mq,Quartier Rivière Pomme
mq,Quartier Rivière Roche
mq,Quartier Roche Carrée
mq,Quartier Roches Carrées
mq,Quartier Rodon
mq,Quartier Rollin
mq,Quartier Rousseau
mq,Quartier Saint Aroman
mq,Quartier Saint-Arroman
mq,Quartier Sainte-Catherine
mq,Quartier Saint-Maurice
mq,Quartier Saint-Pierre
mq,Quartier Saint-Roche
mq,Quartier Saint-Vincent
mq,Quartiers Anse à l'Âne
mq,Quartier Sans Pareil
mq,Quartier Sarraut
mq,Quartier Savane Petit
mq,Quartier Séaille
mq,Quartier Séailles
mq,Quartier Semaine
mq,Quartier Sinaï
mq,Quartier Suin
mq,Quartier Terreville
mq,Quartier Touza
mq,Quartier Trou Grec
mq,Quartier Trou-Terre
mq,Quartier Union
mq,Quartier Vallon
mq,Quartier Venté
mq,Quartier Verrier
mq,Quartier Vert-Pré
mq,Quartier Vielle-Terre
mq,Quartier Voltaire
mq,Quartier Zabeth
mq,Rabat-Joie
mq,Rabuchon
mq,Raisin
mq,Rateau
mq,Ravine Acajou
mq,Ravine Braie
mq,Ravine Touza
mq,Ravine Vilaine
mq,Reculée
mq,Reculé
mq,Redoute
mq,Régale-de-Saint-Esprit
mq,Régale
mq,Rivière Cacao
mq,Rivière Caleçon
mq,Rivière d'Or
mq,Rivière l'Or
mq,Rivière Monsieur
mq,Rivière-Pilote
mq,Rivière
mq,Rivière-Salée
mq,Robert
mq,Roches Carrées
mq,Rodon
mq,Rousseau
mq,Rue Paille
mq,Saingaule
mq,Saint-Aroman
mq,Sainte-Anne
mq,Sainte Catherine
mq,Sainte Claire
mq,Sainte-Luce
mq,Sainte-Marie
mq,Saint Esprit
mq,Sainte-Thérèse
mq,Saint-Joseph
mq,Saint-Maurice
mq,Saint-Pierre
mq,Saint-Roch
mq,Saint-Vincent
mq,Sans Pareil
mq,Sarcelle
mq,Sarraut
mq,Savane Petit
mq,SchÅlcher
mq,Sérail
mq,Sinaï
mq,Sucrerie
mq,Tartane
mq,Taupinière
mq,Terres d'Absalon
mq,Terres Sainville
mq,Terreville
mq,Tourtet
mq,Touza
mq,Trinité
mq,Trois-Îlets
mq,Trois Rivières
mq,Trou Grec
mq,Trou Terre
mq,Union
mq,Urion
mq,Valatte
mq,Val d'Or
mq,Vauclin
mq,Verrier
mq,Vert-Pré
mq,Vieille Terre
mq,Volga-Plage
mq,Voltaire
mq,Zabeth
mq,Zobéide
