mr,Abari
mr,Abaye
mr,Abdallah Diori
mr,Abdel Begrou
mr,Adabaï
mr,Adabaï Deïli
mr,Adabaï Doulel
mr,Adabaï Idaouach
mr,Adabaye
mr,Adabaye Ideouache
mr,'Adel Bagrou
mr,Ador
mr,Aéré Golléré
mr,Aéré Mbar
mr,Afnia
mr,Afraré
mr,Agmâmîne
mr,Agnétir
mr,Agouanit
mr,Agouanitt
mr,Agouémit
mr,Agouénit
mr,Agreyate
mr,Agueni
mr,Aguenni
mr,Aguini
mr,Aguinni
mr,Agwenit
mr,Ahel Aïmar
mr,Ahel Aoubak
mr,Ahel Cheïheb
mr,Ahel el Jeïlani
mr,Aïdou
mr,Aïmé Msira
mr,Aime Msirate
mr,Aïmoré
mr,'Aïn Ben Tili
mr,Aïn Bentilli
mr,Aïn Taiss
mr,'Aïn Tass
mr,Aïoun el Atrouss
mr,Ajar Sarakolé
mr,Ajar Toucouleur
mr,Akaouini
mr,Aka Wini
mr,Akjoujt
mr,Akjout
mr,Akouaoui
mr,Akouawi
mr,Alaïna
mr,Alanguidé
mr,Aleg
mr,'Aleïb
mr,'Ali Baïdi
mr,Amadi Fakourou
mr,Amadou Moussa
mr,Amagué Bédia
mr,Amaké
mr,Amchola
mr,Amchotone
mr,Amerj Arr
mr,Amriyé
mr,Ando Réo
mr,Aouinat
mr,'Aouînât
mr,'Aouînet Némadi
mr,Aniétir
mr,Aoujeft
mr,Aouré Baoudé
mr,Archâne
mr,Aré Koka
mr,Aroueïji
mr,Arsane
mr,Arsane Maure
mr,Artémou
mr,Atâr
mr,Atem
mr,Atîla
mr,Atta'îne
mr,Attêïn
mr,Avoïnat
mr,Awïnatt
mr,Awinet Némadi
mr,'Ayoûn el 'Atroûs
mr,Bababé
mr,Bacikounou
mr,Badaa
mr,Badinké
mr,Baédiam
mr,Bagoudine
mr,Baédiamé
mr,Bahara
mr,Bandiougou
mr,Bango
mr,Bara
mr,Baraïni
mr,Barbarak
mr,Bargatanni
mr,Bargou
mr,Barkéol
mr,Barkéol el Akhdar
mr,Barkéol El Arhdar
mr,Barkéouol
mr,Barogal
mr,Bassikounou
mr,Bassi Nguidi
mr,Baté Layé
mr,Beïla
mr,Beïlogué Yéro
mr,Beïlougué Bolol
mr,Beïlougué Démoundé
mr,Beïlougué Litama
mr,Beïlougué Yéro
mr,Bélane
mr,Bélédendi
mr,Bélel Abdi
mr,Bélel Gaodi
mr,Belnabé
mr,Benibafat
mr,Bérélé
mr,Bergatanni
mr,Betselba
mr,Bezeïr
mr,Binndiamou
mr,Bidiské
mr,Bir el Moghreïn
mr,Bir Moghreim
mr,Bir Moghrein
mr,Bir Moghreïne
mr,Bir Moghrin
mr,Bîr Mogreïn
mr,Bir Morhrein
mr,Bir Oum el Grein
mr,Bir Oum Grein
mr,Bir Oum Greïne
mr,Bir Umm Grain
mr,Blajemile
mr,Blajmil
mr,Blemhar
mr,Bodiédié
mr,Bofal
mr,Boediam
mr,Boghé
mr,Bogué
mr,Bogué Dow
mr,Boguel Fadoua
mr,Boitiek Elali
mr,Boitiek Eliémane
mr,Bokédianbi
mr,Boki Hamet
mr,Bokol
mr,Bolol Doggo
mr,Bolol Dogo
mr,Bondi
mr,Bondiéri
mr,Borélé
mr,Borié
mr,Botoula Taring
mr,Boû Amama
mr,Bou Amana
mr,Bouanzé
mr,Bouara
mr,Bou Aslété
mr,Boubou Aoudi
mr,Boubou Karli
mr,Bouda
mr,Boudama Peul
mr,Boudiébaya
mr,Boû Bakar
mr,Bouélé
mr,Bouérik
mr,Boufal
mr,Boû Gâdoûm
mr,Boû Gamoul
mr,Bougoudré
mr,Bouguérha
mr,Bouguérha
mr,Boukéréya
mr,Boulanouar
mr,Boû Lanouâr
mr,Bouli Borbo
mr,Bouly
mr,Boumdeït
mr,Bounoir
mr,Bounouar
mr,Bounououara
mr,Bounouwara
mr,Bourélé
mr,Bouroudji
mr,Bourougoudoun
mr,Bousseï Adé
mr,Boû Steïlé
mr,Boutanda
mr,Boutel Ahir
mr,Boû Tézékreï
mr,Boutézékrèy
mr,Boutilimit
mr,Boutillmit
mr,Bouyal Bokar
mr,Boû Zraïbié
mr,Boyo
mr,Braïdid
mr,Braydid
mr,Brenn
mr,Breune
mr,Cansado
mr,Casba des Aït Maouin
mr,Casbah des Aït Maouine
mr,Chbariat
mr,Chèbar
mr,Chegga
mr,Cheïka Louaré
mr,Chelka Ould Bannahi
mr,Chelkhat Rhiarhoum
mr,Chelrhat Rhiarhoum
mr,Chig el Outeïdat
mr,Chig Louteïdatt
mr,Chinguetti
mr,Chkata
mr,Chorfa
mr,Choûm
mr,Civé
mr,Coppolani
mr,Coumba Ndao
mr,Coumta N'Dao
mr,Crampel
mr,Dabaï 'Aïn Memounia
mr,Dabaï Amamédé
mr,Dabaï Amidi
mr,Dabaï Baï
mr,Dabaï Dalouach
mr,Dabaï Dalwach
mr,Dabaï el Barké
mr,Dabaï el Izradite
mr,Dabaï el Média
mr,Dabaï el Talb Moussé
mr,Dabaï Jidou
mr,Dabaï Jidou Oul Chett
mr,Dabaï Keïli
mr,Dabaïli Souéli
mr,Dabaï Laïssad
mr,Dabaï Magui
mr,Dabaï Mbaré
mr,Dabaï Moussé
mr,Dabaï Moutraoga
mr,Dabaï Saliou
mr,Dabaï Sambayel Oré
mr,Dabai Sanbayel Ore
mr,Dabaï Sonkarou
mr,Dabal Magui
mr,Dabé
mr,Dafort
mr,Dahakélé
mr,Dahalagué
mr,Danguérémou
mr,Danguidébé
mr,Dao
mr,Daoua
mr,Dara
mr,Dar Cheikh Abdalaye
mr,Dar Cheïkh Abdallaï
mr,Dar-Cheikh-Abdallaye
mr,Dar el Barka
mr,Debay El Barké
mr,Débé Sorfa
mr,Débous
mr,Débouss
mr,Déguismoli
mr,Demba Lembéré
mr,Demba Sambel
mr,Dénéal Samba Ombo
mr,Dérik Guirfafé
mr,Dérik Kélilaé
mr,Dernié
mr,Désili
mr,Diabaye
mr,Diadé
mr,Diafane
mr,Diaguili
mr,Diahoulel
mr,Diala
mr,Diam Diam
mr,Diamel Vidim
mr,Diamer
mr,Diandiourou
mr,Dianguina
mr,Diaouara
mr,Diaoubé
mr,Diawara
mr,Dida Rhoulé
mr,Diéba
mr,Diemar
mr,Dieuk
mr,Dimja
mr,Dimje
mr,Dindi
mr,Dineker
mr,Diogountourou
mr,Diogoutourou
mr,Dioldi
mr,Dioroum
mr,Dios
mr,Dioubali
mr,Dioudi
mr,Diouker
mr,Dioulon
mr,Diou Ould Snéléoum
mr,Diovol
mr,Djadjebina
mr,Djadjibine
mr,Djajbine Chorfa
mr,Djajibine Chorfa
mr,Djajibine
mr,Djebaba Level
mr,Djebaba Galadio
mr,Djeol
mr,Djereida
mr,Djib
mr,Djigéni
mr,Djiguéni
mr,Djilalfa
mr,Djllalfa
mr,Djovol
mr,Dolol Civré
mr,Dolol
mr,Dolol Sivré
mr,Dolol Soubala
mr,Douamkara
mr,Douboungué
mr,Dougoulgui
mr,Douibel Batha
mr,Doulel
mr,Dyamawali
mr,Dyamwéli
mr,Dououara
mr,Dyovol
mr,Echkata
mr,Egémanbénou
mr,Eguémanbénou
mr,El Abdé
mr,El Aïoun
mr,Elali Ajar
mr,Elali Niaroual
mr,Elali Nioroual
mr,Ela Mouinessé
mr,El 'Aoueïnât
mr,El Arch
mr,El Atchane
mr,El Awaïnatt
mr,El 'Ayoûn
mr,El Baghoui
mr,El Bir
mr,El Boulaïr
mr,El Boussaï
mr,El Douti
mr,Êleib
mr,Elemene Srhîr
mr,Elemen Srir
mr,El Erg
mr,El Faraa
mr,El Fougué
mr,El Fouie
mr,El Gèté Mbèygou
mr,El Goss
mr,El Gouessi
mr,El Grain
mr,El Graïr Enzaï
mr,El Greïn
mr,El Gueneïba
mr,El Guèté Mbeïgou
mr,El Guilène
mr,El Haédi
mr,Eli Bab
mr,Eli Bati
mr,Eli Souitt
mr,El Izabè
mr,El Joumaa
mr,El Kseïba
mr,El Magali
mr,El Maha
mr,El Mali
mr,El Mamghar
mr,El Mankous
mr,El Mankouss
mr,El Maroualeb
mr,El Medda
mr,El Meddah
mr,El Memghar
mr,El Memrhar
mr,El Méssiel
mr,El Meuzeu
mr,Elminetafra
mr,El Momchar
mr,El Moudéré
mr,El Moulali
mr,El Roueïrat
mr,El Srir
mr,El Vana
mr,El Zerda
mr,E-n-Tatrat
mr,Es Srhîr
mr,Ez Zerda
mr,Fadia
mr,Fagyar
mr,Fanaye Niakouar
mr,Fassalé
mr,Fdeirek
mr,Fdérick
mr,Fdérik
mr,Feïtas
mr,Féréni
mr,Ferkane
mr,Ferlankobé
mr,Ferrala
mr,Filké
mr,Fimbo
mr,Fimbo Paliba
mr,Flike
mr,Fofana Débé
mr,Foïlé
mr,Fora Sinérabi
mr,Fort Cappolani
mr,Fort Gouraud
mr,Fort Goureaud
mr,Fort Repoux
mr,Fort Trinquet
mr,Fort-Trinquet
mr,Foundou
mr,Fra' el 'Achoûché
mr,Fra' Ladoum
mr,Gâ'ât Teïdouma
mr,Gadiama
mr,Gani
mr,Ganki
mr,Ganséraké
mr,Gaouyéré
mr,Garak
mr,Garalla
mr,Garalol
mr,Garé
mr,Garli
mr,Givé
mr,Gleïbât Boukine
mr,Godiavel Galaoual
mr,Godioouel Demba
mr,Godioouel Galaouel
mr,Godioval
mr,Godiovol
mr,Godiowel Demba
mr,Godiowel Galaoual
mr,Goouatt
mr,Goulel Mouroir
mr,Goupou
mr,Gouraye
mr,Gourdiouma
mr,Gourel Adama
mr,Gourel Ali
mr,Gourel Amadi Boudari
mr,Gourel Baïdi Sori
mr,Gourel Bakar Sy
mr,Gourel Bamol
mr,Gourel Diaré
mr,Gourel Diéri
mr,Gourélé
mr,Gourel Farba
mr,Gourel Foulé
mr,Gourel Gaï
mr,Gourel Keradi
mr,Gourel Kotché
mr,Gourel Mahamoud
mr,Gourel Malalfa
mr,Gourel Mama Dado
mr,Gourel Mamadou Penda
mr,Gourel Moussa
mr,Gourel Sanétabé
mr,Gourel Somana
mr,Gourel Tierna Amadou
mr,Gourel Pé
mr,Gourel Tierno
mr,Gouret Farba
mr,Goureye
mr,Gourfaf
mr,Goven Karé
mr,Govin Karé
mr,Gowatt
mr,Graïr Enzaï
mr,Guéleïbate Boukine
mr,Gueléïbate
mr,Guéleïbé
mr,Guéléoil
mr,Guéléoual
mr,Guémou
mr,Guénétir
mr,Guidakar
mr,Guidala
mr,Guidembala
mr,Gourel Saldé
mr,Guidibiné
mr,Gourel Samba Sidi
mr,Guidilol
mr,Guiégui
mr,Guiraï
mr,Guiraye
mr,Guireye
mr,Hadad
mr,Haddah
mr,Haéré Goléré
mr,Haéré Mbar
mr,Haï Médat
mr,Haïré Goléré
mr,Haïré
mr,Haïré Mbar
mr,Hamdallaye
mr,Hamed Jibi
mr,Hamoud
mr,Hamouria
mr,Hâmouryâ
mr,Hari Hara
mr,Harouna
mr,Harr
mr,Hâsèï Larha
mr,Hartane
mr,Hasseï Larha
mr,Hasseï Sidi
mr,Hassi Bagara
mr,Hassi Bagra
mr,Hassi Boû Seï
mr,Hassi Chaggar
mr,Hassi Chems
mr,Hassi-Chogar
mr,Hassi Delme
mr,Hassi el Abiod
mr,Hassi el Hamar
mr,Hassi Guenderes
mr,Hassi Guendres
mr,Hassi Sidi
mr,Houi Damour
mr,Ibacheléne
mr,Idaouach
mr,Idawache
mr,Idjil
mr,Iéro Djibel
mr,Imijijé
mr,Iouik
mr,Iwik
mr,Jérikay
mr,Jilalive
mr,Jirana
mr,Joumanié
mr,Jraïf
mr,Jraïf
mr,Jreïda
mr,Kadi-el-Abou
mr,Kadié Labou
mr,Kadiel
mr,Kaédi
mr,Kaléourou
mr,Kalifa
mr,Kaloua
mr,Kalwa
mr,Kamor
mr,Kankossa
mr,Karakoro
mr,Karka
mr,Karoulou
mr,Kataouane
mr,Kataouan
mr,Kayoutt
mr,Kélélé
mr,Kéninkoumou
mr,Kerfi
mr,Kersiniané
mr,Keurinadihé
mr,Keur Kouré
mr,Keur Macene
mr,Keur Madiké
mr,Keur Marsal
mr,Keur Massène
mr,Keur Mour
mr,Keur Pèr
mr,Khabou Guidimaka
mr,Khabou
mr,Kharré
mr,Kîfa
mr,Kiffa
mr,Kilioua
mr,Kitane
mr,Kobenni
mr,Kiliwa
mr,Kobonni
mr,Kooa
mr,Koou
mr,Koou Nimadi
mr,Koro
mr,Korokoro
mr,Koté
mr,Kouidé
mr,Koumba Ndao
mr,Koumbi Dyofi
mr,Koumbou
mr,Koundélé
mr,Koundel Réo
mr,Koundiourla
mr,Kouroukéré Béda
mr,Kouroukéré el Kabar
mr,Kouroukéré Idoulcher
mr,Kouroukéré
mr,Koussané
mr,Koussana
mr,Kova
mr,Kow
mr,Kow Nimadi
mr,Kraâ Bou Mbaré
mr,Krâ' Boû Mbaré
mr,Ksar Chams
mr,Ksar el Barka
mr,Ksar el Khâli
mr,Ksar
mr,Ksar Torchane
mr,La Batterie
mr,Lagafouya
mr,Lahouvich
mr,La'ouessi
mr,Larach
mr,Lareïch
mr,Larèych
mr,Léangrat
mr,Léa Ouémoua
mr,Léa Wémwa
mr,Léboudou Ouaoundé
mr,Leboudou Waoundé
mr,Legat
mr,Legatt
mr,Leggatt
mr,Léhagid
mr,Léhaguid
mr,Leherik
mr,Léhoueïdni
mr,Le-Kséïba
mr,Lékselba
mr,Léma
mr,Lemhaisrat
mr,Lemjajta
mr,Lemjatja
mr,Lemrhada
mr,Lerouérat
mr,Leroug
mr,Lévé
mr,Léxelba
mr,Liguilkaïri
mr,Lilia
mr,Liradj
mr,Litama
mr,Livol
mr,Lméday
mr,Lorhviré
mr,Louad Touil
mr,Louboéré
mr,L'Oudeye
mr,Lougat
mr,Lougué Boudamé
mr,Lougué Potié
mr,Louguéré
mr,Loumbaydi
mr,Loumbol
mr,Lououeï
mr,Lourémé
mr,Louweï
mr,Madèl
mr,Madina
mr,Mafondou
mr,Magama
mr,Maghama
mr,Magta-lahjar
mr,Magta' Lahjar
mr,Makadougou
mr,Makhana
mr,Makrédi
mr,Mamaéli
mr,Mame Diak
mr,Mansour
mr,Maoudass
mr,Mara
mr,Marandébé
mr,Marané
mr,Mareïfa
mr,Marhandyé
mr,Marsila
mr,Massam
mr,Massar
mr,Mbagne
mr,Mbahé
mr,Mbalou
mr,Mbédia Achar
mr,MBeida
mr,Mbeïdia
mr,Mbeïdi
mr,Mbich
mr,Mbidane Alambé
mr,Mbomé Kawal
mr,Mboto
mr,Mboul
mr,Mboul
mr,Mbout Chorfa
mr,Medd Allah
mr,Mederdra
mr,Meïlaha
mr,Memrhar
mr,Messelsé
mr,Miloatane
mr,Mils
mr,Mkhaïzine
mr,Modi Founti
mr,Mohili
mr,Moïbra
mr,Médala
mr,Mbout
mr,Moï Moï
mr,Mokraï Mara
mr,Monguel Foubdé Diéri
mr,Mônguel
mr,Monguel Toundé
mr,Moribougou
mr,Mostaka
mr,Moudiat
mr,Moudjéria
mr,Moudji Babangol
mr,Moudji Youroufa
mr,Mouénité
mr,Mouit
mr,Moujoufane
mr,Moujoufan
mr,Moulessimou
mr,Mounguel
mr,Médalla
mr,Mounor
mr,Mourtogalgar
mr,Mousfouayé
mr,Mousfwayé
mr,Moussala
mr,Moussoufoyé
mr,Moussasta
mr,Moutahala
mr,Moutogagar
mr,Moutogalgar
mr,Mreïmida Beïdane
mr,Mreïmida Harâtîne
mr,Mreïmida Haratin
mr,Mta Meïdit
mr,Mta Meydit
mr,Mzaïmid
mr,Mzaymid
mr,Naïlé
mr,Nbâk
mr,Nbaré
mr,Ndam Niaraoual
mr,Ndam Niaroual
mr,Ndam Yalalbé
mr,N'Dan
mr,Ndiago
mr,Ndian Dia
mr,Ndiao Réo
mr,Ndiavaldi Bouli
mr,Ndiavaldi Diouma
mr,Ndiémar
mr,Ndiéo
mr,Ndiongo
mr,Ndirol
mr,Ndoumelli Débé
mr,Ndoumelli
mr,Ndrénawou
mr,Néga
mr,Nemahidi
mr,Néma
mr,Néré
mr,Néré
mr,Néré Oualo
mr,Ngalgou
mr,Ngapougou
mr,N'Goraï
mr,Ngorel
mr,Niabina
mr,Niarawal
mr,Niéleba Haouissa
mr,Niéléba Haouissé
mr,Nima
mr,Nimjad
mr,Niomel
mr,Nouâdhibou
mr,Nouakchat
mr,Nouakchot
mr,Nouakchott
mr,Nouâmghâr
mr,Nouamrhar
mr,Nouma
mr,Ntabane
mr,N-Tîlimît
mr,Ntilimitt
mr,Nuadibu
mr,Nwanghar
mr,Olo Ologo
mr,Otiéré
mr,Ouadâne
mr,Ouadio
mr,Oualâta
mr,Ouali Diamtana
mr,Ouali
mr,Oudane
mr,Oûdeï Chrak
mr,Oûdeï Lebhanis
mr,Oûdeï
mr,Oûdeï Talaba
mr,Oudelemguil
mr,Oudeye Lebhanis
mr,Oudeye Lebhaniss
mr,Oudeye
mr,Oudeye Talaba
mr,Ouechguech
mr,Ouédamor Gobingoa
mr,Ouédamor Gobi
mr,Ouédamor
mr,Ouéringuel
mr,Ouètji
mr,Ouiouat
mr,Oujefte
mr,Oujeft
mr,Oulad el Hadji
mr,Oulad Ouissa
mr,Oulad Talha
mr,Oula Gueïlé
mr,Oulamantess
mr,Ould Jiddou
mr,Ould Moïlid
mr,Ould Rami
mr,Ould Yanja
mr,Ouled Addet
mr,Oulombomé
mr,Oulrami-Maure
mr,Oulrami Maures
mr,Oulrami
mr,Oumkchéra
mr,Oumm el Barka
mr,Oumm el Bohoro
mr,Oumoulbarka
mr,Oumoulbohoro
mr,Oumoussoyé
mr,Oumpou
mr,Ouolé
mr,Ouoloum Atar
mr,Ouoloum Néré
mr,Ouompou
mr,Ourguia
mr,Ouro Aïré
mr,Ouro Boka
mr,Ouro Boki
mr,Ouro Diallo
mr,Ouro Diaoubé
mr,Ouro Famé
mr,Ouro Fari
mr,Ouro Haïré
mr,Ouro Sabar
mr,Ouro Ndom
mr,Ouska
mr,Patoukone
mr,Pempédiel
mr,Pendao
mr,Poleti
mr,Portendick
mr,Port-Étienne
mr,Port Ettienne
mr,Puits des Boradda
mr,Puits des Borradas
mr,Rachbé
mr,Rachide
mr,Rachid
mr,Raïchakh
mr,Raïféra
mr,Regba
mr,Regbet Thila
mr,Reguibat
mr,Rgueïba-Thila
mr,Rhabra
mr,Rinndiao
mr,Roco
mr,Rosso
mr,Rouji Aoudi
mr,Roumda
mr,Roumdé
mr,Sabala
mr,Sabar
mr,Saboala
mr,Saboala
mr,Sabou-Ciré
mr,Sabou-Siré
mr,Saboussiré
mr,Saboussiré
mr,Sagné
mr,Sahout el Ma
mr,Salka Balé
mr,Salka Dahana
mr,Sambadébé
mr,Samba Doga
mr,Sambakagny
mr,Samba Kandji
mr,Sambangoma
mr,Samba Sako
mr,Samba
mr,Sambou
mr,Sanbadébé
mr,Sanba Kandji
mr,Sanbangoma
mr,Sanba
mr,Sanbou
mr,Sandémodé
mr,Sangué Diéri
mr,Saralébéda
mr,Sarankoïté
mr,SAré Ndogou Boubakar Baïli
mr,Saré Ndogou Dibéri
mr,Sayé
mr,Ségui
mr,Sehout el Ma
mr,Seï Délémé
mr,Seï Hamar
mr,Seira Fatouma
mr,Séli Atach
mr,Sélibabi
mr,Sélibaby
mr,Sellam
mr,Selrazéné
mr,Séné Kouna
mr,Sétaré
mr,Séyène
mr,Sibar
mr,Si Hamel
mr,Silla
mr,Siluol
mr,Simon
mr,Sintiou Boumaka
mr,Sivé
mr,Solou
mr,Sori Malé
mr,Soronabougou
mr,Sott
mr,Souaendé
mr,Soueïf
mr,Souet el Ma
mr,Soufi
mr,Sountchoudébé
mr,Swaendé
mr,Tacheur
mr,Tairente
mr,Taizennt
mr,Taïzent
mr,Takoutala
mr,Takoutala
mr,Takoutalla
mr,Talhâya
mr,Tamchakett
mr,Tamchekett
mr,Tamchaket
mr,Tamchekket
mr,Tamxat
mr,Tamzak
mr,Tamzakt
mr,Tanaha
mr,Tânît
mr,Tanoudert
mr,Tanoutalla
mr,Taringuel
mr,Tassota Baréné
mr,Tassota Botokolo
mr,Tata
mr,Tchéra Idobilat
mr,Tchéra Oulad El Faghi
mr,Tchéra Oulad el Fagui
mr,Tchéra Rouissa
mr,Tchéra Rwisa
mr,Téguel Wézé
mr,Teïdouma el Makha
mr,Teïzir
mr,Tèjékent
mr,Ténoudérit
mr,Tentane
mr,Terbékou
mr,Terjit
mr,Tessèm
mr,Testaï
mr,Tétiane
mr,Tétiane
mr,Thiong
mr,Tialé
mr,Tialgou
mr,Tiango Nioro
mr,Tiali
mr,Tîchilît Aganataya
mr,Tîchilît Ahel Baba
mr,Tichïlite Aganataya
mr,Tichilite Ahel Baba
mr,Tîchilît el Hradem
mr,Tîchilît el Hradem
mr,Tîchilît el Khâdem
mr,Tîchilît el Khâdem
mr,Tîchilît el Kountaoui
mr,Tîchît
mr,Tichitt
mr,Tidé
mr,Tidjikdja
mr,Tidjikja
mr,Tiékane
mr,Tiénel
mr,Tiénidébé
mr,Tiguent
mr,Tiguéré
mr,Tijikja
mr,Tikattane
mr,Tikattan
mr,Tilla
mr,Timbedgha
mr,Timbédra
mr,Timébédra
mr,Tindé
mr,Tinéto Koba
mr,Tingal
mr,Tingoumba
mr,Tinteïna
mr,Tiong
mr,Tioyékit
mr,Tisent
mr,Tishit
mr,Tjadi
mr,Tjidé
mr,Toéil
mr,Tombéré Djingué
mr,Tombéré Guindé
mr,Toringuel
mr,Toueïl
mr,Touémirt el Gouazi
mr,Touf
mr,Tougouba
mr,Touil
mr,Touïmert-el-Bèra
mr,Touîmert Lbèra
mr,Touimrat
mr,Touimratt
mr,Toukobra
mr,Touldé Boussobé
mr,Touléli
mr,Toulel
mr,Toulé
mr,Toumbaré
mr,Toumbéré Djingé
mr,Toumbéré Djingué
mr,Toumbou
mr,Toumiat
mr,Toungad
mr,Tounguen
mr,Tourimé Magia
mr,Tourimé
mr,Tourimé Yaka
mr,Traif
mr,Tyoyékit
mr,Ualata
mr,Vane Vane
mr,Vélidiaré
mr,Vèndou Diabi
mr,Vannvane
mr,Vénédou Séno
mr,Vindé Aboïdi
mr,Vindé Aïré
mr,Vindé Guibi
mr,Vindé Haïré
mr,Vindé Lélel
mr,Vindé Mbordi
mr,Vindétilé
mr,Vindi Boké
mr,Vinding
mr,Vindou Goumi
mr,Vinndé Aboïdi
mr,Vourodialo
mr,Walata
mr,Wali
mr,Wéringuel
mr,Windé Mbordi
mr,Wiwatt
mr,Wolé
mr,Wompou
mr,Woumpou
mr,Yama
mr,Yèngi
mr,Yèngui
mr,Yéni
mr,Yéro Djibel
mr,Yiama
mr,Youmane Yiré
mr,Zaïnat
mr,Zegueha
mr,Zénégué Bou
mr,Zénégué Maures
mr,Zénégué Maure
mr,Zénégué Toucouleur
mr,Ziouaz
mr,Ziwaz
mr,Zoueïratt
mr,Zouérate
mr,Zouérat
mr,Zouîrât
mr,Zréf
mr,Zreïf el Azra
mr,Zreïg
