ms,Amersham
ms,Baker Hill
ms,Bank Level
ms,Banks
ms,Beech Hill
ms,Bethel
ms,Black Ghaut Basin
ms,Bramble
ms,Bransby
ms,Cavalla Hill
ms,Cheapend
ms,Cork Hill
ms,Cork Hill Village
ms,Cudjoe Head
ms,Cudjoehead Village
ms,Cuojoe Head
ms,Dagenham
ms,Davy Hill
ms,Dick Hill
ms,Delvins
ms,Drummond's
ms,Duberry Hill
ms,Dyer's
ms,Fairfield
ms,Farm
ms,Farm Village
ms,Fleming
ms,Fogarty
ms,Fox's Bay
ms,Frith
ms,Gages
ms,Gerald's Bottom
ms,Gerald's
ms,Gingoes
ms,Glen Mhor
ms,Gun Hill
ms,Happy Hill
ms,Harris
ms,Harris Village
ms,Harris' Village
ms,Hodge's Hill
ms,Hope
ms,Iles Bay
ms,Jubilee Town
ms,Judy Piece
ms,Kinsale
ms,Kinsale Village
ms,Lee's
ms,Lees Village
ms,Long Ground
ms,Long Ground Village
ms,Mango Hill
ms,Marko Bottom
ms,Molyneux
ms,Morris'
ms,Nixons
ms,Old Norwood
ms,Old Towne
ms,Olveston
ms,Parsons
ms,Plymouth
ms,Pond Bottom
ms,Rendezvous
ms,Rendezvous Village
ms,Richmond Hill
ms,Richmond
ms,Roche's Yard
ms,Rocklands
ms,Ryners
ms,Saint George's Hill
ms,Saint John
ms,Saint John's
ms,Saint John's Village
ms,Saint Patrick's
ms,Saint Patrick's Village
ms,Saint Peters
ms,Saint Peter's Village
ms,Salem
ms,Shooters Hill
ms,Soldier Ghaut
ms,Spanish Point
ms,Streatham
ms,Trant's
ms,Trials
ms,Tuitt's
ms,Victoria
ms,Virgin Island
ms,Webbs
ms,Weekes
ms,Windy Hill
ms,Woodlands
ms,Zion Hill
