nz,Abbotsford
nz,Adams Flat
nz,Addington
nz,Admiralty Bay
nz,Ahaura
nz,Ahikiwi
nz,Ahimia
nz,Ahipara
nz,Ahititi
nz,Ahuiti
nz,Ahurangi
nz,Ahuriri
nz,Ahuriri Village
nz,Ahuroa
nz,Aickens
nz,Aka Aka
nz,Akatore
nz,Akerama
nz,Akitio
nz,Albany
nz,Albert Road
nz,Albert Town
nz,Albury
nz,Alford Forest
nz,Alfredton
nz,Algies Bay
nz,Allandale
nz,Allanton
nz,Allerton
nz,Alma
nz,Altimarloch
nz,Altimarlock
nz,Alton
nz,Amberley
nz,Amodeo
nz,Amodeo Bay
nz,Anama
nz,Annat
nz,Aohanga
nz,Aokautere
nz,Aongatete
nz,Aorere
nz,Aotea
nz,Aotuhia
nz,Aparima
nz,Apata
nz,Apiti
nz,Appleby
nz,Arahura
nz,Arai Point
nz,Aramiro
nz,Aramoana
nz,Aramoho
nz,Aranga
nz,Aranui
nz,Arapae
nz,Arapito
nz,Arapohue
nz,Arapuni
nz,Ararata
nz,Ararimu
nz,Aratapu
nz,Arcadia
nz,Ardlussa
nz,Ardmore
nz,Ardmore College
nz,Argyll East
nz,Aria
nz,Ariki
nz,Aropaki
nz,Arthur Pass
nz,Arthur's Pass
nz,Arthurs Point
nz,Arthurton
nz,Arundel
nz,Ashhurst
nz,Ashley
nz,Ashley Bank
nz,Ashley Clinton
nz,Ashton
nz,Ashwick Flat
nz,Ataahua
nz,Atapo
nz,Atarau
nz,Atawhai
nz,Atene
nz,Athenree
nz,Athol
nz,Atiamuri
nz,Atiamuri Bridge
nz,Auckland
nz,Aukopae
nz,Auroa
nz,Autawa
nz,Avondale
nz,Avondale
nz,Awaawakino
nz,Awahuri
nz,Awa-iti
nz,Awakaponga
nz,Awakeri
nz,Awakino
nz,Awamangu
nz,Awamarino
nz,Awamoko
nz,Awamunga
nz,Awanui
nz,Awapiri
nz,Awaroa
nz,Awarua
nz,Awarua Plains
nz,Awatea
nz,Awatoto
nz,Awatuna
nz,Awhitu
nz,Awhitu Central
nz,Aylesbury
nz,Babylon
nz,Bainesse
nz,Bainham
nz,Balcairn
nz,Balclutha
nz,Balfour
nz,Ballance
nz,Bankside
nz,Bannockburn
nz,Barnego
nz,Barnego Flat
nz,Barrhill
nz,Barrys Bay
nz,Barrytown
nz,Bartlett
nz,Bartlett's
nz,Bastings
nz,Batley
nz,Baton
nz,Bayleys Beach
nz,Baylys Beach
nz,Bayswater
nz,Bay View
nz,Beachlands
nz,Bealey
nz,Beaumont
nz,Beautiful Valley
nz,Becks
nz,Belfast
nz,Belgrove
nz,Bell Block
nz,Bell Hill
nz,Bells
nz,Belmont
nz,Bendigo
nz,Benhar
nz,Benmore
nz,Benmore Stream
nz,Bennets
nz,Bennetts
nz,Berhampore
nz,Berlins
nz,Berwen
nz,Berwick
nz,Bethlehem
nz,Bexley
nz,Bideford
nz,Big Omaha
nz,Birchfield
nz,Birch Grove
nz,Birch Hill
nz,Birchwood
nz,Blackball
nz,Blackburn
nz,Blackpool
nz,Blacks Point
nz,Blackstone Hill
nz,Blackwater
nz,Blind River
nz,Blueskin
nz,Bluespur
nz,Blue Spur
nz,Bluff
nz,Bog Roy
nz,Bombay
nz,Bortons
nz,Braeburn
nz,Brighams Creek
nz,Brighton
nz,Brightwater
nz,Broad Bay
nz,Broadwood
nz,Bromley
nz,Brooklyn
nz,Brookside
nz,Broughton Bay
nz,Browns Bay
nz,Browns
nz,Bruce Bay
nz,Brunnerton
nz,Brunswick
nz,Bruntwood
nz,Brydone
nz,Buckland
nz,Bull Creek
nz,Bulls
nz,Bulls Town District
nz,Bunnythorpe
nz,Buried Village
nz,Burkes Pass
nz,Burnham
nz,Burnside
nz,Burwood
nz,Bush Gully
nz,Caberfeidh
nz,Cable Bay
nz,Cairnbrae
nz,Cambrian
nz,Camden
nz,Camerons
nz,Campbells Bay
nz,Canvastown
nz,Cape Runaway
nz,Cardiff
nz,Cardrona
nz,Care
nz,Carew
nz,Carnarvon
nz,Carswells
nz,Carters Beach
nz,Carters Mill
nz,Cashmere
nz,Cashmere Hills
nz,Cass
nz,Castlecliff
nz,Castle Hill
nz,Castlepoint
nz,Cave
nz,Caversham
nz,Centre Bush
nz,Chaneys
nz,Charing Cross
nz,Charleston
nz,Charlton
nz,Charwell Forks
nz,Chaslands
nz,Chatto Creek
nz,Chatton
nz,Chelsea
nz,Cheltenham
nz,Chertsey
nz,Chesterfield
nz,Cheviot
nz,Chorlton
nz,Christchurch
nz,Churchill
nz,Clandeboye
nz,Claremont
nz,Clarence
nz,Clarendon
nz,Clareville
nz,Clarke's
nz,Clarks
nz,Clarks Junction
nz,Clarksville
nz,Clarkville
nz,Claudelands
nz,Clearburn
nz,Clevedon
nz,Clifden
nz,Cliff Road
nz,Clifton
nz,Clinton
nz,Clive
nz,Closeburn
nz,Clyde
nz,Clydevale
nz,Coal Creek
nz,Coal Creek Flat
nz,Coalgate
nz,Coatesville
nz,Cobden
nz,Colac Bay
nz,Colac
nz,Collingwood
nz,Colville
nz,Colyton
nz,Conical Hill
nz,Conical Hills
nz,Coopers Creek
nz,Corbyvale
nz,Corinth
nz,Cormacks
nz,Coroglen
nz,Coromandel
nz,Courtenay
nz,Coutts Island
nz,Cowes
nz,Craigieburn
nz,Crail Bay
nz,Creighton
nz,Cricklewood
nz,Crofton
nz,Cronadun
nz,Cross Creek
nz,Crushington
nz,Culverden
nz,Cunninghams
nz,Cust
nz,Dacre
nz,Dairy Flat
nz,Dalefield
nz,Darfield
nz,Dargaville
nz,Dashwood
nz,Dawson Falls
nz,Dawson Gate
nz,Days Bay
nz,Deborah
nz,Deep Creek
nz,Denniston
nz,Devenport
nz,Dipton
nz,Dobson
nz,Domett
nz,Donnellys Crossing
nz,Dorie
nz,Douglas
nz,Dovedale
nz,Doyleston
nz,Driving Creek
nz,Dromore
nz,Drummond
nz,Drury
nz,Drybread
nz,Dumbarton
nz,Dunback
nz,Dunedin
nz,Dunrobin
nz,Dunsandel
nz,Duntroon
nz,Duvauchelle
nz,Duvauchelles
nz,Ealing
nz,Earnscleugh
nz,Earnscleugh Settlement
nz,Eastbourne
nz,East Cape
nz,East Chatton
nz,East End
nz,Eastern Bush
nz,East Taieri
nz,East Takaka
nz,East Tamaki
nz,Edendale
nz,Edendale Town District
nz,Edgecumbe
nz,Edievale
nz,Egmont Village
nz,Eiffelton
nz,Elgin
nz,Ellesmere
nz,Elsthorpe
nz,Eltham
nz,Endeavour Inlet
nz,Enfield
nz,Erehwon
nz,Erina
nz,Erua
nz,Eskdale
nz,Esk Valley
nz,Ethelton
nz,Eureka
nz,Evansdale
nz,Evans Flat
nz,Eyre Creek
nz,Fabians Valley
nz,Fairburn
nz,Fairdown
nz,Fairfax
nz,Fairfield
nz,Fairlie
nz,Fairton
nz,Fairview
nz,Favona
nz,Fendalton
nz,Fergusons
nz,Fern Flat
nz,Fernhill
nz,Fernleigh
nz,Fernside
nz,Fitzroy
nz,Five Rivers
nz,Flagstaff
nz,Flaxton
nz,Flemington
nz,Flints Bush
nz,Fordell
nz,Forsyth
nz,Fort Galatea
nz,Fortrose
nz,Foxhill
nz,Foxton Beach
nz,Foxton
nz,Frankton
nz,Frankton Junction
nz,Frankton Wharf
nz,Franz Josef
nz,Franz Josef Glacier
nz,Frasertown
nz,French Farm
nz,Freshford
nz,Fruitlands
nz,Galloway
nz,Garston
nz,Gate Pa
nz,Georgetown
nz,Gibbston
nz,Gimmerburn
nz,Gisborne
nz,Gladstone
nz,Glen Afton
nz,Glenavy
nz,Glenbrook
nz,Glencoe
nz,Glendhu
nz,Glenduan
nz,Glen Eden
nz,Glen Eden Town District
nz,Glenfield
nz,Glengarry
nz,Glenham
nz,Glenhope
nz,Gleniti
nz,Glenkenich
nz,Glenledi
nz,Glenlee
nz,Glen Murray
nz,Glenomaru
nz,Glenorchy
nz,Glenore
nz,Glen Oroua
nz,Glenorve
nz,Glenpark
nz,Glenroy
nz,Glentanner
nz,Glentunnel
nz,Glinkes Gully
nz,Glinks Gully
nz,Glorit
nz,Golden Downs
nz,Goldsboro
nz,Goldsborough
nz,Goodwood
nz,Goose Bay
nz,Gordon
nz,Gordonton
nz,Gorge Road
nz,Gowanbridge
nz,Gracefield
nz,Grahams Beach
nz,Granity
nz,Greatford
nz,Greenfield
nz,Greenhills
nz,Greenhithe
nz,Greenmeadows
nz,Greenpark
nz,Greenstone
nz,Greenvale
nz,Green Valley
nz,Greerton
nz,Greville Harbour
nz,Greymouth
nz,Grove Bush
nz,Grove
nz,Grovetown
nz,Gummies Bush
nz,Guthrie
nz,Haast
nz,Hackthorne
nz,Hairini
nz,Hakahaka
nz,Hakaru
nz,Hakataramea
nz,Hakatere
nz,Halcombe
nz,Haldane
nz,Half-moon Bay
nz,Halfway Bush
nz,Halkett
nz,Halkett Town
nz,Halswell
nz,Hamilton Bay
nz,Hamilton City
nz,Hamilton
nz,Hampden
nz,Hamurana
nz,Hamurana Springs
nz,Hangatiki
nz,Hanmer
nz,Hanmer Springs
nz,Hapuku
nz,Harapepe
nz,Harewood
nz,Harewood Settlement
nz,Harihari
nz,Haruru
nz,Hastings
nz,Hastwell
nz,Hastwells
nz,Hataitai
nz,Hatfield
nz,Hatuma
nz,Haumoana
nz,Haunui
nz,Hautapu
nz,Hauturu
nz,Hauwai
nz,Havelock
nz,Havelock North
nz,Havelock North Town District
nz,Havelock Suburban
nz,Havelock Town District
nz,Hawarden
nz,Hawea Flat
nz,Hawera
nz,Hawkeswood
nz,Hawkins
nz,Hawkswood
nz,Haywards
nz,Hazelburn
nz,Hazletts
nz,Heathcote
nz,Heathcote Valley
nz,Hector
nz,Heddon Bush
nz,Hedgehope
nz,Helena Bay
nz,Helvetia
nz,Henley
nz,Herbert
nz,Herbertville
nz,Herekino
nz,Herepo
nz,Heretaunga
nz,Heriot
nz,Herne Bay
nz,Herriot
nz,Hicks Bay
nz,Highbank
nz,Highcliffe
nz,Highcliff
nz,Hihitahi
nz,Hikuai
nz,Hikumutu
nz,Hikurangi
nz,Hikurangi Town District
nz,Hikutaia
nz,Hilderthorpe
nz,Hillend
nz,Hillersden
nz,Hillgrove
nz,Hillsborough
nz,Hilton
nz,Himatangi
nz,Hinahina
nz,Hinakura
nz,Hindon
nz,Hindon Railway
nz,Hinds
nz,Hinerua
nz,Hinuera
nz,Hira
nz,Hirstfield
nz,Hiruharama
nz,Hiwipango
nz,Hobsonville
nz,Ho Ho
nz,Hohonu
nz,Hokio
nz,Hokitika
nz,Hokonui
nz,Homai
nz,Homedale
nz,Homewood
nz,Honikiwi
nz,Hook
nz,Hope
nz,Hopelands
nz,Horeke
nz,Hornby
nz,Horndon
nz,Horoeke
nz,Horoera
nz,Horopito
nz,Hororata
nz,Horotiu
nz,Horrelville
nz,Horseshoe Bend
nz,Hoteo
nz,Houhora
nz,Houipapa
nz,Houpoto
nz,Houto
nz,Howard
nz,Howard Junction
nz,Howick
nz,Howick Town District
nz,Huapai
nz,Huarau
nz,Huatoki
nz,Huhuka
nz,Huia
nz,Huinga
nz,Huirangi
nz,Huiroa
nz,Hukanui
nz,Hukapapa
nz,Hukarere
nz,Hukerenui
nz,Humphreys
nz,Humua
nz,Hundalee
nz,Hunter
nz,Hunterville
nz,Hunterville Town District
nz,Hunts Road
nz,Hunua
nz,Hurleyville
nz,Huruiki
nz,Hyde
nz,Idaburn Valley
nz,Ida Valley
nz,Ikamatua
nz,Ikawai
nz,Inaha
nz,Inangahua Camp
nz,Inangahua
nz,Inangahua Junction
nz,Inangahua Landing
nz,Inchbonnie
nz,Invercargill
nz,Irwell
nz,Isla Bank
nz,Island Bay
nz,Island Block
nz,Island Cliff
nz,Jackson
nz,Jacksons
nz,Jamestown
nz,Jerusalem
nz,Johnsonville
nz,Johnsonville Town District
nz,Johnstone
nz,Johnstone's
nz,Jordan
nz,Judgeford
nz,Kaawa
nz,Kaeaea
nz,Kaeo
nz,Kaharoa
nz,Kahuika
nz,Kahutara
nz,Kaiaka
nz,Kaiata
nz,Kaiaua
nz,Kaihere
nz,Kaihiku
nz,Kaihinu
nz,Kaihu
nz,Kai Iwi Beach
nz,Kai Iwi
nz,Kaikarangi
nz,Kaikora
nz,Kaikou
nz,Kaikoura
nz,Kaikoura Suburban
nz,Kaimai
nz,Kaimata
nz,Kaimaumau
nz,Kaimiro
nz,Kaingapai Hakataramea Station
nz,Kaingapai
nz,Kaingaroa
nz,Kaipaki
nz,Kaipara Flat
nz,Kaipara Flats
nz,Kairanga
nz,Kairara
nz,Kairua
nz,Kairuru
nz,Kaitangata
nz,Kaitaratahi
nz,Kaitawa
nz,Kaitieke
nz,Kaitoke
nz,Kaituna
nz,Kaiuma
nz,Kaiwaka
nz,Kaiwarawara
nz,Kaiwarra
nz,Kaiwhara
nz,Kaiwharawhara
nz,Kakahi
nz,Kakahu Bush
nz,Kakanui
nz,Kakapo Bay
nz,Kaka Point
nz,Kakapotahi
nz,Kakapuaka
nz,Kakaramea
nz,Kakatahi
nz,Kamahi
nz,Kamaka
nz,Kamo
nz,Kamo Town District
nz,Kaniere
nz,Kanieri
nz,Kanohi
nz,Kapara
nz,Kaponga
nz,Kaponga Town District
nz,Kapowai
nz,Kapuka
nz,Kapuni
nz,Karamea
nz,Karamu
nz,Karangahake
nz,Karangarua
nz,Karekare
nz,Karetu
nz,Karewa
nz,Karewarewa
nz,Karioi
nz,Karitane
nz,Karori
nz,Kartigi
nz,Katea
nz,Katikati
nz,Katiki
nz,Kauaeranga
nz,Kauangaroa
nz,Kauhoe
nz,Kaukapakapa
nz,Kaupokonui
nz,Kauri
nz,Kauroa
nz,Kauru Hill
nz,Kauwhata
nz,Kawakawa
nz,Kawakawa Town District
nz,Kawatiri
nz,Kawau Island
nz,Kaweku
nz,Kawerau
nz,Kawhia
nz,Kawhia Town District
nz,Kawiti
nz,Kekerangu
nz,Kekerengu
nz,Kelburn
nz,Kelchers
nz,Kelso
nz,Kelvin Grove
nz,Kenana
nz,Kenepuru Head
nz,Kennedys Bay
nz,Kennington
nz,Kent Road
nz,Kerepeehi
nz,Kerepehi
nz,Kereta
nz,Kerikeri Inlet
nz,Kerikeri
nz,Kerrytown
nz,Khandallah
nz,Kihikihi
nz,Kihikihi Town District
nz,Kikiwa
nz,Kilbirnie
nz,Killinchy
nz,Kimbell
nz,Kimbolton
nz,Kimihia
nz,Kingsdown
nz,Kingston
nz,Kinikini
nz,Kinleith
nz,Kinloch
nz,Kinohaku
nz,Kioreroa
nz,Kirikau
nz,Kirikopuni
nz,Kirikopunui
nz,Kiripaka
nz,Kiritaki
nz,Kiritehere
nz,Kirwee
nz,Kiteroa
nz,Kiwi
nz,Kiwitahi
nz,Kiwitea
nz,Knapdale
nz,Kohekohe
nz,Kohukohu
nz,Kohukohu Town District
nz,Kohumaru
nz,Kohuratahi
nz,Koiterangi
nz,Kokakoriki
nz,Kokapo
nz,Kokatahi
nz,Kokiri
nz,Kokonga
nz,Kokopu
nz,Komako
nz,Komakorau
nz,Komata
nz,Komata North
nz,Komiti
nz,Kongahu
nz,Konini
nz,Kononi
nz,Kopaki
nz,Kopua
nz,Kopuaranga
nz,Kopuawhara
nz,Kopu
nz,Kopuku
nz,Kopuriki
nz,Koputaroa
nz,Koraki
nz,Korakonui
nz,Korere
nz,Korere Valley
nz,Koriniti
nz,Korito
nz,Korokoro
nz,Koromiko
nz,Kororareka
nz,Kotemaori
nz,Kotuku
nz,Koutu
nz,Kowai Bush
nz,Kowhatu
nz,Kowhitirangi
nz,Kuaotunu
nz,Kumeroa
nz,Kumeu
nz,Kuri Bush
nz,Kurow
nz,Kyeburn Diggings
nz,Kyeburn
nz,Kyle
nz,Ladbrooks
nz,Lady Barkley
nz,Lady Barkly
nz,Laghmor
nz,Lagmhor
nz,Lake Coleridge
nz,Lake Kaniere
nz,Lake Kanieri
nz,Lake Ohia
nz,Lake Pukaki
nz,Lake Rotoiti
nz,Lake Rotoroa
nz,Lake Tekapo
nz,Langridge
nz,Lauder
nz,Lauriston
nz,Leamington
nz,Leamington Town District
nz,Le Bons Bay
nz,Leeston
nz,Leeston Town District
nz,Lee Stream
nz,Leigh
nz,Leithfield
nz,Lepperton
nz,Lethbridge
nz,Levels
nz,Levin
nz,Limehills
nz,Lincoln
nz,Linden
nz,Lindis Crossing
nz,Lindis Pass
nz,Linkwater
nz,Linton
nz,Linwood
nz,Lismore
nz,Little Akaloa
nz,Little River
nz,Little Wanganui
nz,Livingstone
nz,Loburn
nz,Lochiel
nz,Longbeach
nz,Longburn
nz,Longbush
nz,Longford
nz,Long Gully
nz,Longridge
nz,Longs Beach
nz,Longwood
nz,Lorne
nz,Lorneville
nz,Lovells Flat
nz,Lowburn Bridge
nz,Lowburn Ferry
nz,Lowburn
nz,Lowcliffe
nz,Lowcliff
nz,Lower Hutt City
nz,Lower Hutt
nz,Lower Kaimai
nz,Lower Kohumaru
nz,Lower Kokatahi
nz,Lower Moutere
nz,Lower Nevis
nz,Lower Shotover
nz,Lower Waiawa
nz,Lowgarth
nz,Lowther
nz,Luggate
nz,Lumsden
nz,Lumsden Town District
nz,Lyalldale
nz,Lyell
nz,Lyndhurst
nz,Lynnford
nz,Mabel Bush
nz,Mabel School
nz,Macandrew Bay
nz,Macandrews Bay
nz,Macetown
nz,Mackaytown
nz,Mackenzie
nz,Maclennan
nz,Macraes Flat
nz,Macraes
nz,Maerewhenua
nz,Mahakipawa
nz,Mahana
nz,Mahanga Beach
nz,Mahanga
nz,Maharahara
nz,Maharakeke
nz,Maheno
nz,Mahers Creek
nz,Mahia Beach
nz,Mahia
nz,Mahitahi
nz,Mahoe
nz,Mahoenui
nz,Mahunga
nz,Mahurangi
nz,Mahuta
nz,Maihiihi
nz,Maimai
nz,Maina
nz,Mairangi Bay
nz,Mairoa
nz,Maitahi
nz,Maitland
nz,Makaraka
nz,Makarau
nz,Makaretu
nz,Makarewa Junction
nz,Makarewa
nz,Makarora
nz,Makarora Wharf
nz,Makauri
nz,Makeokeo
nz,Maketu
nz,Makikihi
nz,Makirikiri
nz,Makotuku
nz,Makuri
nz,Mamaku
nz,Mamaranui
nz,Manaia
nz,Manaia Town District
nz,Manakau
nz,Manapouri
nz,Manaroa
nz,Manawahe
nz,Manawaora
nz,Manawaroa
nz,Manawaru
nz,Manawatu Heads
nz,Mandeville
nz,Mandeville North
nz,Mangaiti
nz,Mangamahoe
nz,Mangamahu
nz,Mangamaire
nz,Mangamate
nz,Mangamauna
nz,Mangamaunu
nz,Mangamingi
nz,Mangamuka
nz,Mangamutu
nz,Mangaohutu
nz,Mangaone
nz,Mangaonoho
nz,Mangapai
nz,Mangapani
nz,Mangapurua
nz,Mangarata
nz,Mangaroa
nz,Mangatainoka
nz,Mangatangi
nz,Mangatarata
nz,Mangatawhiri
nz,Mangatiti
nz,Mangatoki
nz,Mangatua
nz,Mangatu
nz,Mangawai
nz,Mangaweka
nz,Mangaweka Town District
nz,Mangawhai
nz,Mangawhata
nz,Mangawhio
nz,Mangere
nz,Mangonui
nz,Mangorei
nz,Mangweka
nz,Maniatutu
nz,Manuka Creek
nz,Manukau City
nz,Manukau
nz,Manunui
nz,Manunui Town District
nz,Manutahi
nz,Manutuke
nz,Maori Point
nz,Mapiu
nz,Mapua
nz,Maraehoko
nz,Maraekakaho
nz,Maraeroa
nz,Maraetai
nz,Maraitara
nz,Marakeke
nz,Marakerake
nz,Maramarua
nz,Marangai
nz,Mararewa
nz,Mareretu
nz,Market Cross
nz,Marlow
nz,Marohemo
nz,Marokopa
nz,Maromaku
nz,Maropiu
nz,Marotiri
nz,Marsden
nz,Marsden Point
nz,Marshland
nz,Marua
nz,Maruia
nz,Maruia Springs
nz,Maruwenua
nz,Maruwhenua
nz,Masons Flat
nz,Massey Glen
nz,Masterton
nz,Mast
nz,Matahanea
nz,Matahina
nz,Matahiwi Landing
nz,Matahiwi
nz,Matahorua
nz,Matahura
nz,Matahuru
nz,Matainui
nz,Matakana
nz,Matakanui
nz,Matakitaki
nz,Matakohe
nz,Mata
nz,Matamau
nz,Matangi
nz,Matangirau
nz,Matapara
nz,Matapihi
nz,Matapouri
nz,Matapu
nz,Matarakau
nz,Matarawa
nz,Matariki
nz,Mataroa
nz,Matata
nz,Matatoki
nz,Matau
nz,Mataura Island
nz,Matauri Bay
nz,Matauwai
nz,Matawai
nz,Matawhero
nz,Matiere
nz,Matukuroa
nz,Mauku
nz,Maungaatua
nz,Maungakaramea
nz,Maungapohatu
nz,Maungatapere
nz,Maungatea Village
nz,Maungatiro
nz,Maungatua
nz,Maungaturoto
nz,Maungawera
nz,Mauriceville East
nz,Mauriceville
nz,Mauriceville West
nz,Mawaro
nz,Mawheraiti
nz,Maxwell
nz,Mayfield
nz,McKenzie
nz,Medbury
nz,Meeanee
nz,Mendip Hills
nz,Menzies Ferry
nz,Mercer
nz,Mercer Town District
nz,Meremere
nz,Merrijigs
nz,Merrivale
nz,Methven
nz,Middlemarch
nz,Midhirst
nz,Midhurst
nz,Mihiwaka
nz,Miko
nz,Milburn
nz,Millers Flat
nz,Millerton
nz,Milton
nz,Mina
nz,Mino
nz,Miramar
nz,Miranda
nz,Mirza
nz,Mission Bay
nz,Mitcham
nz,Mitimiti
nz,Mititai
nz,Moa Creek
nz,Moa Flat
nz,Moana
nz,Moanapuru
nz,Moanariri
nz,Moawhango
nz,Moeatoa
nz,Moeawatea
nz,Moemoto
nz,Moengawahine
nz,Moeraki
nz,Moerangi
nz,Moerewa
nz,Moeroa
nz,Mohaka
nz,Mokai
nz,Mokauiti
nz,Mokau
nz,Mokihinui Mine
nz,Mokihinui
nz,Mokoia
nz,Mokoreta
nz,Mokotua
nz,Molesworth
nz,Momahaki
nz,Momona
nz,Moneymore
nz,Moonlight
nz,Morere
nz,Morikau
nz,Mornington
nz,Morrisons
nz,Morton Mains
nz,Morven
nz,Mosgiel
nz,Mossburn
nz,Motairehe
nz,Motairere
nz,Motatau
nz,Moteo
nz,Motuhora
nz,Motukaraka
nz,Motukarara
nz,Motumaoho
nz,Motu
nz,Motunau
nz,Motunui
nz,Motupiko
nz,Motupipi
nz,Moturoa
nz,Moumahaki
nz,Mount Cargill
nz,Mount Linton
nz,Mount Maunganui
nz,Mount Pisa
nz,Mount Pleasant
nz,Mount Rex
nz,Mount Somers
nz,Mourea
nz,Mount Stoker
nz,Moutere
nz,Moutoa
nz,Moutohora
nz,Mowhanau
nz,Mowhiti
nz,Mullet Point
nz,Mungaroa
nz,Murapara
nz,Murchison
nz,Murimotu
nz,Muripara
nz,Muritai
nz,Muriwai Beach
nz,Muriwai
nz,Murumuru
nz,Murupara
nz,Myross Bush
nz,Napier City
nz,Napier
nz,Narrow Neck
nz,National Park
nz,Naumai
nz,Nelson City
nz,Nelson Creek
nz,Nelson
nz,Netherton
nz,Nevesville
nz,Nevis
nz,New Brighton
nz,Newcastle
nz,New Haven
nz,Newland
nz,Newman
nz,New Plymouth City
nz,New Plymouth
nz,Newstead
nz,Newton Flat
nz,Newton
nz,Ngaere
nz,Ngahauranga
nz,Ngahere
nz,Ngaio
nz,Ngakawau
nz,Ngakawhau
nz,Ngamoko
nz,Ngapara
nz,Ngapipito
nz,Ngapuhi
nz,Ngapuke
nz,Ngapuna
nz,Ngaro
nz,Ngaroto
nz,Ngataki
nz,Ngatapa
nz,Ngatea
nz,Ngatimoti
nz,Ngatira
nz,Ngaturi
nz,Ngauranga
nz,Ngawaro
nz,Ngawha
nz,Ngongotaha
nz,Ngunguru
nz,Ngutunui
nz,Ngutuwera
nz,Niagara
nz,Nightcaps
nz,Nightcaps Town District
nz,Nihoniho
nz,Nihotupu
nz,Nikau
nz,Nireaha
nz,Nokomai
nz,Normanby
nz,Normanby Town District
nz,Norsewood
nz,Northcote
nz,North East Valley
nz,North Head
nz,Northland
nz,North Loburn
nz,North Mount Egmont
nz,North Shore
nz,North Taieri
nz,Norwood
nz,Nuhaka
nz,Nukuhau
nz,Nukumaru
nz,Nukutawhiti
nz,Oakleigh
nz,Oakura
nz,Oaonui
nz,Oaro
nz,Oban
nz,Ocean Bay
nz,Ocean Beach
nz,Ocean Grove
nz,Oeo
nz,Ohaeawai
nz,Ohai
nz,Ohakea
nz,Ohangai
nz,Ohariu
nz,Ohau
nz,Ohaupo
nz,Ohaupo Town District
nz,Ohawe
nz,Ohinemutu
nz,Ohinepaka
nz,Ohinepanea
nz,Ohinewai
nz,Ohingaiti
nz,Ohingaroa
nz,Ohirangi
nz,Ohirehape
nz,Ohoka
nz,Ohope Beach
nz,Ohotu
nz,Ohautira
nz,Ohura
nz,Ohura Town District
nz,Oio
nz,Okahukua
nz,Okahukura
nz,Okahu
nz,Okaiawa
nz,Okaihau
nz,Okains Bay
nz,Okains
nz,Okaramio
nz,Okarito
nz,Okato
nz,Okauia
nz,Okau
nz,Okere Falls
nz,Okete
nz,Okiore
nz,Okiwi
nz,Okoia
nz,Okoke
nz,Okoki
nz,Okoroire
nz,Okukari
nz,Okupu
nz,Okuru
nz,Omahanui
nz,Omahu
nz,Omaio
nz,Omakau
nz,Omanaia
nz,Omana
nz,Omanawa Falls
nz,Omanawa
nz,Omapere
nz,Omarama
nz,Omata
nz,Omiha
nz,Omihi
nz,Omimi
nz,Omoana
nz,Omokoroa Beach
nz,Omokoroa
nz,Onaeroa
nz,Onaero
nz,Onairo
nz,Onamalutu
nz,Onapua
nz,Onauku
nz,Onekaka
nz,Onekawa
nz,Onerahi
nz,Onerahi Town District
nz,Oneroa
nz,Onetangi
nz,Onetea
nz,Onewhero
nz,Onga Onga
nz,Ongarue
nz,Oniao
nz,Opaheke
nz,Opapa
nz,Oparara
nz,Oparau
nz,Ophir
nz,Opio
nz,Opoiti
nz,Oponae
nz,Opononi
nz,Opotiki
nz,Opoutama
nz,Opoutere
nz,Opua
nz,Opuatia
nz,Opuawhanga
nz,Opunake
nz,Opunui Marae
nz,Oraka
nz,Orakei
nz,Orangapai
nz,Orangimea
nz,Oranoa
nz,Orari
nz,Oratia
nz,Ohawe Beach
nz,Orawia Bridge
nz,Orawia
nz,Orepuki
nz,Orere Point
nz,Oreti
nz,Oreti Plains
nz,Orewa
nz,Orini
nz,Ormond
nz,Ormondville
nz,Oroua Downs
nz,Orton
nz,Oropi
nz,Oruaiwi
nz,Oruanui
nz,Oruru
nz,Otahuti
nz,Otaio
nz,Otaitai
nz,Otakeho
nz,Otaki Beach
nz,Otaki
nz,Otakiri
nz,Otakou
nz,Otama
nz,Otamarakau
nz,Otamita
nz,Otane
nz,Otanerau
nz,Otangaroa
nz,Otangihaku
nz,Otanomomo
nz,Otapiri Gorge
nz,Otara
nz,Otarawao
nz,Otatara
nz,Otaua
nz,Otautau
nz,Otautau Town District
nz,Otekaieke
nz,Otekaike
nz,Otekura
nz,Otematata
nz,Otipua
nz,Otira
nz,Otiria
nz,Otokia
nz,Otoko
nz,Otonga
nz,Otoroa
nz,Otorohanga
nz,Otorohanga Town District
nz,Otuhi
nz,Otukou
nz,Otumoetai
nz,Oturehua
nz,Oue
nz,Ouruhia
nz,Outram
nz,Outram Town District
nz,Ouwenga
nz,Overdale
nz,Owaka
nz,Owaka Valley
nz,Owen Junction
nz,Owen River
nz,Owen Valley
nz,Owersby
nz,Owhango
nz,Owhiro
nz,Oxford
nz,Paekakariki
nz,Paemako
nz,Paengaroa
nz,Paerata
nz,Paerau
nz,Paeroa
nz,Paetawai
nz,Pahautane
nz,Pahautanui
nz,Pahautea
nz,Pahia
nz,Pahi
nz,Pahitoa
nz,Pahoia
nz,Pahowai
nz,Pah
nz,Paiaka
nz,Paihia
nz,Pakaraka
nz,Pakatoa
nz,Pakawau
nz,Pakihikura
nz,Pakihiroa
nz,Pakipaki
nz,Pakiri
nz,Pakotai
nz,Pakowhai
nz,Pakuranga
nz,Pakurangi
nz,Palmerston North City
nz,Palmerston North
nz,Pamapuria
nz,Pandora Bank
nz,Pandora
nz,Pangatotara
nz,Panguru
nz,Panmure
nz,Papakaio
nz,Papakura
nz,Papamoa
nz,Papanui
nz,Paparangi
nz,Paparata
nz,Paparata Valley
nz,Paparimu
nz,Paparoa
nz,Papatawa
nz,Papatotara
nz,Papatowai
nz,Paradise
nz,Parakai
nz,Parakakau
nz,Parakao
nz,Parakino Pa
nz,Parakino
nz,Paranui
nz,Paraoanui
nz,Para
nz,Parapara
nz,Paraparaumu Beach
nz,Paraparaumu
nz,Parau
nz,Parawa
nz,Paremata
nz,Parenga
nz,Pareora
nz,Pareora West
nz,Paremoremo
nz,Paretai
nz,Parihaka Pa
nz,Parihaka
nz,Parikino
nz,Park Hill
nz,Parkhurst
nz,Parkvale
nz,Parnassus
nz,Parnell
nz,Paroa
nz,Parore
nz,Parua Bay
nz,Patangata
nz,Patea
nz,Patearoa
nz,Patetonga
nz,Patoka
nz,Patuki
nz,Patumahoe
nz,Patunga
nz,Paturau River
nz,Patutahi
nz,Patutahi Town District
nz,Pauanui
nz,Paua
nz,Pauatahanui
nz,Pawarenga
nz,Peebles
nz,Peel Forest
nz,Pehiri
nz,Pehu
nz,Pembroke
nz,Penrose
nz,Pepepe
nz,Peria
nz,Petane
nz,Petane
nz,Petone
nz,Phoebe
nz,Piako
nz,Pigeon Bay
nz,Pigeon Bush
nz,Pihama
nz,Piha
nz,Pikiariki
nz,Piko Piko
nz,Pikowai
nz,Pine Bush
nz,Pine Valley
nz,Pinohia
nz,Piopio
nz,Pipiriki
nz,Pipiroa
nz,Piriaka
nz,Pirinoa
nz,Piripiri
nz,Pirongia
nz,Piruhi
nz,Pleasant Point
nz,Pleasant Point Town District
nz,Pleasant Valley
nz,Plimmerton
nz,Poerua
nz,Pohangina
nz,Pohokura
nz,Pohuehue
nz,Point Chevalier
nz,Point Resolution
nz,Pokaka
nz,Pokapu
nz,Pokeno
nz,Pokere
nz,Pokororo
nz,Pollok
nz,Pollok Settlement
nz,Pomahaka
nz,Pongahere
nz,Pongakawa
nz,Pongaroa
nz,Ponsonby
nz,Poolburn
nz,Popotunoa
nz,Porangahau
nz,Poranui
nz,Porirua Pa
nz,Porirua
nz,Porongahau
nz,Porootarao
nz,Poroporo
nz,Poroti
nz,Port Ahuriri
nz,Port Albert
nz,Port Awanui
nz,Port Chalmers
nz,Port Charles
nz,Port Craig
nz,Port Fitzroy
nz,Port Hardy
nz,Portland
nz,Port Molyneux
nz,Port Motueka
nz,Port Nelson
nz,Portobello
nz,Port Robinson
nz,Port Waikato
nz,Potters Creek
nz,Poukawa
nz,Poukiore
nz,Pounamu
nz,Pounawea
nz,Pouto
nz,Poutu
nz,Poutu
nz,Prebbleton
nz,Puaha
nz,Puahau
nz,Puaho
nz,Puerua
nz,Puha
nz,Puhau
nz,Puhoi
nz,Puhua
nz,Pukaki
nz,Pukapuka
nz,Pukearuhe
nz,Pukahu
nz,Pukeatua
nz,Pukeawa
nz,Pukehiki
nz,Pukehina
nz,Pukehou
nz,Pukehuia
nz,Pukeinoi
nz,Pukekapia
nz,Pukekohe East
nz,Pukekoikoi
nz,Pukekoma
nz,Pukekura
nz,Pukemaori
nz,Pukemiro Junction
nz,Pukemiro
nz,Pukenui
nz,Pukeowhare
nz,Pukerangi
nz,Pukerau
nz,Pukepito
nz,Pukeroa
nz,Pukerua Bay
nz,Puketapu
nz,Puketeraki
nz,Puketi
nz,Puketiro
nz,Puketitiri
nz,Puketona
nz,Puketotara
nz,Puketui
nz,Puketutu
nz,Pukeuri Junction
nz,Puk-kura
nz,Punakaiki
nz,Punakitere
nz,Punaroma
nz,Punaromia
nz,Punawai
nz,Punganui
nz,Pungarehu
nz,Puniho
nz,Puniwhakau
nz,Puponga
nz,Pupuke
nz,Purangi
nz,Purekireki
nz,Purerua
nz,Puriri
nz,Pusey
nz,Putangahau
nz,Putiki
nz,Putorino
nz,Puwera
nz,Pyramid
nz,Quarry Hills
nz,Queensberry
nz,Queensbury
nz,Queenstown
nz,Raes Junction
nz,Raglan
nz,Rahiri
nz,Rahotu
nz,Rai Falls
nz,Rai Valley
nz,Rakahouka
nz,Rakaia Gorge
nz,Rakaia
nz,Rakauhauka
nz,Rakau
nz,Rakauroa
nz,Rakautahi
nz,Rakautao
nz,Raketapauma
nz,Ramarama
nz,Ranfurly
nz,Ranganui
nz,Rangataua
nz,Rangiahua
nz,Rangikura
nz,Rangiotu
nz,Rangi Point
nz,Rangiputa
nz,Rangiriri
nz,Rangitaiki
nz,Rangitata Island
nz,Rangitata
nz,Rangitatau
nz,Rangitihi
nz,Rangitukia
nz,Rangiuru
nz,Rangiwaea Marae
nz,Rangiwahia
nz,Rakaunui
nz,Raorao
nz,Rapahoe
nz,Rapaki
nz,Rapanui
nz,Rapaura
nz,Rapuwai
nz,Ratana
nz,Ratanui
nz,Ratapiko
nz,Rata
nz,Rat Hill
nz,Raukokore
nz,Raumai
nz,Raumati Beach
nz,Raumati
nz,Raumati South
nz,Raupaki
nz,Raupo
nz,Raupunga
nz,Raurekau
nz,Raurimu
nz,Raurimu Spiral
nz,Ravensbourne
nz,Rawanui
nz,Rawene
nz,Rawene Town District
nz,Rawhiti
nz,Raymonds Gap
nz,Red Beach
nz,Redcliffs
nz,Redhill
nz,Red Vale
nz,Redwoods Valley
nz,Reefton
nz,Rehia
nz,Reidston
nz,Reikorangi
nz,Renown
nz,Renwick
nz,Renwicktown
nz,Reporoa
nz,Rere
nz,Rewanui
nz,Rewa
nz,Richmond
nz,Ridgelands
nz,Rimu
nz,Ringway
nz,Riponui
nz,Rissington
nz,Ritchie
nz,Riverhead
nz,Riverlea
nz,Riversdale
nz,Riverside
nz,Riwaka
nz,Riverton
nz,Roa
nz,Robinsons Bay
nz,Rock and Pillar
nz,Rocklands
nz,Rockville
nz,Rolleston
nz,Rongotea
nz,Rongahere
nz,Roslyn Bush
nz,Roslyn
nz,Rotherham
nz,Rotoiti
nz,Rotokawa
nz,Rotokino
nz,Rotokohu
nz,Rotomanu
nz,Rotongaro
nz,Roto
nz,Rotowaro
nz,Rotu
nz,Rouiti Pa
nz,Round Hill
nz,Rowan
nz,Rowsells
nz,Ruahine
nz,Ruakaka
nz,Ruapuke
nz,Ruapuna
nz,Ruatahuna
nz,Ruatangata East
nz,Ruatangata
nz,Ruatangata West
nz,Ruataniwha
nz,Ruatapu
nz,Ruatoki North
nz,Ruatoki
nz,Ruatoria
nz,Ruawai
nz,Ruawaro
nz,Rukuhia
nz,Rukuwai
nz,Runaruna
nz,Runciman
nz,Ruru
nz,Russell
nz,Russell Town District
nz,Rutherglen
nz,Ryal Bush
nz,Saies
nz,Saint Albans
nz,Saint Andrews
nz,Saint Arnaud
nz,Saint Bathans
nz,Saint Clair
nz,Saint Heliers
nz,Saint Kilda
nz,Saint Omer
nz,Saint Patricks
nz,Salisbury
nz,Sandy Bay
nz,Sandy Knolls
nz,Sanson
nz,Sawyers Bay
nz,Scargill
nz,Scotts Gap
nz,Seacliff
nz,Seadown
nz,Seafield
nz,Seatoun
nz,Seaward Downs
nz,Seddon
nz,Seddonville
nz,Sedgemere
nz,Sedonville
nz,Sefton
nz,Selwyn
nz,Sentry Hill
nz,Sergeants Hill
nz,Shag Point
nz,Sheffield
nz,Shenandoah
nz,Romahapa
nz,Sherwood Downs
nz,Sherry River
nz,Sherwood
nz,Silverdale
nz,Silverhope
nz,Silverstream
nz,Simons Pass
nz,Skippers
nz,Slope Point
nz,Somerton
nz,Southbridge
nz,Southbridge Town District
nz,Southbrook
nz,Southburn
nz,South Hillend
nz,South Malvern
nz,South Rakaia
nz,South Rangitata
nz,Spotswood
nz,Spreydon
nz,Springbank
nz,Springburn
nz,Spring Creek
nz,Springfield
nz,Spring Grove
nz,Springhills
nz,Springs Junction
nz,Springston South
nz,Springston
nz,Stafford
nz,Stanley Brook
nz,Stanmore Bay
nz,Staveley
nz,Stillwater Junction
nz,Stillwater
nz,Stirling
nz,Stockton
nz,Stoke
nz,Stoke
nz,Stoneburn
nz,Strachans
nz,Strathmore
nz,Straun
nz,Stuarts
nz,Studholme Junction
nz,Summer
nz,Summit
nz,Surfdale
nz,Sutherlands
nz,Sutton
nz,Swannanoa
nz,Swanson
nz,Sydenham
nz,Tadmor
nz,Sutherland
nz,Taemaro
nz,Tahatika
nz,Tahawai
nz,Tahekeroa
nz,Taheke
nz,Tahere
nz,Tahakopa
nz,Tahoraite
nz,Tahoraiti
nz,Tahorakui
nz,Tahorakuri
nz,Tahora
nz,Tahunanui
nz,Tahuna
nz,Taieri Beach
nz,Taieri Mouth
nz,Taieri
nz,Taikawhana
nz,Taimate
nz,Taingaihe
nz,Tainui
nz,Taipa
nz,Taipuha
nz,Tairua
nz,Tai Tapu
nz,Taioma
nz,Taita
nz,Taitimu
nz,Takaanini
nz,Takahiwai
nz,Takahue
nz,Takaka
nz,Takaka Town District
nz,Takamatua Bay
nz,Takamatua
nz,Takanini
nz,Takapau
nz,Takapuna
nz,Takitahuna
nz,Takou
nz,Takutai
nz,Tamahere
nz,Tamihunu
nz,Taneatua
nz,Tanekaha
nz,Tane
nz,Tangaihe
nz,Tangarakau
nz,Tangimoana
nz,Tangiteroria
nz,Tangitu
nz,Tangiwai
nz,Tangoio
nz,Tangowahine
nz,Taniwha
nz,Tapawera
nz,Tapuhi
nz,Tapu
nz,Tapuwae
nz,Taradale
nz,Taradale Town District
nz,Tarakohe
nz,Taramakau
nz,Taranui
nz,Tarara
nz,Tarata
nz,Taraunui
nz,Tarawera
nz,Tarewa
nz,Tariki
nz,Taringamotu
nz,Tarras
nz,Tarukenga
nz,Tarurutangi
nz,Tasman
nz,Tataraimaka
nz,Tataramoa
nz,Tatare
nz,Tatuanui
nz,Tatu
nz,Taueru
nz,Tauhoa
nz,Taumangi
nz,Taumarere
nz,Taumatatahi
nz,Taumata
nz,Taumutu
nz,Taupahi
nz,Taupaki
nz,Taupiri
nz,Taupo
nz,Taupo Town District
nz,Tauranga
nz,Tauraroa
nz,Taurikura
nz,Tautoro
nz,Tautuku
nz,Tauweru
nz,Tauwhare
nz,Tawa Flat
nz,Tawa Flat Town District
nz,Tawai
nz,Tawanui
nz,Tawhai
nz,Tawharanui
nz,Tawhiti
nz,Tawhiwhi
nz,Tawiti
nz,Taylorville
nz,Te Ahuahu
nz,Te Akatea
nz,Te Akau
nz,Te Anau
nz,Te Anga
nz,Te Arai
nz,Te Araroa
nz,Te Aroha West
nz,Te Atatu
nz,Te Aute
nz,Te Awaiti
nz,Te Awanga
nz,Teddington
nz,Te Hana
nz,Te Hapua
nz,Te Haroto
nz,Te Hauke
nz,Te Hoe
nz,Te Horo
nz,Te Huia
nz,Te Kaha
nz,Te Kaiwhata
nz,Te Kao
nz,Tekapo
nz,Te Kapu
nz,Te Karaka
nz,Te Karaka Town District
nz,Te Kauwhata
nz,Te Kauwhata Town District
nz,Te Kawa
nz,Te Kinga
nz,Te Kiri
nz,Te Kohanga
nz,Te Kopura
nz,Te Koroa
nz,Te Kowhai
nz,Te Kuha
nz,Te Maika
nz,Te Mapara
nz,Te Mata
nz,Te Mawhai
nz,Te Miro
nz,Te Moana
nz,Te Moari
nz,Templeton
nz,Te Namu
nz,Te Paki
nz,Te Pangu
nz,Te Papatapu
nz,Tepene
nz,Te Pirita
nz,Te Pohue
nz,Te Poi
nz,Te Popo
nz,Te Puia Springs
nz,Te Puia
nz,Te Puna
nz,Te Puninga
nz,Te Pu
nz,Teramakau
nz,Te Ranga
nz,Te Rapaki-a-Te-Rangiwhakaputa
nz,Te Rapa
nz,Te Rauamoa
nz,Te Rawa
nz,Te Rehunga
nz,Te Rerenga
nz,Te Roti
nz,Te Rou
nz,Terrace End
nz,Terras
nz,Te Taho
nz,Te Tawa
nz,Te Tua
nz,Te Tumutu
nz,Te Uku
nz,Teviot Settlement
nz,Teviot
nz,Te Waewae
nz,Te Wairoa
nz,Te Waitere
nz,Te Waotu
nz,Te Weka
nz,Te Wera
nz,Te Whaiti
nz,Te Whanga
nz,Te Whetu
nz,The Forks
nz,Thames
nz,The Key of the Lakes
nz,The Key
nz,The Reefs
nz,Thornbury
nz,Thornton
nz,Thorpe
nz,Tiakitahuna
nz,Tihaka
nz,Tikinui
nz,Tikitere
nz,Tikokino
nz,Tikorangi
nz,Timaru City
nz,Timaru
nz,Tiniroto
nz,Tinline
nz,Tinopai
nz,Tinui
nz,Tinwald
nz,Tinwald Town District
nz,Tira-ora
nz,Tiraumea
nz,Tirau
nz,Tirohanga
nz,Tirohia
nz,Tiromaunga
nz,Tiromoana
nz,Tiroroa
nz,Tiro
nz,Tisbury
nz,Titahi Bay
nz,Titirangi
nz,Titiroa
nz,Titoki
nz,Ti-tree Point
nz,Toa
nz,Toatoa
nz,Toiro
nz,Tokaanu Junction
nz,Tokaanu
nz,Tokanui
nz,Tokarahi
nz,Tokata
nz,Tokatoka
nz,Tokirima
nz,Tokoiti
nz,Tokomaru Bay
nz,Tokomaru
nz,Tokomaru
nz,Tokorima
nz,Tokoroa
nz,Toko
nz,Tolaga Bay
nz,Tomahawk
nz,Tomoana
nz,Tongaporutu
nz,Tongariro Bridge
nz,Tongariro
nz,Topuni
nz,Torbay
nz,Torea
nz,Torehape
nz,Torere
nz,Tormore
nz,Totara Flat
nz,Totara North
nz,Totaranui
nz,Totaratahi
nz,Totara
nz,Towai
nz,Traquair
nz,Trentham
nz,Tryphena
nz,Tuahiwi
nz,Tuai
nz,Tuakau Town District
nz,Tuakau
nz,Tuamarina
nz,Tuamarino
nz,Tuapeka Flat
nz,Tuapeka Mouth
nz,Tuapeka West
nz,Tuatapere
nz,Tuatara
nz,Tuhara
nz,Tuhipa
nz,Tuhua
nz,Tui
nz,Tumahu
nz,Tuna
nz,Tuparoa
nz,Tupuangi
nz,Turakina South
nz,Turakina
nz,Turangi
nz,Turiapua
nz,Turiroa
nz,Turiwhate
nz,Turiwhati
nz,Turua
nz,Tussock Creek
nz,Tutaki
nz,Tutamoe
nz,Tutekehua
nz,Tutira
nz,Tutukaka
nz,Tuturau
nz,Tututawa
nz,Uia
nz,Umawera
nz,Umukuri
nz,Umutoi
nz,Upcot
nz,Upokongaro
nz,Upokonui
nz,Upokopoito
nz,Upper Kahui
nz,Upper Moutere
nz,Upper Papamoa
nz,Upper Rewanui
nz,Upper Ruatiti
nz,Upper Shotover
nz,Upper Takaka
nz,Upper Tauheru
nz,Upper Waiawa
nz,Upper Waiwera
nz,Urenui
nz,Urquharts Bay
nz,Urrall
nz,Ururua
nz,Uruti
nz,Uruwhenua
nz,Utakura
nz,Utiku
nz,Utuwai
nz,Uxbridge
nz,Valetta
nz,Venlaw
nz,Victoria Valley
nz,Waddington
nz,Wadestown
nz,Waerengaahika
nz,Waerengaokuri
nz,Waerenga
nz,Waharoa
nz,Waianakarua
nz,Waianiwa
nz,Waiareka Junction
nz,Waiariari
nz,Waiatarua
nz,Waiatoto
nz,Waiau Pa
nz,Waiau
nz,Waihaha
nz,Waihao Downs
nz,Waihao Forks
nz,Waihaorunga
nz,Waihapai
nz,Waiharara
nz,Waiharera
nz,Waihau Bay
nz,Waihemo
nz,Waihi Beach
nz,Waihi
nz,Waihoaka
nz,Waiho Gorge
nz,Waihola
nz,Waihopai
nz,Waihopo
nz,Waihou
nz,Wai-iti
nz,Waikaia
nz,Waikakaho
nz,Waikaka
nz,Waikanae
nz,Waikanai
nz,Waikaremoana
nz,Waikare
nz,Waikari
nz,Waikarua
nz,Waikawau
nz,Waikawa
nz,Waikiekie
nz,Waikino
nz,Waikiwi
nz,Waikohu
nz,Waikoikoi
nz,Waikokopu
nz,Waikopua
nz,Waikoukou
nz,Waikouro
nz,Waikowhai
nz,Waikuku Beach
nz,Waikuku
nz,Waimahaka
nz,Waimamaku
nz,Waimana
nz,Waimangaroa
nz,Waimangu
nz,Waimarama
nz,Waimarie
nz,Waimate North
nz,Waimatenui
nz,Waimatuku
nz,Waimauki
nz,Waimauku
nz,Waimaunga
nz,Waima
nz,Waimea
nz,Waimea West
nz,Waimiha
nz,Waimiro
nz,Waimumu
nz,Waingaro
nz,Waingona
nz,Wainihinihi
nz,Wainui Beach
nz,Wainui Farm
nz,Wainuiomata
nz,Wainuio
nz,Wainui
nz,Waiohiki
nz,Waione
nz,Waiongana
nz,Waiongona
nz,Waioreka Junction
nz,Waimata
nz,Waioruarangi
nz,Waiotahe
nz,Waiotahi
nz,Waiotapu
nz,Waiotemarama
nz,Waiotira
nz,Waiotu
nz,Waiouru
nz,Waipahi
nz,Waipai
nz,Waipaoa
nz,Waipapakauri
nz,Waipapa
nz,Waipara
nz,Waiparera
nz,Waipatiki
nz,Waipawa
nz,Waipera
nz,Waipiata
nz,Waipipi
nz,Waipiro Bay
nz,Waipiro
nz,Waipori Falls
nz,Waipori
nz,Waipounamu
nz,Waipu Cove
nz,Waipuku
nz,Waipuna
nz,Waipureko
nz,Waipu
nz,Wairakei
nz,Wairangi
nz,Wairata
nz,Wairau Valley
nz,Wairere Falls
nz,Wairio
nz,Wairoa
nz,Wairoto
nz,Wairuna
nz,Wairunga
nz,Waitaanga
nz,Waitahanui
nz,Waitahinga
nz,Waitahuna
nz,Waitahuna West
nz,Waitai
nz,Waitakaro
nz,Waitakaruru
nz,Waitakere
nz,Waitaki
nz,Waitane
nz,Waitangi
nz,Waitangi West
nz,Waitanguru
nz,Waitaniwha
nz,Waitara
nz,Waitarere
nz,Waitati
nz,Waitawa
nz,Waiteika
nz,Waitekauri
nz,Waitepeka
nz,Waiterimu
nz,Waitetuna
nz,Waitewhena
nz,Waitewhenua
nz,Waitoa
nz,Waitohi Flat
nz,Waitoitoi
nz,Waitomo Caves
nz,Waitomo
nz,Waitotara
nz,Waituna
nz,Waituna West
nz,Waiuku Town District
nz,Waiuku
nz,Waiuta
nz,Waiwera South
nz,Waiwera
nz,Waiwhio
nz,Waiwhiu
nz,Wakaia
nz,Wakanui
nz,Wakapatu
nz,Wakapuaka
nz,Wakarara
nz,Wakaremoana
nz,Wakatu
nz,Wakefield
nz,Wallacetown
nz,Wallaceville
nz,Wallingford
nz,Wallsend
nz,Walton
nz,Wanaka
nz,Wangaehu
nz,Wangaloa
nz,Wangamoa
nz,Wanganui
nz,Wangapara
nz,Wangapeka Valley
nz,Wangapeka
nz,Wangawai
nz,Wanstead
nz,Waotu
nz,Ward
nz,Warea
nz,Warepa
nz,Warkworth Town District
nz,Warkworth
nz,Warouru
nz,Waro
nz,Warrington
nz,Warwick Junction
nz,Washdyke
nz,Wataroa
nz,Waterton
nz,Waverley Town District
nz,Waverley
nz,Wayby
nz,Weber
nz,Wedderburn
nz,Weedons
nz,Weheka
nz,Wehenga
nz,Wekaweka
nz,Welds Hill
nz,Wellington
nz,Wellsford
nz,Welsford
nz,Wendonside
nz,Wendon Valley
nz,Wendon
nz,West End
nz,Westerfield
nz,Western Springs
nz,West Eyreton
nz,Westfield
nz,West Kyle
nz,Westlake
nz,West Melton
nz,Westmere
nz,Weston
nz,West Plains
nz,Westport
nz,Westshore
nz,Wetheral
nz,Weymouth
nz,Whakaangiangi
nz,Whakaea
nz,Whakahoro
nz,Whakaihuwaka
nz,Whakaki
nz,Whakamarama
nz,Whakamara
nz,Whakapara
nz,Whakapirau
nz,Whakarongo
nz,Whakatahuri
nz,Whakataki
nz,Whakatane
nz,Whakatiri
nz,Whakatu
nz,Whakekauri
nz,Whananaki South
nz,Whananaki
nz,Whangaehu
nz,Whangakoko
nz,Whangamarino
nz,Whangamata
nz,Whangamoa
nz,Whangamomona
nz,Whangamumu
nz,Whangaparaoa
nz,Whangapara
nz,Whangape
nz,Whangapoua
nz,Whangarata
nz,Whangara
nz,Whangarei Heads
nz,Whangarei
nz,Whangaroa
nz,Whangaruru North
nz,Whangaruru South
nz,Whangaruru
nz,Whangateau
nz,Whangawehi
nz,Wharanui
nz,Whareama
nz,Wharehine
nz,Wharehuanui
nz,Wharehuia
nz,Wharekopae
nz,Wharekuri
nz,Whareorino
nz,Wharepaina
nz,Wharepapa
nz,Wharepoa
nz,Whareponga
nz,Wharepuhunga
nz,Whareroa
nz,Wharua
nz,Whatanihi
nz,Whataroa
nz,Whatatutu
nz,Whatawhata
nz,Whatoro
nz,Whatuma
nz,Wheatstone
nz,Wheatston
nz,Whenuakite
nz,Whenuakoa
nz,Whenuapai
nz,Whenuatonga
nz,Whirinaki
nz,Whiritoa
nz,Whitakere
nz,Whitecliffs
nz,Whitehall
nz,White Tank
nz,Whitford
nz,Whitianga
nz,Whitstone
nz,Wigram
nz,Willowbridge
nz,Willowby
nz,Wimbledon
nz,Winchester
nz,Winchmore
nz,Windermere
nz,Windsor
nz,Windwhistle
nz,Wingatui
nz,Winscombe
nz,Winslow
nz,Winton
nz,Wiritoa
nz,Wiri
nz,Woodbourne
nz,Woodbury
nz,Woodcocks
nz,Woodend
nz,Woodhill
nz,Woodlands
nz,Woodleigh
nz,Woodside
nz,Woodstock
nz,Woolston
nz,Wreys Bush
nz,Wrights Bush
nz,Wylies Crossing
nz,Wynchmore
nz,Wyndham Town District
nz,Wyndham
nz,Yaldhurst
