om,Abailah
om,A`bal
om,`Abat
om,`Abayah
om,`Abbasah
om,`Ablah
om,Abu `Abali
om,Abu Akaisha
om,Abu al Hisn
om,Abud
om,Abu Durus
om,Abu Nukhayl
om,Abu Qal`ah
om,Abu Qarayt
om,Abu Rumaila
om,Abu Rumaylah
om,Abu `Ukayshah
om,Abyad
om,Abyadh
om,Adaakham
om,Adakham
om,Adam
om,Adanham
om,Ad Daffah
om,`Addah
om,Ad Da`nah
om,Ad Dar
om,Ad Darayn
om,Ad Dariz
om,Ad Dariz
om,Ad Das
om,`Addas
om,Ad Dawaniq
om,Ad Dharayn
om,Ad Duwaykah
om,Adh`eet
om,Adhjoord
om,Afa
om,Afi
om,Aflaj
om,Aflaj
om,Afranji
om,Aged
om,Agyaan
om,Agyan
om,Ahyawf
om,Aimus
om,Aini
om,Aiyuun
om,`Ajib
om,Ajma`
om,Ajran
om,Ajreezi
om,Ajrizi
om,Akbul
om,Akkad
om,Akroont
om,Akrunt
om,Aktam
om,`Akur
om,Al Ababah
om,Al `Abbasah
om,Al `Ablah
om,Al `Ablah
om,Al Abyad
om,Al`Adan
om,Al `Adhfayn
om,Al `Afifah
om,Al Afrad
om,Al Ahjal
om,Al Ahmadi
om,Al Ahramiya
om,Al Ahramiyah
om,Al `Ajal
om,Al Ajal
om,Al Akhdar
om,Al Akhri
om,Al `Alá
om,Al `Ala'
om,Al `Alayah
om,Al `Aliyah
om,Al Amarat
om,Al Ambah
om,Al `Amirah
om,Al `Aqabah
om,Al `Aqar
om,Al Aqariyah
om,Al `Aqir
om,Al Aqli
om,Al `Aqud
om,Al `Araqi
om,Al `Arid
om,Al Arkub
om,Al `Arqub
om,Al `Asansar
om,Al Ashkhara
om,Al Ashkharah
om,Al Ashkhar
om,Al Ashkhirah
om,Al Ashqar
om,Al Ashtana
om,Al Asrar Bani Sa`d
om,Al Asrar Bani `Umar
om,Al `Awabi
om,Al Awaya
om,Al `Awaynat
om,Al `Awhi
om,`Alayah
om,`Alayat Dank
om,`Alayat Misfah
om,`Alayat Sama'il
om,Al `Ayinah
om,Al `Ayn
om,Al `Ayn
om,Al `Ayn
om,Al `Aynayn
om,Al `Ayr
om,Al `Ayshah
om,Al `Aysh
om,Al Bajariyah
om,Al Banah
om,Al Barmiyah
om,Al Basatin
om,Al Bataykhi
om,Al Batin
om,Al Bayd
om,Al Bid`ah
om,Al Bidayah
om,Al Bilad
om,Al Birak
om,Al Bi'r
om,Al Bi'r
om,Al Buda`ah
om,Al Budayah
om,Al Bulaydah
om,Al Bulaydah
om,Al Burayk
om,Al Buraymi
om,Al Burj
om,Al Burj al Saliya
om,Al Burj as Saliya
om,Al Burj as Saliyah
om,Al Burr
om,Al Bustan
om,Al But
om,Al Buwayt
om,Al BuwayzÌ§a
om,Al Darai
om,Al Dharayn
om,Al Duwika
om,Al Fai
om,Al Fala
om,Al Falaj
om,Al Falaj al Hadith
om,Al Farfarah
om,Al Fa'y
om,Al Fayy
om,Al Fida
om,Al Fiduk
om,Al Frian
om,Alfton
om,Algema
om,Al Ghaba
om,Al Ghabah
om,Al Ghabbi
om,Al Ghabbi
om,Al Ghabirah
om,Al Ghadifah
om,Al Ghafat
om,Al Ghala`il
om,Al Ghalilah
om,Al Ghalil
om,Al Gharir `Alayah
om,Al Gharir Sufalah
om,Al Ghashbah
om,Al Ghawr
om,Al Ghaya
om,Al Ghayl
om,Al Ghayl
om,Al Ghayyah
om,Al Ghayzan
om,Al Ghomb
om,Al Ghu
om,Al Ghub
om,Al Ghubar
om,Al Ghuf
om,Al Ghulaylah
om,Al Ghuraifa
om,Al Ghurayfah
om,Al Ghushayn
om,Al Ghuwaysah
om,Al Ghuwayz
om,Al Ghuwiz
om,Al GhuzÌ§ayfah
om,Al Habalayn
om,Al Habayla
om,Al Habubiyah
om,Al Hadd
om,Al Hadd
om,Al Hadd
om,Al Hafah
om,Al Haffah
om,Al Hajar
om,Al Hajir
om,Al Hajir
om,Al Hajr
om,Al Haju
om,Al Hajul
om,Al Hamiliyah
om,Al Hamra'
om,Al Haqq
om,Al Haqq
om,Al Haqt
om,Al Harah
om,Al Haran
om,Al Harat
om,Al Harfiyah
om,Al Harmaliyah
om,Al Harmuzi
om,Al Hasaifin
om,Al Hasan
om,Al Hashimi
om,Al Hasin
om,Al Hatm
om,Al Hawmaniyah
om,Al Hawshak
om,Al Hawz
om,Al Hayl
om,Al Hayl
om,Al Hayr
om,Al Hazm
om,Al Hazm
om,Al HÌ±ajar
om,Al Hibra
om,Al Hijal
om,Al Hijar
om,Al Hijir
om,Al Hijrah
om,Al Hijr
om,Al Hillah
om,Al Hilyah
om,Al Hin
om,Al Hishmah
om,Al Hisn
om,Al Hisn
om,Al Hiyal
om,Al Hothera
om,Al Hub
om,Al Hubayl
om,Al Hubi
om,Al Hujayrimat
om,Al Humr
om,Al Hunaynah
om,Al Hurah
om,Al Husaifin
om,Al Husayfin
om,Al Huwayl
om,Al Huwaylayn
om,Al Huwib
om,Al Huwir
om,Al Huyul
om,`Ali Khamis
om,Al Ima
om,Al Isbalah
om,Al Islat
om,Al `Izz
om,Al Ja`arif
om,Al Jabat
om,Al Jadi
om,Al Jafnayn
om,Al Jahliyah
om,Al Jamma
om,Al Jari
om,Al Jawabi
om,Al Jaylah
om,Al Jazir
om,Al Jiba`i
om,Al Jibal
om,Al Jil
om,Al Jinah
om,Al Jiri
om,Al Jirri
om,Al Jissa
om,Al Jissah
om,Al Jowar
om,Al Jufar
om,Al Jull
om,Al Jumaylah
om,Al Juwaif
om,Al Juwar
om,Al Juwayf
om,Al Kabirat al Hayl
om,Al Kabirat Hayl al Ghaf
om,Al Kabirat Hayl
om,Al Kalban
om,Al Kamil
om,Al Karbi
om,Al Karsha
om,Al Karshah
om,Al Kathir
om,Al Khabat
om,Al Khabbah
om,Al-Khabourah
om,Al Khabura
om,Al Khaburah
om,Al Khaburah
om,Al Khaddah
om,Al Khaddah
om,Al Khadhra
om,Al Khadhrawain
om,Al Khadirah
om,Al Khadra'
om,Al Khadra
om,Al Khadra'
om,Al Khadrawayn
om,Al Khaisa
om,Al Khalaf
om,Al Khaluf
om,Al Khalw
om,Al Khan
om,Al Kharifut
om,Al Khasab
om,Al Khasal
om,Al Khatmah
om,Al Khawd
om,Al Khayr
om,Al Khaysah
om,Al Khaza'in
om,Al Khubayb
om,Al Khubayn
om,Al Khudayrah
om,Al Khudrah
om,Al Khufayqi
om,Al Khulli
om,Al Khur
om,Al Khurays
om,Al Khusayt
om,Al Khutaymah
om,Al Khutaym
om,Al Khutaymi
om,Al Khutum
om,Al Khuwayrah
om,Al Khuwayriyah
om,Al Kwairat
om,Allam
om,Al Limah
om,Allish
om,Al Liwa'
om,Al Luwayz
om,Al Ma'balla
om,Al Mabrak
om,Al Madinah
om,Al Mahadin
om,Al Mahal
om,Al Mahall
om,Al Mahall
om,Al Mahalli
om,Al Mahattah
om,Al Mahda
om,Al Mahdah
om,Al Khuwayrat
om,Al Mahdha
om,Al Mahjul
om,Al Mahyul
om,Al Majnab
om,Al Makhamarah
om,Al Maksuriyah
om,Al Mal`ab
om,Al Maladda
om,Al Malqama
om,Al Malqamah
om,Al Mandur
om,Al Manfash
om,Al Maqayaw
om,Al Ma`qul
om,Al Masayqah
om,Al Masharta
om,Al Mashati Shelbarak
om,Al Maskan
om,Al-Masna`a
om,Al Masna`ah
om,Al Matrah
om,Al Mays
om,Al Ma'zam
om,Al Mazarah
om,Al Ma'zim
om,Al Mazra`ah
om,Al Mazra`
om,Al Mibu
om,Al Mintarah
om,Al Mintera
om,Al Mintirib
om,Al Minzifah
om,Al Misar
om,Al Misfah
om,Al Mudaibi
om,Al Mudairib
om,Al Mudaybi
om,Al Mudayli
om,Al Mudayq
om,Al Mudayrib
om,Al Mudirah
om,Al Muhram
om,Al Muhtariq
om,Al Mukhailif
om,Al Mukhaylif
om,Al Muladdah
om,Al Mulayyanah
om,Al Mulayyinah
om,Al Mumsam
om,Al Muntarib
om,Al Murair
om,Al Murayr
om,Al Musana`a
om,Al Musayh
om,Al Musayqah
om,Al Musin
om,Al Mu`tarid
om,Al Mutib Muqsad
om,Al Mu`walah
om,Al Muwaylihat
om,`Alob
om,Al Qabil
om,Al Qabil
om,Al Qahlah
om,Al Qala`
om,Al Qal`ah
om,Al Qal`i
om,Al Qanfar
om,Al Qanha
om,Al Qanhah
om,Al Qarah
om,Al Qarihah
om,Al Qarin
om,Al Qaryah
om,Al Qaryah
om,Al Qaryatayn
om,Al Qasabiyat
om,Al Qasbiyah
om,Al Qasbiyat
om,Al Qasha
om,Al Qash`ah
om,Al Qashar
om,Al Qashi`
om,Al Qasmitayn
om,Al Qawasim
om,Al Qaylah
om,Al Qubayyil
om,Al Qufays
om,Al Qunnah
om,Al Quraiyat
om,Al Qurayyat
om,Al Qurayyat
om,Al Qurt
om,Al Qurti
om,Al Qusayr
om,Al Qutaytirah
om,Al Ramayh
om,Al Raq
om,Al Raudha
om,Al Safiq
om,Al Sahayn
om,Al Salhaymis
om,Al Shawa
om,Al Shess
om,Al Shinas
om,Al Shuwara
om,Al-Sib
om,Al Sohar
om,Al Sufayrat
om,Altaf
om,Al Thaybat
om,Al `Ubaylah
om,Al `Ulya
om,Al `Ulyah
om,Al `Umani
om,Al `Umqah
om,Al `Uqaybah
om,Al `Uqayr
om,Al `Uqmayrah
om,Al `Uqud
om,Al Usaylah
om,Al Uthrat
om,Al `Uwayd
om,Al `Uwaynat
om,Al `Uwayridi
om,AlWadiyat
om,Al Wafi
om,Al Wafi
om,Al Wahah
om,Al Wahrah
om,Al Waqaybah
om,Al Waqbah
om,Alwar
om,Al Warr
om,Al Wasfiyah
om,Al Wasib
om,Al Wasil
om,Al Wasit
om,Al Wasit
om,Al Wuqbah
om,Al Ya'
om,Al Yalba
om,Am Atafa
om,`Amis
om,`Amla'
om,Amlah
om,Amnot
om,`Amqah
om,Amqah
om,`Amq
om,Amqat
om,Amti
om,An Nabrah
om,An Naqdah
om,An Niba'
om,An Nid
om,An Nujayd
om,An Nuqdah
om,Anoothook
om,Ansham
om,Antha Arr
om,Anthakak
om,Anthok
om,Anthraytat
om,Anuthuk
om,AnzÌ§awr
om,`Aqabah
om,Aqabat al Rahayba
om,`Aqabat
om,`Aqabat ar Ruhaybah
om,`Aqabat `Asu
om,Aqad
om,Aqbal
om,`Aqbiyah
om,Aqbut al Bayut
om,`Aqil
om,`Aqr
om,`Aqr
om,Aradh
om,Araft
om,Arajfiniti
om,Aram
om,Araqi
om,Arfit
om,Arid
om,'Aridh
om,`Arja'
om,Arja
om,Arkabait
om,Arkam
om,Arkut
om,`Arqabat
om,`Arqi
om,Ar Rabi
om,Ar Radidah
om,Ar Rafsa
om,Ar Rahbah
om,Arraida
om,Ar Rajmi
om,Ar Rakakiyah
om,Ar Ramyah
om,Ar Raqq
om,Ar Raudha
om,Ar Rawdah
om,Ar Rawdah
om,Ar Rayhani
om,Ar Rihani
om,Ar Ru'ays
om,Ar Rudaydah
om,Ar Rumaidh
om,Ar Rumayh
om,Ar Rustaq
om,Ar Ruwais
om,Arryop
om,Arubi
om,Arzat
om,Arzayrot
om,Arzoom
om,Arzum
om,Asam
om,Asaqat Bilarb
om,Asayh
om,Ashinhaib
om,Ashinkhorr
om,Ash Shab
om,Ash Shariyah
om,Ash Sharjah
om,Ash Sharm
om,Ash Shawah
om,Ash Shawr
om,Ash Shays
om,Ash Shija'
om,Ash Shinas
om,Ash Shirs
om,Ash Shishah
om,Ash Shiyah
om,Ash Shizaw
om,Ash Shubaykah
om,Ash Shu`iyah
om,Ash Shuraiqa
om,Ash Shutayfi
om,Ash Shuwayhah
om,Ashtanah
om,`Ashub
om,Asjudi
om,Asrar Bani Sa`d
om,Asrar Bani `Umar
om,As Sa`af
om,As Sa`arah
om,As Sabal
om,As Safiq
om,As Saham
om,As Sahsahah
om,As Sahsah
om,As Saiq
om,As Salala
om,As Salalah
om,As Samad
om,As Samidah
om,As Sarhat
om,As Sarm
om,As Sarur
om,As Saruwi
om,As Sarwi
om,As Sayh
om,As Sayrsah
om,As Sib
om,As Sidafi
om,As Sifa
om,As Sifah
om,As Sifah
om,As Sifiyah
om,As Sir
om,As Sohar
om,As Su`ara
om,As Su`arah
om,As Subarah
om,As Subaykha
om,As Subaykhah
om,As Subaykhi
om,As Sudayrah
om,As Sudiyah
om,As Suhar
om,As Sukhnah
om,As Sulayb
om,As Sulayf
om,As Sumayni
om,As Sunaynah
om,As Sur
om,As Suraymah
om,As Suwaih
om,As Suwaiq
om,As Suwayb
om,As Suwayh
om,As Suwayq
om,As Suwayr
om,Aswad
om,Aswad
om,A`tayr
om,Athabat
om,Ath Tharmad
om,Ath Thaybat
om,Ath Thuqbah
om,At Tab
om,At Taqa
om,At Tau
om,At Tawayb
om,At Tawiyan
om,At Tawqah
om,At Tayi
om,At Tikhah
om,At Toyan
om,At Tuwayyah
om,'Auhi
om,Auqad
om,Autuch
om,`Awabi
om,`Awabi
om,Awbi
om,`Awf
om,`Awhi
om,`Awqad
om,`Awqad Bayt Fadil
om,`Awqad Bayt Marhun
om,Aydawr
om,`Ayja
om,`Ayn al Mahab
om,`Ayn `Amq
om,`Ayn ash Shadniyah
om,`Ayn as Si
om,`Ayn
om,`Aynayn
om,Aynayn
om,`Aynayn
om,`Ayniyah
om,`Ayqa
om,`Ayqah
om,Aytin
om,`Ayun
om,Azaiba
om,Azeyrenawt
om,AzÌ§ ZÌ§ahir
om,AzÌ§ ZÌ§ahrayn
om,AzÌ§ ZÌ§uwayhir
om,Azki
om,Badaj `Ud
om,Badi`ah
om,Badi`ah `Ud
om,Badi`at `Ud
om,Badi
om,Badiya
om,Badiyah
om,Badiyah
om,Bahla'
om,Bahlah
om,Bai'a
om,Baiah
om,Bait al Falaj
om,Bait el Falaj
om,Bait Rathawt
om,Bakha
om,Bakhabi
om,Bakhah
om,Bakhah
om,Balad Bani Bu Ali
om,Balad Bani Bu Hassan
om,Balad Shabus
om,Ba'l
om,Bal Ghaylan
om,Bandah Jadidah
om,Bandar al Jissa
om,Bandar Jissah
om,Bandar Khayran
om,Bani Habib
om,Bani Ka`b
om,Baqlah
om,Baraimi
om,Bari
om,Baridah
om,Barik
om,Barka'
om,Barkah
om,Barsit
om,Barut
om,Barzaman
om,Bat
om,Bat
om,Batha'
om,Batha' Jibah
om,Bathar/Baithakoob
om,Bat-hat Yal Sa`d
om,Batha' Yal Sa`d
om,Batin
om,Baushar
om,Bawshar
om,Bay`ah
om,Bay`ah
om,Bayda'
om,Bayha'
om,Baynunah
om,Bayt al `Awabi
om,Bayt al Buwaydh
om,Bayt al Falaj
om,Bayt ash Shaykh
om,Bayt Fiqait
om,Bayt Fiqayt
om,Bayt Jabal
om,Bayt Khawr
om,Bayyid
om,Beda
om,Bi'ah
om,Bi`aq
om,Biban
om,Biban
om,Bid'ah
om,Bid`ah
om,Bidbid
om,Biddi
om,Bidi
om,Bidit
om,Bilad `Aqabat al Hamra'
om,Bilad `Aqabat al Hamrah
om,Bilad as Sur
om,Bilad Bani Bu `Ali
om,Bilad Bani Bu Hasan
om,Bilad Bani Rasib
om,Bilad
om,Bilad Manah
om,Bilad Sayt
om,Bilad Shahum
om,Billa
om,Billah
om,Bilt
om,Bimah
om,Bimah
om,Bimma
om,Bimmah
om,Bin `Umran
om,Bira
om,Bi'r Ajman
om,Bi'r
om,Bi'r Bira'
om,Bireimi
om,Birkat al Mauz
om,Birkat al Mawz
om,Birkat al Nuss
om,Birkat di Moz
om,Birkat Khaldiyah
om,Bisafteer
om,Bisaftir
om,Bisiyah
om,Bisiyai
om,Bisyah
om,Biyad
om,Biyaq
om,Bu `Abali
om,Bu `Aid
om,Bu `Asim
om,Bu`ayd
om,Bu`ayq
om,Buba`irah
om,Bu Baqara
om,Bu Baqarah
om,Bu Baqarah
om,Budahr
om,Buday`ah
om,Bu Fashiqah
om,Bugla
om,Bu Khabi
om,Bukha
om,Buklah
om,Bulaydah
om,Bulaydah
om,Bulaytah
om,Bu Qal`ah
om,Buqla
om,Buraimi
om,Burami
om,Buri
om,Burj
om,Bu Saylah
om,Bu Sayli
om,Busayliyat
om,Busayr
om,Buwah
om,Buwayrid
om,Buwayrik
om,Buwaytin
om,Buyut Aram
om,Camp
om,Chashawfi
om,Dabab
om,Dabah
om,Dabaran
om,Dabarayn
om,Dabbagh
om,Dab`
om,Dafiyat
om,Daghali
om,Daghmar
om,Dahaan
om,Dahaan Khanaat
om,Dahariz
om,Dahaz
om,Dahful
om,Dahir
om,Dahir
om,Dahit
om,Dahiyah
om,Dahiz
om,Dahrayn
om,Dahr
om,Dallah
om,Dalut
om,Damm
om,Dana
om,Danak
om,Dank
om,Dankor
om,Dann al Hamra'
om,Dann
om,Dansaf
om,Dansat
om,Daqiq
om,Daquq Maghadhi
om,Dar al Qal`ah
om,Darbat
om,Daris
om,Dariz
om,Dariz
om,Darsait
om,Dar Sawda'
om,Darsayt `Alwa
om,Darsayt
om,Dasir
om,Dat Hayl
om,Dauka
om,Dawanij
om,Dawkah
om,Dawqa
om,Daw Sunni
om,Dawt
om,Dawwah
om,Dayrat al Khatamah
om,Dazzah
om,Delute
om,Dhahib
om,Dhahir
om,Dhahir
om,Dhahr
om,Dhaid Rasm
om,Dhaliaatat
om,Dhalqut
om,Dhank
om,Dhayd Rasm
om,Dhibab
om,Dhibad
om,Dhinab Khant
om,Dhiqdah
om,Dhuwwah
om,Diba al Bay`ah
om,Dibab
om,Diba Dib`
om,Dibba Dib
om,Dib Dibba
om,Difa`
om,Difan
om,Dihan
om,Dihan Khanat
om,Dihas
om,Dikkah
om,Dil Al `Abd as Salam
om,Dil
om,Dil Yal `Abd as Salam
om,Dil Yal Burayk
om,Dim
om,Dinab al Khanit
om,Din ar Rukayb
om,Diqal
om,Dirbat
om,Dirhi
om,Diriz
om,Disli
om,Distah
om,Diyan al Buwarah
om,Diyan
om,Diyan Yal Bu Sa`id
om,Dogal
om,Doqal
om,Dubah
om,Dubayshi
om,Dubiyah
om,Dumi
om,Dumm
om,Duqm
om,Dut
om,Duwaykhilah
om,Easmome
om,Eerdeent
om,Enhorelah
om,Erdit
om,Erigfien
om,Erikob
om,Erkot
om,Erqoot Daham
om,Erqoot
om,Erqut Daham
om,Eshto
om,Fadghah
om,Fadhi
om,Faiqaitha
om,Falad Beni Khazair
om,Falai
om,Falaj al `Awhi
om,Falaj al Harth
om,Falaj al Hawashim
om,Falaj al Hirith
om,Falaj `Ali
om,Falaj al Khawr
om,Falaj al Qaba'il
om,Falaj ash Sham
om,Falaj as Sa`idi
om,Falaj as Sudayriyin
om,Falaj Bani Khazair
om,Falaj Bani Khuzayr
om,Falaj Bani Rabi`ah
om,Falaj Bani `Umr
om,Falaj
om,Falaj
om,Falaj
om,Falaj Milli
om,Falaj Sahra'
om,Falaj Shirah
om,Falaj Sudayriyin
om,Falaj Wusta
om,Falaj Wustah
om,Falara
om,Falayj
om,Falbirah
om,Faljat
om,Fanakhah
om,Fanja
om,Fanjah
om,Fara`ah
om,Fara'
om,Fardah
om,Far`
om,Farfarah
om,Farfar
om,Fariq ar Rawashid
om,Farq
om,Fary
om,Fasad
om,Fashah
om,Fasiqa
om,Fasiqah
om,Fatah
om,Fath Al Bu Sa`id
om,Fath
om,Fathi
om,Faud
om,Fawfalah
om,Fawhfallam
om,Fayraq
om,Fayyad
om,Fayyah
om,Fida'
om,Fiiam
om,Fijri
om,Filam
om,Fil
om,Filim
om,Fill
om,Film
om,Fins
om,Fiqayn
om,Fiq
om,Fira`ah
om,Firam
om,Firaq
om,Firjat
om,Firokht
om,Firq as Sa'diyan
om,Firq az Zamiyan
om,Firq
om,Firq
om,Fita'
om,Fiyad
om,Fizh
om,Fu'ad al Hadu
om,Fudar
om,Fudgha
om,Fudhra
om,Fujayj
om,Fujayrah
om,Fulayj al Masha'ikh
om,Fulayj al Mashayikh
om,Fulayj
om,Fulayj
om,Fulayj
om,Fulayy
om,Fuluj Sayghah
om,Furfar
om,Furfur
om,Gabil
om,Garnoot
om,Geamawt
om,Ghaba
om,Ghabarah
om,Ghab
om,Ghabib
om,Ghabi
om,Ghabina
om,Ghabirah
om,Ghabrah
om,Ghaday
om,Ghadfan
om,Ghadhiya
om,Ghadir Bin Rakham
om,Ghadir Qadhra
om,Ghadir Qadhrah
om,Ghadw
om,Ghafat
om,Ghafdi
om,Ghaidhain
om,Ghail al Ghab
om,Ghairaifah
om,Ghalat
om,Ghalhaifa
om,Ghalil al Hanadis
om,Ghalil al Masa`id
om,Ghallah
om,Ghamdah
om,Ghamd
om,Ghamsah
om,Ghamtha
om,Gharaifah
om,Gharam
om,Gharayfah
om,Gharba'
om,Gharbah
om,Gharbi Hafit
om,Gharbiyah
om,Ghariyan
om,Ghar Milah
om,Gharnawt
om,Gharnut
om,Gharwah
om,Gharyan
om,Ghassah
om,Ghatt
om,Ghawrah
om,Ghayl ad Dakk
om,Ghayl ash Shabb
om,Ghayl ash Shab
om,Ghayl
om,Ghayl Sarm
om,Ghayl Shabul
om,Ghayl Shahab
om,Ghayl Shizaw
om,Ghayl Wadi as Sayatin
om,Ghayyan
om,Ghayzayn
om,Ghazain
om,GhiyazÌ§ah
om,Ghoff
om,Ghrnout
om,Ghrnowt
om,Ghuaifat al Habb
om,Ghuban Hemid
om,Ghubayrah
om,Ghubaytah
om,Ghubbah
om,Ghubb `Ali
om,Ghubbat Qadimah
om,Ghubirah
om,Ghubn Hamad
om,Ghubrah
om,Ghubrah
om,Ghubrat ar Ra's
om,Ghubrat at Tam
om,Ghubrat Tanuf
om,Ghudayy
om,Ghukra
om,Ghulay
om,Ghul
om,Ghumar
om,Ghumda
om,Ghumdha
om,Ghumla
om,Ghumra
om,Ghumrah
om,Ghurah
om,Ghurayfah
om,Ghursheba
om,Ghuwayfat al Habb
om,Ghuzayn
om,Ghuzayyil
om,GhuzÌ§ayfi
om,Gilaal
om,Gilal
om,Glaet
om,Habalain
om,Habalayn
om,Habarut
om,Habdoomer
om,Habib
om,Habka
om,Habkah
om,Habkayt
om,Habkeit
om,Habl
om,Habl Hadid
om,Habubiyah
om,Habus
om,Hadash
om,Hadbarah
om,Hadbaram
om,Hadd
om,Haddis
om,Hadf
om,Had
om,Hadhf
om,Hadib
om,Hadi
om,Hadirah
om,Hadishah
om,Hadi Thabil
om,Hadsha`ab
om,Hadsh
om,Hafa
om,Hafah
om,Haffah
om,Hafit
om,Hafit
om,Hailain
om,Hail Al `Amair
om,Hail al Umair
om,Hailat al Ghabara
om,Hailat bin Anauz
om,Hailat bin Aruq
om,Hailat
om,Hailat La`mia
om,Hail Bin-Suwaidan
om,Hail
om,Haima
om,Hajar
om,Hajar
om,Hajirah
om,Hajir
om,Hajir
om,Hajir
om,Hajir Rakah
om,Hajlat al Yahi
om,Hajlat Harad
om,Hajz
om,Hakkan
om,Halahil
om,Halban
om,Halfah
om,Halhal
om,Hall
om,Hall Samasim
om,Hal Sumaysim
om,Haluf
om,Hamad
om,Hamadiyin
om,Hamah
om,Hamah
om,Hamasa
om,Hamasah
om,Hamim
om,Hamitah
om,Hamitha
om,Hamizah
om,Hamma
om,Hammam al `Ali
om,Hammam
om,Hamra
om,Hamrah
om,Hamrat ad Duru`
om,Hamrat al `Abriyin
om,Hamriyah
om,Hamsi
om,Hana
om,Hanah
om,Hanfit
om,Hansi
om,Haqabat Arokub
om,Haql
om,Haradi
om,Haramil
om,Harat al Balush
om,Harat al Hisn
om,Harat al Ju`
om,Harat al Khatwah
om,Harat al Marakah
om,Harat al Murakah
om,Harat al Nadd
om,Harat al Qadi
om,Harat al Qaramitah
om,Harat ash Shaykh
om,Harat as Subarah
om,Harat Bani `Isa
om,Harat Bidih
om,Harat Hadd
om,Harat
om,Harat Raha
om,Harat Rumran
om,Harat Shizaw
om,Hardhi
om,Harf ad Daghafilah
om,Harf Bani Hamud
om,Harf Ghabi
om,Harf
om,Harimah
om,Harimah
om,Harim
om,Harmali
om,Harmaliyah
om,Harmul
om,Harmuzi
om,Harrah
om,Hasa
om,Hasaifin
om,Hasam
om,Haseifin
om,Hasha
om,Hasik
om,Hassa
om,Hassah
om,Hassas
om,Hat
om,Hatt
om,Hawil al Musayqah
om,Hawiya
om,Hawiyah
om,Hawl
om,Hawmaniyah
om,Hawqayn
om,Hawshak
om,Hayawt
om,Hayba
om,Haybah
om,Haybi
om,Hayfadh
om,Hayhar Hil Hijar
om,Hayi
om,Hayjar
om,Hayjari
om,Hayl al Farfar
om,Hayl al Ghafar
om,Hayl al Ghaf
om,Hayl al Kabir
om,Hayl al Khalfah
om,Hayl al Khanabish
om,Hayl al Liwa'
om,Hayl al Mosakhar
om,Hayl al Musakhkhar
om,Hayl al Quwasim
om,Hayl Al `Umayr
om,Haylar Rass
om,Haylashi
om,Hayl as Safil
om,Haylat al Ghabarah
om,Haylat Bin Anauz
om,Haylat Bin `Anuz
om,Haylat Bin `Aruq
om,Haylat Ghabarah
om,Haylat Harashif
om,Haylat La'mia
om,Hayl Awamir
om,Haylayn
om,Hayl Bani Kathir
om,Hayl Bin Suwaydan
om,Hayl el Kahuf
om,Hayl Hamiyah
om,Hayl
om,Hayl
om,Hayl
om,Hayli
om,Hayl Juwari
om,Hayl Manadhirah
om,Hayl Ra`sah
om,Haylshi
om,Hayl Sulayman
om,Hayl Yaman
om,Hayma'
om,Haymiliyah
om,Haymitiyah
om,Hayr Khazinaw
om,Hayr Salam
om,Hayyal
om,Hayzan
om,Hazain
om,Hazam
om,Hazm
om,Hebra
om,Herda
om,Hezaar
om,Hezar
om,Hibb
om,Hibra
om,Hida
om,Hifri al Batha'
om,Hifri
om,Hijal
om,Hijar
om,Hijari
om,Hijar Sajr Sanaiba
om,Hilf
om,Hil Hijar
om,Hil
om,Hillat al Balush
om,Hillat al Hisn
om,Hillat al Hisn
om,Hillat al Quwita`
om,Hillat ar Rawashid
om,Hillat ash Shaykh
om,Hillat Burj
om,Hillat Jan Muhammad Khan
om,Hilm
om,Hindarut
om,Hirmut
om,Hisn Mazyad
om,Hubat
om,Hubi
om,Hudniyah
om,Huffi
om,Hugaif
om,Hujayrimat
om,Hulayfah
om,Hulayhil
om,Hulaylat
om,Hulw
om,Humaydah
om,Humayrah
om,Humer
om,Humsi
om,Huqayf
om,Huqul
om,Husayfin
om,Huwaylat
om,Huwayl
om,Huwayniyah
om,Huzayn
om,Ibra
om,`Ibri
om,Indaf
om,Inkeyzeti
om,Insaid
om,Inshaf
om,Irowk
om,Irqat
om,Istal
om,Ithaff
om,Ithi
om,Izki
om,`Izz
om,Jaal
om,Ja`arah
om,Jabal Ghawil
om,Jabal Khasbar
om,Jabal Qiqat as Safil
om,Jabrin
om,Jadid
om,Jadi
om,Jadl
om,Ja`fariyah
om,Jahaneen
om,Jahfiyah
om,Jahilah
om,Jahis
om,Jahl
om,Jahlut
om,Jalah
om,Jal
om,Ja'mam
om,Ja`man
om,Jammah
om,Jardamanah
om,Jardaman
om,Jardoom
om,Jardum
om,Jawdah
om,Jawzah
om,Jaylah
om,Jaylah
om,Jaylil
om,Jebel Khasbar
om,Jibal
om,Jibjaat
om,Jibjat
om,Jifar
om,Jill ar Raddah
om,Jimah
om,Jinah
om,Jinnah
om,Jiri
om,Jirri
om,Jissah
om,Jivi
om,Jubaylat
om,Jufayf
om,Jumailah
om,Jumaila
om,Jumarah
om,Jumaylah
om,Junawl
om,Junawt
om,Junayz al Janubi
om,Junayz ash Shamali
om,Jurakh
om,Jurayd
om,Jurayf
om,Juraym
om,Juwaibi
om,Juwaybi
om,Juwibiyat
om,Kabiyah
om,Kahal
om,Kahanat
om,Kahf al Humayr
om,Kahil
om,Kalban
om,Kalbuh
om,Kalhat
om,Kamah
om,Kamfarah
om,Kanamt
om,Kanit
om,Kanut
om,Karku
om,Karshah
om,Karshah
om,Karsha
om,Karsha
om,Karshayt
om,Kartheit
om,Kartlayt
om,Karyat al Kabira
om,Kebka
om,Keb' Keb
om,Kerral
om,Khabbah
om,Khabbah
om,Khabbayn
om,Khabeifa
om,Khabr Hay
om,Khabt
om,Khaburah
om,Khabura
om,Khaburat Yanqul
om,Khadfier
om,Khadhil
om,Khadhra
om,Khadhrawain
om,Khadhr
om,Khadil
om,Khadirah
om,Khadra' Al Bu Rashid
om,Khadra' Al Sa`d
om,Khadra' Bin Daffa`
om,Khadra'
om,Khadrakoor
om,Khadrawayn
om,Khadra' Yal Bu Rashid
om,Khafa'
om,Khafdi
om,Khafifah
om,Khaftawt
om,Khafudh
om,Khahil
om,Khalaghal
om,Khalil
om,Khalli
om,Khaluf
om,Khamid
om,Khan
om,Kharfat
om,Kharfawt
om,Kharfut
om,Kharifot
om,Kharifut
om,Kharma'
om,Kharm
om,Khasab
om,Khasaf
om,Khashbah
om,Khashishat al Milh
om,Khashub
om,Khasur
om,Khatam Malahah
om,Khatmat al Malahah
om,Khatmat Malahah
om,Khatr
om,Khatudh
om,Khatum
om,Khatwah
om,Khaud
om,Khawabi
om,Khawbi
om,Khawd
om,Khawr al Asrah
om,Khawr al Asra
om,Khawr al Jaramah
om,Khawr al Milh
om,Khawr Hammam
om,Khawr Hulw
om,Khawr Rawri
om,Khawr Siyabi
om,Khawr Zammah
om,Khayfiyah
om,KhazÌ§ar
om,Khaziriyah
om,Khedit
om,Khejeen
om,Khejin
om,Khidr Marghuth
om,Khilah
om,Khishdah
om,Khlayhawr
om,Khodh
om,Khorr
om,Khor Rori
om,Khotudh
om,Khubain
om,Khubar
om,Khubar
om,Khubayfah
om,Khubayn
om,Khubaytah
om,Khubrah
om,Khudal
om,Khudar
om,Khudr Margot
om,Khulaybah
om,Khuldah
om,Khush
om,Khuwaylah
om,Khuzayriyah
om,Khuzinah
om,Kibdiyah
om,Kibrit
om,Kilban
om,Kinhat
om,Kirshah
om,Kirub
om,Kitheort
om,Kitnah
om,Kitna
om,Kizetakhayf
om,Kizit
om,Kliatudh
om,Koriat
om,Kubarah
om,Kubara
om,Kubbarah
om,Kujad
om,Kumzar
om,Kuri
om,Kuryát
om,Kusaat
om,Kusat
om,Kuwayrat
om,La'aqaybah
om,Labijah
om,Lahayay
om,Lakbah
om,Lakba
om,Lali Laynah
om,Lamehos
om,Lansab
om,Lashkharah
om,Lasmu
om,Lawqaybawt
om,Layh
om,Layjah
om,Lekfayir
om,Liban
om,Lihaban
om,Lihban
om,Limah
om,Lima
om,Limhas
om,Liqbi
om,Lishgar
om,Lislat
om,Liwa'
om,Lizq
om,Lokhbeb
om,Lothera
om,Lub
om,Lushil
om,Luwayb
om,Luzugh
om,Luzuq
om,Ma`abilah
om,Ma al Mishash
om,Ma' al Mushash
om,Ma'amad
om,Ma`amir
om,Maart
om,Ma'atib
om,Ma`awi
om,Ma'bas
om,Mabis
om,Mabni
om,Mabrah
om,Mabyak
om,Macula
om,Madabbah
om,Madam
om,Madarah
om,Maddeh
om,Madha
om,Madieh
om,Madinat al Haqq
om,Madruj
om,Magam
om,Magan
om,Maghadar
om,Maghdar
om,Maghsail
om,Maghsil
om,Maghyuth
om,Mahab
om,Mahadat
om,Mahadhah
om,Mahadha
om,Mahalih
om,Mahalil
om,Mahaliyah
om,Mahall
om,Mahani
om,Mahaniyah
om,Mahariq
om,Mahatt
om,Mahbab
om,Mahbat
om,Mahbub
om,Mahdah
om,Mahdus
om,Mahlah
om,Mahmum
om,Mahram
om,Mahyul
om,Mahyul
om,Maidal
om,Ma`idin
om,Maja`isah
om,Majan
om,Majasaa
om,Majazah
om,Majaz al Kubrá
om,Majaz as Sughra
om,Majhal
om,Majis
om,Majiz Kabirah
om,Majiz
om,Majiz Saghirah
om,Majrirah
om,Majrira
om,Majzi
om,Majzi
om,Makhadah
om,Makhailif
om,Makhda
om,Makhibiyah
om,Makhi
om,Makhsain
om,Makinat Shihan
om,Malaqat
om,Ma`mad
om,Ma'mul
om,Ma`murah
om,Ma`murah
om,Ma`mura
om,Mamur
om,Ma`mur
om,Manadhif
om,Manadif
om,Manah
om,Manakhir
om,Manazif
om,Manithirah
om,Manjurin
om,Mansal
om,Mansur
om,Mansur
om,Manumah
om,ManzÌ§ariyah
om,Maqa`isah
om,Maqammah
om,Maqaqah
om,Maqham
om,Maqlab
om,Maqniyat
om,Maqniyat
om,Maqsad
om,Maqta`ah
om,Maqyubi
om,Marbat
om,Markaz Thamarid
om,Marmul
om,Marsa Darsayt
om,Marwani
om,Masah
om,Masakin Shabiyah
om,Mascat
om,Maserayn
om,Masharib
om,Masharub
om,Mashin
om,Mashuq
om,Masil
om,Masirah
om,Masirat Nakhr
om,Masirat Ruwajih
om,Maskat
om,Maskin
om,Maslaq
om,Masna'ah
om,Masqab
om,Masqat
om,Masquat
om,Masrun
om,Ma`tamar
om,Matbat as Safil
om,Matid
om,Matrah
om,Matruh
om,Ma`ul
om,Mawaafag
om,Mawalih
om,Ma`wal
om,Mawi
om,Mawiyah
om,Mawrid Sidwi
om,Mayat
om,Maydal
om,Maydan
om,Mayhah
om,Maysar
om,Mazahit
om,Ma'zam
om,Mazim
om,Mazra` al `Alawi
om,Mazra` al Ghaf
om,Mazra` al Hadri
om,Mazra`at al Abyad
om,Mazra`at al Hatih
om,Mazra`at al Hilaylah
om,Mazra`at al Khadra'
om,Mazra`at al Qasf
om,Mazra`at ar Raja'
om,Mazra`at Qayd
om,Mazra`at Shuway`i
om,Mazra` Bu Ba`arah
om,Mazra` Ghulaylah
om,Mazra` Khusayyim
om,Mazra` Khusayyin
om,Mazra`
om,Mazra`
om,Mazra` Sumayr
om,Mazra` Zarka`
om,Mazub
om,Mazum
om,Mdha
om,Merbat
om,M`hal
om,Mibam
om,Midah
om,Mida
om,Midway
om,Milah
om,Minabak
om,Min`a
om,Mina' Sitt
om,Minbak
om,Minsift
om,Mintaf
om,Minthar
om,Mintirib
om,Mintirib
om,Minzafah
om,Minzifah
om,Mirah
om,Mirbat
om,Misfah al `Ali
om,Misfah al Halfayn
om,Misfah al Shurayqiyin
om,Misfah ash Shurayqiyin
om,Misfah as Safil
om,Misfah
om,Misfah
om,Misfaq al Halfayn
om,Misin
om,Miskin
om,Misliq
om,Miss
om,Mitali
om,Mithqub
om,Mi`wal
om,Mizbar
om,Mizfar
om,Muaskar al Murtafa`a
om,Mu`askar al Murtafi`ah
om,Mu` askar `Ibri
om,Mu`aydin
om,Mubayq
om,Mudabbah
om,Mudaybi
om,Mudaybi
om,Mudayrah
om,Mudayrib
om,Mudayy
om,Mudbugha
om,Mudhaibi
om,Mudhairib
om,Mudhayrib
om,Mudrah
om,Mudri
om,Mughbariyah
om,Mughrabah
om,Mughrah
om,Mughsayl
om,Mughshin
om,Muhali
om,Muhaydith
om,Muhya
om,Mukayhim
om,Mukaysah
om,Mukaysa
om,Mukhaylif
om,Mukhaysirah
om,Mukhayti
om,Mukhi
om,Mukhtari`
om,Muladdah
om,Multaqa `Alwiyah
om,Multaqa Hadriyah
om,Multaqá Sharak
om,Munayzif
om,Munayzif
om,Munjarid
om,Munqas
om,Muntaf
om,Muntarib
om,Muntayfah
om,Muqal
om,Muqaydan
om,Muqayhfah
om,Muqay`if
om,Muqaz
om,Muqniyat
om,Muqraymatayn
om,Muqshin
om,Muqshur
om,Muqur
om,Murair
om,Murarah
om,Murayjat
om,Murayrat
om,Murayr
om,Muraysi
om,Murbat
om,Murihah
om,Murih
om,Murji
om,Murrah
om,Murri
om,Murri
om,Murtafa`at Saham
om,Musalla
om,Musawa
om,Musayb
om,Musaydirah
om,Musayfiyah
om,Musayna`ah
om,Musayni`iyah
om,Musayrat Shurayqiyin
om,Muscat
om,Mushabbah
om,Mushaqasah
om,Mushayq
om,Mushebba
om,Mushir
om,Musibit
om,Muslaf
om,Muslimat
om,Mu`tamar
om,Mutayli`
om,Mutayrah
om,Muti
om,Mutrah
om,Muttrah
om,Muwaffaq
om,Muwaybin
om,Muzaynah
om,Nabr
om,Nadan
om,Nadhifi
om,Nadhif
om,Naf`ah
om,Naft
om,Nafun
om,Nahdah
om,Nahdah
om,Nahiz
om,Nahoor
om,Nahur
om,Naid
om,Najd
om,Najid
om,Nakhl
om,Nakhr
om,Nakhshah
om,Naqisi
om,Naqsi
om,Nattalah
om,Nawai-i
om,Nazab
om,NazÌ§ifi
om,Nazwah
om,Niad
om,Nibah
om,Nidab
om,Nida'
om,Nigrit
om,Nihada
om,Nizwá
om,Nujayd
om,Nujum
om,Nura
om,Nuwai
om,Nuwal
om,Nuwa
om,Nuway'i
om,Nuway'
om,Okkad
om,Owtar
om,Qabbah
om,Qabil al Hirth
om,Qabil
om,Qabil
om,Qab'il
om,Qabil Yal Bu Sa`id
om,Qa`b
om,Qadah
om,Qadá
om,Qadhait
om,Qadheit
om,Qafa
om,Qafis
om,Qaftat
om,Qa`idi
om,Qal`at al `Awamir
om,Qal`at Kasrá
om,Qa'lat
om,Qalhat
om,Qanah
om,Qanatir
om,Qandeen
om,Qandin
om,Qantab
om,Qarabi
om,Qarat al Milh
om,Qarat az Zingi
om,Qarat az Zunji
om,Qarayah Qata
om,Qarib
om,Qari
om,Qar Khul Qabal
om,Qarn
om,Qarn Sawadiyah
om,Qarr
om,Qarr Shamis
om,Qarthet
om,Qarthit
om,Qarutah
om,Qarut al `Ulya
om,Qarut as Sufla
om,Qaryah
om,Qaryah
om,Qaryat al `Ayjah
om,Qaryat al Firay
om,Qaryat al-Kabirah
om,Qaryat as Samar
om,Qaryat Dafiyat
om,Qaryat Maghilah
om,Qaryat Shi`inzi
om,Qaryat `Umq
om,Qasa`ah
om,Qasabiyat al Burayk
om,Qasabiyat Al Bu Sa`id
om,Qasabiyat al Hawasinah
om,Qasabiyat az Za`ab
om,Qasabiyat
om,Qasabiyat Yal Burayk
om,Qasaf
om,Qasah
om,Qas`ah
om,Qasbiya
om,Qasbiyat al Burayk
om,Qashah
om,Qasini
om,Qata`ah
om,Qayd
om,Qaylah
om,Qaysad
om,Qayut
om,Qef Dann al Hamra'
om,Qibah
om,Qidah
om,Qila
om,Qitqawt
om,Qizmi
om,Quabil
om,Qu`ayd
om,Qubiyat
om,Quff
om,Qulayyah
om,Qumaylah
om,Qumayrah
om,Qurah
om,Quraiyat
om,Qurayat
om,Qurayyah
om,Qurayyat
om,Qurayyih al Qata
om,Quri
om,Qurm
om,Qurn Sawadiya
om,Qurtah
om,Qurta
om,Quryat
om,Qusaydat
om,Qusuf
om,Quwairat
om,Quwayrat
om,Rabi
om,Raddah
om,Raf`ah
om,Rafsah
om,Rahab
om,Rahbah
om,Rahmah
om,Rahn
om,Rajmi
om,Rakabi
om,Rakhbah
om,Rakhuit
om,Rakhyut
om,Rakyut
om,Rakzah
om,Ramlah
om,Ramlah
om,Raqi
om,Ra's al `Aqq
om,Ra's al Qara`ah
om,Ra's al Salam
om,Ra's ar Ru`ays
om,Ra's as Salam
om,Rasibah
om,Rasin
om,Rasis
om,Ra'siyah
om,Rasm
om,Ra's
om,Rassah
om,Rassier
om,Rawdah
om,Rawdah
om,Rawdah
om,Rawdah
om,Rayibah
om,Raykhut
om,Raysut
om,Raythathey
om,Rayy
om,Rayzut
om,Rekab al Shib
om,Reoob
om,Rida'
om,Rihani
om,Rihani
om,Rija`
om,Rijlah
om,Rijla
om,Rikab ash Shibb
om,Rimi
om,Rimthah
om,Riqqah
om,Rism
om,Rissah
om,Rissah
om,Risut
om,Riyam
om,Riyan
om,Roda
om,Rostak
om,Rubat
om,Rubiyah
om,Rubkah
om,Ruddah
om,Rudha
om,Ruhaybah
om,Rukab ash Shabb
om,Rukhdayn
om,Rumaidh
om,Rumais
om,Rumaylah
om,Rumays
om,Rumayyah
om,Rumayyih
om,Ruqqah
om,Rusayl
om,Rushayd
om,Rustaq
om,Ru'us
om,Ruwaila
om,Ruwaydah
om,Ruwaylah
om,Ruwaylat az Za`ab
om,Ruwaylat Badw
om,Ruways
om,Ruwi Gharbi
om,Ruwi
om,Sa`abah
om,Sa`ab Bani Khamis
om,Sa`ab
om,Sa`adi
om,Sa`al
om,Sa`arah
om,Sa'ara
om,Sabaikha
om,Sabakh
om,Sabkhat
om,Sabtan
om,Sabt
om,Sadadib
om,Sa`dah
om,Sadah
om,Sadairah
om,Sadam
om,Sadan
om,Sadh
om,Sad
om,Safah
om,Safaij
om,Safa'iq
om,Safa'
om,Safil
om,Safqat
om,Safqot
om,Safqut
om,Safut
om,Safwan
om,Sahaiah
om,Sahailah
om,Sahaila
om,Sahalnawt
om,Saham
om,Saham Town
om,Sahayli
om,Sahb al Nun
om,Sahb an Nun
om,Sahban
om,Sahiban
om,Sahil Harmul
om,Sahil
om,Sahm
om,Sahsahan
om,Sahsaha
om,Sa`idah
om,Sa`id Bin Sahran
om,Sa`id
om,Saifam
om,Saih al Maleh
om,Saih al-Malih
om,Saih-el-Malih
om,Sailal
om,Saiq
om,Saitaw
om,Salaif
om,Salaiyah
om,Salalah
om,Sal al A`lá
om,Salala
om,Sal al Kabir
om,Salam
om,Salayah
om,Salaylah
om,Salb
om,Salhad
om,Sal Hamdan
om,Salh
om,Salib
om,Salifah
om,Salil
om,Salil
om,Salistam
om,Sal Khawr
om,Sall al A`lá
om,Sall al Kabir
om,Sallan
om,Sallan
om,Sallat Ashaba
om,Sall Hamdan
om,Sall Istam
om,Sall Khawr
om,Sall Malik
om,Salmah
om,Salmá
om,Sal Melik
om,Salmiyah
om,Sal
om,Salut
om,Samad
om,Samad Town
om,Sama'il
om,Sama`iyah
om,Saman
om,Samhan
om,Samkat
om,Samra'
om,Samud
om,Sanaiba
om,Sanat
om,Sanau
om,Sanaw
om,Sanhiyat
om,Sanqar
om,Sant
om,Saqah
om,Saqilah
om,Saqlah
om,Saqrah
om,Saraima
om,Sa`ra'
om,Sar Ayd
om,Sarbih
om,Sarfanah
om,Sarid
om,Sarin
om,Sarkaan
om,Sarkhaar
om,Sarkhar
om,Saruq
om,Sarur
om,Saruz
om,Sauqara
om,Sawaiharah
om,Sawaqim
om,Sawqarah
om,Sawqirah
om,Sawt
om,Sawt
om,Saybah
om,Saydah
om,Sayda
om,Sayfam
om,Sayh adh Dhabi
om,Sayhakil
om,Sayh al Asfal
om,Sayh al Malih
om,Sayh
om,Sayjah
om,Sayjani
om,Sayma'
om,Sayma'
om,Saynah
om,Sayq
om,Sayq
om,Sayr
om,Sayyah
om,Sedab
om,Sehab
om,Sehaff
om,Sehaf
om,Selat Ashaba
om,Shafa`
om,Shafia
om,Shafi`
om,Shaghaf
om,Shaghi
om,Shahait
om,Shahiq
om,Shair
om,Shakhakhit
om,Shakhbut
om,Shalim
om,Shamm
om,Sham
om,Shanatir
om,Shanitah
om,Shantut Saham
om,Shanut
om,Shaq
om,Sharaijah
om,Sharam
om,Sharbatat
om,Sharbithat
om,Shari`ah
om,Sharik
om,Shariq
om,Shariyah
om,Sharjah
om,Sharjat Saqabah
om,Sharkh
om,Sharmilah
om,Sharm
om,Sharqatayn
om,Sharqi Hafit
om,Sharyah
om,Sharyatayn
om,Sharyat Ayqal
om,Shat
om,Shawah
om,Shaww
om,Shayrah
om,Shelim
om,Sheria
om,Sherkh
om,Shibat
om,Shibith
om,Shi`b Nahiz
om,Shibob
om,Shidah
om,Shi`inzi
om,Shijah
om,Shinas
om,Shiqqat al `Awd
om,Shira
om,Shirkho
om,Shirs
om,Shirs Yal Burayk
om,Shisah
om,Shishah
om,Shisha
om,Shisuh
om,Shiya'
om,Shu`aymiah
om,Shu`aymiyah
om,Shubaykah
om,Shufi
om,Shufrah
om,Shufra
om,Shuhayt
om,Shukayli
om,Shumayt
om,Shurayjah
om,Shurayjah
om,Shurayjah
om,Shurayjat
om,Shurayjat Thuqbah
om,Shuwahi
om,Shuwah
om,Shuwayhah
om,Shuway`i
om,Shuwaymirah
om,Sibi
om,Sib
om,Sidab
om,Sidaira
om,Sidakah
om,Sidaqah
om,Sidaq
om,Sifah
om,Sifalat Samail
om,Sifa
om,Sihah
om,Sihlat
om,Sih-Mall-Rakhyut
om,Sikun Shikfaino
om,Sikun Shikfainot
om,Silad
om,Silaif
om,Silat Ashaba
om,Silayb
om,Silay
om,Silhi
om,Simah
om,Sima
om,Sinaf
om,Sinni
om,Sinsilah
om,Sint
om,Siqattah
om,Siqatta
om,Sirab
om,Sir`arah
om,Sira'
om,Sirqan
om,Siseroon
om,Siserun
om,Si`
om,Siyaq
om,Siya
om,Siyudin
om,Siyyah
om,Smoor
om,Sohar
om,Su'arah
om,Subakh
om,Subayb
om,Subaykhah
om,Subiyat Za`ab
om,Subtan
om,Sudamah
om,Sudamat al Khanabish
om,Sudayrah
om,Sudh
om,Sudi
om,Sufalat Dank
om,Sufalat Ibra'
om,Sufalat Misfah
om,Sufalat Sama'il
om,Sufun
om,Suhal
om,Suhar
om,Suhaylah
om,Suhayrah
om,Sukaykira'
om,Sukhnah
om,Sukirah
om,Sukoon Zuwam ari Shari
om,Sulawah
om,Sulayb
om,Sulayf
om,Sulaymi
om,Sulayyah
om,Sulfi
om,Sultiyah
om,Sumail
om,Sumaiya
om,Sumayel
om,Sumayil
om,Sumayni
om,Sumaysim
om,Sumayyah
om,Sumhuran
om,Sumrah
om,Sumut
om,Sunainah
om,Sunaybah
om,Sunaybi`
om,Sunaynah
om,Sunaysilah
om,Sunnar
om,Sunni
om,Sunub
om,Suq Badiyah
om,Sur ad Dawahinah
om,Suraima
om,Suraj
om,Sur al `Abri
om,Sur al Balush
om,Sur Al Bu Hilal
om,Sur Al Bu Khamis
om,Sur Al Bu Rashid
om,Sur al-Masirah
om,Sur al Mazari`
om,Sur ash Shiyadi
om,Surayjah
om,Suraymah
om,Surayr
om,Sur Bani Hamad
om,Sur Bani Hammad
om,Sur Bani Khuzaymah
om,Sur Bani Khuzaymat
om,Sur-i-Masira
om,Suri
om,Sur Khusaybi
om,Sur Laqtayt
om,Sur Ma`awil
om,Sur Maghabishah
om,Sur Masirah
om,Sur Shiyadi
om,Sur
om,Sur Yal Bu Rashid
om,Sur Yal Hillal
om,Suwadi al Batha'
om,Suwadi `Alwa
om,Suwaida
om,Suwaihara
om,Suwaih
om,Suwaik
om,Suwara
om,Suwar
om,Suwayah
om,Suwayda'
om,Suwayd
om,Suwayhirah
om,Suwayh
om,Suwaykimi
om,Suwayq
om,Suwayyah
om,Suweih
om,Suwiqah
om,Ta`ab
om,Tabaqah
om,Tab
om,Taburah
om,Tabura
om,Taf al Qarha
om,Taf al Rakhm
om,Taf ar Rakhm
om,Taff ar Rakhm
om,Tafif
om,Taga
om,Tahwah
om,Taiwa
om,Taiwi
om,Takah
om,Takham
om,Talh
om,Tam
om,Tana'am
om,Tan`am
om,Tan
om,Taqah
om,Taqa
om,Taqa
om,Taqub
om,Tarif
om,Tasah
om,Tasawir
om,Tau
om,Tawa
om,Tawi al Badu
om,Tawi al Badw
om,Tawi al Hayl
om,Tawi al Qarinat
om,Tawi `Aqdah
om,Tawi Bedi Guish
om,Tawidah
om,Tawi Harim
om,Tawi Khadaraq
om,Tawi Khuzayriyah
om,Tawi Kuraysh
om,Tawi Mansur
om,Tawi Muqayriyah
om,Tawi Nawimiya
om,Tawi Nuss
om,Tawi Rumayih
om,Tawi Sadh
om,Tawi Sayh
om,Tawi Sih
om,Tawi Sulaym
om,Tawi
om,Tawi `Ubayd
om,Tawiyah
om,Tawiyah
om,Tawiyan
om,Tawiyan Yiti
om,Tawj
om,Taww
om,Tayma'
om,Taymissah
om,Taywah
om,Teetaan
om,Tayyib
om,Thabiti
om,Thaghi
om,Thagi
om,Thaka
om,Thalfut
om,Thaloot
om,Thalut
om,Thamarit
om,Thaqib
om,Thaqub
om,Tharfait
om,Tharmad
om,Theb
om,Thermod
om,Thibab
om,Thina'
om,Thinqayr
om,Thissor
om,Thumayd
om,Tibat
om,Tibbah
om,Tibba
om,Tidah
om,Tikhah
om,Tiwi
om,Tubbah
om,Tul
om,Tumayt
om,Tunus
om,Turayf
om,Tuwaybah
om,`Ubaylah
om,`Udhaybah
om,Uhi
om,Ukhaydir
om,UkhayzÌ§ir
om,`Ulub
om,`Ulyah
om,`Ulya
om,Umm Adailan
om,Umm al `An'ah
om,Umm al `Inah
om,Umm al Ja`arif
om,Umm al `Unnah
om,Umm ar Rasas
om,Umm Rasas
om,Umm Rusays
om,UmmRusays
om,Umm Saghrain
om,Umm SÌalib
om,`Umq Bi'r
om,`Umq
om,Unkulth
om,Uqdah
om,`Uqdah
om,`Uqq
om,`Urf
om,Urzuq
om,`Uwaydat
om,`Uwaynah
om,`Uyun
om,`Uyun
om,Wa`ab `Ali
om,Wa`ab al Lif
om,Wa'a Bin Baraq
om,Wa`ab Mubarak
om,Wa'ab Mubarik
om,Wa`b `Ali
om,Wab al Sebil
om,Wabal
om,Wabal
om,Wa`b Mubarak
om,Wadd
om,Wadi `Andam
om,Wadi Kabir
om,Wadi Khasbar
om,Wadi Layh
om,Wadi Mayh
om,Wadim
om,Wadi Shirs
om,Wadiyah al Hadriyah
om,Wadiyah al `Ulya'
om,Wadiyat al Hadriyah
om,Wadiyat al `Ulya'
om,Wadiyat
om,Wadiyayn
om,Wafi
om,Waghlah
om,Wahala
om,Wahlah
om,Wajmah
om,Wakan
om,Waljah
om,Wally Camp
om,Waqbah
om,Waqif az Zabrah
om,Wariyah
om,Washihi
om,Washihi
om,Washil
om,Wasil
om,Wasit
om,Wasit
om,Wasit
om,Wasi
om,Watif
om,Wayt
om,Werrsaar
om,Widham
om,Wihi al Murr
om,Wishal
om,Wudam `Alwa
om,Wudam
om,Wudham `Alwa'
om,Wudham
om,Wughlah
om,Wukabah
om,Wuqbah
om,Wutayyah
om,Yahi Risakh
om,Yahi Rizakh
om,Yanqal
om,Yanqul
om,Yawiyah
om,Yemah
om,Yenkit
om,Yidah
om,Yidiyah al Bahr
om,Yidiyah Safiyah
om,Yika'
om,Yimah
om,Yistin
om,Yiti
om,Yiyailah
om,Za`bah
om,Zabara
om,Zab
om,Za`faran
om,Zaghi
om,Zammah
om,Zarub
om,Zawajah
om,Zawliyah
om,Zaybah
om,Zaydi
om,Zaymi
om,Zghiu
om,ZÌ§abi`ah
om,ZÌ§ab`in
om,ZÌ§abyah
om,ZÌ§abyat
om,ZÌ§ahir
om,ZÌ§ahir
om,ZÌ§ahrayn
om,ZÌ§ahr Sidrah
om,ZÌ§ahr
om,ZÌ§ahur
om,Zibarah
om,ZÌ§iyan
om,Ziki
om,Zikt
om,Zilaft
om,ZÌ§uwayhir
om,ZÌ§uwayhir
om,Zukayt
