ps,Abasan
ps,Abasan al Kabir
ps,Abasân el-Kabîr
ps,Abu al `Ajaj
ps,`Abud
ps,Abu Dis
ps,Abu el `Ajaj
ps,Abu Qash
ps,Abu Qashsh
ps,Abu Shueidin
ps,Abu Shukhaydim
ps,Abu Shukheidim
ps,`Abwayn
ps,`Abwein
ps,Adam
ps,Ad Dahiriyah
ps,Ad Duyuk
ps,Adh Dhahiriya
ps,Adnim
ps,Adora
ps,Adorah
ps,`Ain `Arik
ps,Ain `Atara
ps,`Ain Nuwi`ima
ps,Ain Qiniya
ps,`Ain Yabrud
ps,`Ajja
ps,`Ajjah
ps,`Ajjul
ps,Akabeh
ps,Al Atrun
ps,Al `Attara
ps,Al `Attarah
ps,Al `Auja
ps,Al `Awja'
ps,Al `Ayzariyah
ps,Al Barid
ps,Al Bira
ps,Al Birah
ps,Al Burayj
ps,Al-Bureij
ps,Al `Eizariya
ps,Al Fandaqumiya
ps,Al Fandaqumiyah
ps,Al Fasa'il
ps,Alfe Menashe
ps,Al Funduq
ps,Al Haram
ps,Al Haram ash Sharif
ps,Al Hashimiyah
ps,Al Jaba`
ps,Al Jab`ah
ps,Al Jakhadim
ps,Al Janiya
ps,Al Janiyah
ps,Al Jardah
ps,Al Jib
ps,Al Judayrah
ps,Al Judayyidah
ps,Al Khadr
ps,Al Khalil
ps,Al Khidr
ps,Al Latrun
ps,Allen More
ps,Allon
ps,Allon Shevut
ps,Al Lubban
ps,Al Maghtis
ps,Al Makhruq
ps,Al Mashahira
ps,Al Mashahirah
ps,Al Mazra`ah al Qibliyah
ps,Al Mazra`ah ash Sharqiyah
ps,Al Mazra`at al Qibliyah
ps,Al Midya
ps,Al Midyah
ps,Almog
ps,`Almon
ps,Al Mughaiyir
ps,Al Mughayir
ps,Al Mughayyir
ps,Alon-Morah
ps,Alon Moreh
ps,Al Qubaybah
ps,Al Qubeiba
ps,Al Yamun
ps,`Ammaos
ps,`Ammuriya
ps,`Ammuriyah
ps,`Ammurya
ps,`Ammuryah
ps,`Amwas
ps,`Anabta
ps,`Anabtah
ps,`Anata
ps,`Anatot
ps,`Anebta
ps,`Anin
ps,An Maqurah
ps,An Nabi Ilyas
ps,An Nabi Salih
ps,An Nabi Samu'il
ps,An Nabi Samwil
ps,An Naqura
ps,An Naqurah
ps,An Nazla al Gharbiya
ps,An Nazla al Wusta
ps,An Nazla ash Sharqiya
ps,An Nazlah al Gharbiyah
ps,An Nazlah al Wusta
ps,An Nazlah
ps,An Nazlah ash Sharqiyah
ps,An Nazlat al Wusta
ps,An Nazlat ash Sharqiyah
ps,An Nuway`imah
ps,`Anza
ps,`Anzah
ps,Aqabe
ps,`Aqqaba
ps,`Aqqabah
ps,`Aqqabe
ps,`Aqraba
ps,`Aqrabah
ps,`Aqrabe
ps,`Arabbuna
ps,`Arabbunah
ps,Arabeh
ps,`Araqa
ps,`Araqah
ps,`Arava
ps,Argaman
ps,Ari'el
ps,Ariha
ps,`Arraba
ps,`Arrabah
ps,`Arrabe
ps,'Arrabuna
ps,Arrakah
ps,Ar Rama
ps,Ar Ramah
ps,Ar Ram
ps,`Arrana
ps,`Arranah
ps,`Arraqa
ps,Ar Ra's
ps,Ar Rihiya
ps,Ar Rihiyah
ps,Ar Ru`ah
ps,Ar Ru`at
ps,Artas
ps,Artasium
ps,`Arura
ps,`Arurah
ps,Ash Shaykh `Arubi
ps,Ash Shaykh `Aruri
ps,Ash Shaykh Falih
ps,Ash Shuhada'
ps,Ash Shumaysani
ps,Ash Shuyukh
ps,`Asira al Qibliya
ps,Asira ash Shamaliya
ps,`Asira
ps,`Asira el Qibliya
ps,`Asira el Qibliye
ps,`Asira esh Shamaliya
ps,`Asira esh Shamaliye
ps,`Asirah al Qibliyah
ps,`Asirah ash Shamaliyah
ps,`Askar
ps,As Samu`
ps,As Sawiya
ps,As Sawiyah
ps,As Sira ash Shamaliyah
ps,`Atara
ps,`Atarot
ps,`Atarut
ps,`Ateret
ps,Atraqzia
ps,At Taiyiba
ps,`Attara
ps,`Attarah
ps,Attarot
ps,At Tayyiba
ps,At Tayyibah
ps,`Attil
ps,At Tira
ps,At Tirah
ps,At Tur
ps,Audala
ps,`Auja el Fauqa
ps,Ausarin
ps,Avne Hafez
ps,`Awarta
ps,`Awdallah
ps,Aw Sarin
ps,`Aynabus
ps,`Ayn `Arik
ps,`Ayn Fashkhah
ps,`Ayn Nuwi`imah
ps,`Ayn Qiniya
ps,`Ayn Qiniyah
ps,`Ayn Siniya
ps,`Ayn Yabrud
ps,`Azmut
ps,`Azza
ps,Az Zababida
ps,Az Zababidah
ps,Az Zababide
ps,Azzah
ps,Az Zahiriyah
ps,Az Zawiyah
ps,Az Zayt
ps,`Azzun
ps,Baka
ps,Bal`a
ps,Bal`ah
ps,Bal`ama
ps,Bal`amah
ps,Balata
ps,Balatah
ps,Ballutat Ibrahim
ps,Bani Na`im
ps,Bani Qays
ps,Bani Qeis
ps,Bani Suhaylah
ps,Bani Suhayl
ps,Bani Suheila
ps,Baqa ash Sharqiya
ps,Baqa
ps,Baqa esh Sharqiya
ps,Baqah ash Sharqiyah
ps,Baqah
ps,Baqat ash Sharqiyah
ps,Bardala
ps,Bardalah
ps,Barqan
ps,Barqan B
ps,Barta'a
ps,Battir
ps,Bayta al Fawqa
ps,Bayta at Tahta
ps,Bayta
ps,Bayt `Abd al Qadir
ps,Bayt al Khirbah
ps,Bayt Awla
ps,Bayt Dajan
ps,Bayt Duqqu
ps,Bayt Fajjar
ps,Bayt Furik
ps,Bayt Hamdan al Ahmad
ps,Bayt Hanina
ps,Bayt Hanun
ps,Bayt Iba
ps,Bayt Ijza
ps,Bayt Iksa
ps,Baytillu
ps,Bayt Immar
ps,Bayt `Inan
ps,Baytin
ps,Bayt Jala
ps,Bayt Kahil
ps,Bayt Lahiya
ps,Bayt Lahiyah
ps,Bayt Lahm
ps,Bayt Lid
ps,Bayt Liqya
ps,Bayt Luba
ps,Bayt Nuba
ps,Bayt Nurik
ps,Bayt Qad
ps,Bayt Rima
ps,Bayt Safafa
ps,Bayt Sahur
ps,Bayt Sira
ps,Bayt Surik
ps,Bayt `Umar
ps,Bayt Umrin
ps,Baytuniya
ps,Bayt `Ur al Fawqa
ps,Bayt `Ur at Tahta
ps,Bayt `Ur
ps,Bayt Wazan
ps,Bazariya
ps,Bazariyah
ps,Bazzariya
ps,Bazzariyah
ps,Bedolah
ps,Be-erot
ps,Be-eroth
ps,Beit `Abd el Qadir
ps,Beit `Abdul Qadir
ps,Beita
ps,Beita el Fauqa
ps,Beita et Tahta
ps,Beit Aula
ps,Beit Dajan
ps,Beit Duqqu
ps,Beit el Khirba
ps,Beit Fajjar
ps,Beit Furik
ps,Beit Hamdan el Ahmad
ps,Beit Hanina
ps,Beit Hanun
ps,Beit Horon ha `Elyon
ps,Beit Iba
ps,Beit Ijza
ps,Beit Iksa
ps,Beitillu
ps,Beit Immar
ps,Beit I`nan
ps,Beita al Fauqa
ps,Beita at Tahta
ps,Beitin
ps,Beit Jala
ps,Beit Kahil
ps,Beit Lahiya
ps,Beit Lahm
ps,Beit Lahya
ps,Beit Lehem
ps,Beit Lid
ps,Beit Liqya
ps,Beit Nuba
ps,Beit Qad
ps,Beit Rima
ps,Beit Safafa
ps,Beit Sahur
ps,Beit Sira
ps,Beit Surik
ps,Beit Ummar
ps,Beit Umrin
ps,Beitunia
ps,Beituniya
ps,Beitunya
ps,Beit `Ur al Fauqa
ps,Beit `Ur at Tahta
ps,Beit `Ur el Fauqa
ps,Beit Ur el Foka
ps,Beit `Ur el Foqa
ps,Beit `Ur et Tahta
ps,Beit Wazan
ps,Belar
ps,Bene `Azmon
ps,Benot Orot Yisra'el
ps,Beqa`ot
ps,Berakha
ps,Betar
ps,Bet Arye
ps,Bet El B
ps,Bet El
ps,Bet Ha`Arava
ps,Bethany
ps,Bethel
ps,Bethléem
ps,Bethlehem
ps,Bet Horon B
ps,Bet Horon
ps,Bet Mirsham
ps,Betounia
ps,Bettsahour
ps,Bet Yattir
ps,Biddiya
ps,Biddu
ps,Biddya
ps,Bidieh
ps,Bidiye
ps,Bidu
ps,Bidya
ps,Bil`in
ps,Bira
ps,Birah
ps,Bi'r az Zayt
ps,Bire
ps,Bi'r Nabala
ps,Birqin
ps,Biryah
ps,Bi'r Zayt
ps,Bir Zeit
ps,Bitayn
ps,Bituniya
ps,Brosh
ps,Bruqin
ps,Brura
ps,Budrus
ps,Burbam
ps,Burgin
ps,Burham
ps,Burin
ps,Burj el Baiyara
ps,Burqa
ps,Burqah
ps,Burqayn
ps,Burqin
ps,Buruqin
ps,Canada Park
ps,Dair Balut
ps,Dannaba
ps,Dannabah
ps,Dar Abu Sabha
ps,Daribat ash Shaykh Hammuda
ps,Dayr Abu Da`if
ps,Dayr Abu Mash`al
ps,Dayr al Balah
ps,Dayr al Ghusn
ps,Dayr al Ghusun
ps,Dayr al Hatab
ps,Dayr `Ammar
ps,Dayr as Sudan
ps,Dayr Ballut
ps,Dayr Dibwan
ps,Dayr Ghassanah
ps,Dayr Ghazalah
ps,Dayr Ghazzalah
ps,Dayr Ibzi`
ps,Dayr Istiya
ps,Dayr Istya
ps,Dayr Jarir
ps,Dayr Nizam
ps,Dayr Qaddis
ps,Dayr Qiddis
ps,Dayr Sharaf
ps,Debir
ps,Deir Abu Da`if
ps,Deir Abu Mash`al
ps,Deir al Ghusan
ps,Deir al Ghusun
ps,Deir al Hatab
ps,Deir Ammar
ps,Deir as Sudan
ps,Deir Ballut
ps,Deir Dibwan
ps,Deir el-Balah
ps,Deir el Ghusun
ps,Deir el Hatab
ps,Deir es Sudan
ps,Deir Ghassana
ps,Deir Ghazala
ps,Deir Ghazzala
ps,Deir Ghazzalah
ps,Deir Ibzi`
ps,Deir Istiya
ps,Deir Istya
ps,Deir Jarir
ps,Deir Nidham
ps,Devir
ps,Deir Qaddis
ps,Dhahiriya
ps,Dhahrat Zein ed Din
ps,Dhannabah
ps,Djelbon
ps,Djemmain
ps,Djenin
ps,Dolev
ps,Doma
ps,Domea
ps,Dugit
ps,Duma
ps,Dumah
ps,Dura al Qar`
ps,Dura
ps,Dura el Qar`
ps,Durah
ps,Duyuk
ps,Ed Dhaherie
ps,Edh Dhahiriya
ps,Edh Dhahriye
ps,Edh Dhairiya
ps,Efrata
ps,Efratah
ps,`Einabus
ps,`Ein `Arik
ps,`Ein Fashkha
ps,`Ein Gannim
ps,Ein Qiniya
ps,`Ein Sinya
ps,`Ein Yabrud
ps,`Eizariya
ps,El `Araqa
ps,El `Attara
ps,El 'Auja
ps,El`azar
ps,El Barid
ps,El Bira
ps,El Bureij
ps,El Dahaheriya
ps,El `Eizariye
ps,Ele Sinai
ps,El Fandaqumiya
ps,El Fandaqumiye
ps,El Fasayil
ps,El Funduq
ps,El Haram esh Sharif
ps,El Hashimiya
ps,`Eli
ps,Elisha`
ps,El Jab`a
ps,El Jakhadim
ps,El Janiya
ps,El Jib
ps,El Judeiyida
ps,El Khader
ps,El Khadr
ps,El Khalil
ps,El Khulil
ps,El Lubban
ps,El Makhruq
ps,El Maza'a esh Sharqiya
ps,El Mazara`a esh Sharqiya
ps,El Mazra`a al Qibliya
ps,El Mazra`a el Qibliya
ps,El Midya
ps,Deir Sharaf
ps,Der el Bela
ps,El Mugheir
ps,El Mughaiyir
ps,El Nesleh
ps,Elon More
ps,Elon Moreh
ps,Elqana D
ps,Elqana
ps,El Qubeiba
ps,El Taiyiba
ps,El Yamun
ps,`Enav
ps,Engannim
ps,En Nabi Elyas
ps,En Nabi Ilyas
ps,En Nabi Sahih
ps,En Nabi Salih
ps,En Nabi Samuil
ps,En Nabi Samweil
ps,En Nabi Samwil
ps,En Naqura
ps,En Nazla al Gharbiya
ps,En Nazla al Wusta
ps,En Nazla ash Sharqiya
ps,En Nazla el Gharbiya
ps,En Nazla el Wusta
ps,En Nazla esh Sharqiya
ps,En Nazle el Wasta
ps,En Nazle
ps,En Nezle
ps,Erez
ps,Eriha
ps,Er Rafa
ps,Er Rama
ps,Er Ram
ps,Er Ras
ps,Er Rihiya
ps,Esh Sheikh Falih
ps,Esh Sheikh Jarrah
ps,Esh Shuhada
ps,Esh Shumeisani
ps,Esh Shuyukh
ps,Eshtemoa`
ps,Es Samu`
ps,Es Sawiya
ps,Et Taiyiba
ps,Et Taiyibe
ps,Et Tayyibeh
ps,Et Tira
ps,Et Tur
ps,`Ez Efrayim
ps,Ez Zababida
ps,Ez Zawiya
ps,Ez Zawye
ps,Fahma
ps,Fahmah
ps,Falama
ps,Falamah
ps,Falamia
ps,Falamiyah
ps,Fandaqumiya
ps,Fandaqumiye
ps,Faqqu`a
ps,Faqqu`ah
ps,Far`ata
ps,Far`atah
ps,Farkha
ps,Farkhah
ps,Far`un
ps,Fendakumie
ps,Fendakumiyeh
ps,Firasin
ps,Fir`awn
ps,Gadid
ps,Gane Modi`in
ps,Ganne Tal
ps,Gannim
ps,Gan Or
ps,Gavri'el
ps,Gaza
ps,Geva`
ps,Geva`ot
ps,Ghazah
ps,Ghazza
ps,Ghazzah
ps,Ghazze
ps,Ghazzi
ps,Er Ru`at
ps,Ghuzze
ps,Gilbo`a
ps,Gilgal
ps,Gilo
ps,Ginnat
ps,Ginnot Shomeron
ps,Gillo
ps,Gittit
ps,Giv`at HaMatos
ps,Giv`at HaMerkaziz
ps,Giv`at HaMivtar
ps,Eshkolot
ps,Esh Sheikh `Aruri
ps,Giv`at Harsina
ps,Giv`at HaRadar
ps,Giv`at Homa
ps,Giv`at Ze'ev
ps,Giv`on Hadassa B
ps,Giv`on
ps,Giv`at Shappira
ps,Giv`On Hadassa
ps,Giv`on HaHadasha
ps,Habla
ps,Hablah
ps,Habrun
ps,Hadar Betar
ps,Haggai
ps,Haggy
ps,Hajja
ps,Hajjah
ps,Halhul
ps,Hallamish
ps,Hamra
ps,Hanut Yona
ps,Har Adar
ps,Haram esh Sharif
ps,Har Gillo
ps,Har Gilo
ps,Haris
ps,Hatserot
ps,Hebron
ps,Hemdat
ps,Hermesh
ps,Hevron
ps,Hinnanit
ps,Hizmah
ps,Hizma
ps,Homesh
ps,Horon Gimmel
ps,Husan
ps,Huwarah
ps,Huwwarah
ps,Huwwara
ps,`Ibwayn
ps,`Ibwein
ps,Idnah
ps,Idna
ps,Ijnisinya
ps,Iktabah
ps,Iktaba
ps,`Illar
ps,`Immanu`el
ps,Immatin
ps,`Imwas
ps,`Iraq Burin
ps,Ir David
ps,`Irit
ps,Irtah
ps,Iskakah
ps,Iskaka
ps,`Islah
ps,`Isla
ps,`Izbat at Tabib
ps,`Izbatet et Tabib
ps,Jab`a
ps,Jaba`
ps,Jabaliya
ps,Jabalya
ps,Jaiyus
ps,Jalamah
ps,Jalama
ps,Jalamat as Siyar
ps,Jalamat es Siyar
ps,Jalbun
ps,Jalqamus
ps,Jalud
ps,Jamaliyah
ps,Jamma`in
ps,Jammalah
ps,Jammala
ps,Janin
ps,Janiyah
ps,Jarba'
ps,Jaurat esh Sham`a
ps,Jayyus
ps,Jeba
ps,Jemma`in
ps,Jenin
ps,Jericho
ps,Jibiya
ps,Jib
ps,Jibya
ps,Jifna
ps,Jiftlik
ps,Jiljilia
ps,Jiljiliyah
ps,Jiljiliya
ps,Jiljiliye
ps,Jinin
ps,Jit
ps,Jitt
ps,Judaydah
ps,Judayrah
ps,Judeida
ps,Judeira
ps,Judirah
ps,Judira
ps,Junayd
ps,Juneid
ps,Jurat ash Sham`ah
ps,Jurat esh Shama
ps,Jurish
ps,Kaddim
ps,Kaddum
ps,Kadoum
ps,Kafr `Abbush
ps,Kafr ad Dik
ps,Kafr al Labad
ps,Kafr `Aqab
ps,Kafr Ashwa`
ps,Kafr `Ata
ps,Kafr `Ayn
ps,Kafr Bayta
ps,Kafr Beita
ps,Kafr Dan
ps,Kafr ed Dik
ps,Kafr `Ein
ps,Kafr el Labad
ps,Kafr Haris
ps,Kafr Ishwa
ps,Kafr Jammal
ps,Kafr Kaddum
ps,Kafr Laqif
ps,Kafr Malik
ps,Kafr Ni`mah
ps,Kafr Ni`ma
ps,Kafr Qaddum
ps,Kafr Qalil
ps,Kafr Qallil
ps,Kafr Qud
ps,Kafr Ra`i
ps,Kafr Rumman
ps,Kafr Sur
ps,Kafr Thulth
ps,Kafr Zibad
ps,Kalandia
ps,Kalendieh
ps,Kalia
ps,Kalkilieh
ps,Kal Kiliya
ps,Kallia
ps,Kalya
ps,Karmel
ps,Karme Zur
ps,Katanneh
ps,Katif
ps,Kaubar
ps,Kawbar
ps,Kear Darom
ps,Kefar Adummim
ps,Kefar Darom
ps,Kefar `Etsyon
ps,Kefar Etzion
ps,Kefar `Ezyon
ps,Kefar Na`aran
ps,Kefar Rut
ps,Kefar Tappuah
ps,Kefar Yam
ps,Keram
ps,Kfar-Etsion
ps,Kfar Etzion
ps,Kfar Etziyon
ps,Kfar Saba
ps,Khadr
ps,Khalil-el-Rahman
ps,Khan al `Askar
ps,Khan el `Askar
ps,Khan Younes
ps,Khan Yumus
ps,Khan Yunis
ps,Khan Yunus
ps,Kharas
ps,Kharbata
ps,Khirbat `Abd Allah al Yunis
ps,Khirbat `Abd Allah al Yunus
ps,Khirbat `Abd Allah Ibrahim
ps,Khirbat `Abdullah el Yunis
ps,Khirbat `Abdullah Ibrahim
ps,Khirbat Abu Falah
ps,Khirbat Abu Harfil
ps,Khirbat Abu Nujaym
ps,Khirbat Abu Nujeim
ps,Khirbat ad Dahr
ps,Khirbat ad Dayr
ps,Khirbat ad Deir
ps,Khirbata
ps,Khirbat al `Alawinah
ps,Khirbat al `Aqqabah
ps,Khirbat al `Aqrabaiya
ps,Khirbat al `Aqrabaniyah
ps,Khirbat al `Arrub
ps,Khirbat al Ashqar
ps,Khirbat al `Awja' at Tahta
ps,Khirbat al Bizrah
ps,Khirbat al Bizra
ps,Khirbat al Burj
ps,Khirbat al Ghadbanah
ps,Khirbat al Ghadbana
ps,Khirbat al Hafnah
ps,Khirbat al Hafna
ps,Khirbat al Hajarah
ps,Khirbat al Hammah
ps,Khirbat al Hamma
ps,Khirbat al Harazan
ps,Khirbat al Hijrah
ps,Khirbat al Hijra
ps,Khirbat al Hubaylah
ps,Khirbat al Jarushiyah
ps,Khirbat al Jarushiya
ps,Khirbat al Karmah
ps,Khirbat al Kaum
ps,Khirbat al Kawm
ps,Khirbat al Khuljan
ps,Khirbat al Khuraysah
ps,Khirbat al Mafjir
ps,Khirbat al Majd
ps,Khirbat al Ma`sarah
ps,Khirbat al Mirsas
ps,Khirbat al Misbah
ps,Khirbat al Munqati`ah
ps,Khirbat al Murassas
ps,Khirbat al Musharraf
ps,Khirbat al Mushrif
ps,Khirbat al Mutillah
ps,Khirbat al Mutilla
ps,Khirbat al Tarrama
ps,Khirbat an Najjar
ps,Khirbat an Nasara
ps,Khirbat an Natsh
ps,Khirbat an Nazlah
ps,Khirbat an Nazla
ps,Khirbat `Aqqabah
ps,Khirbat `Aqqaba
ps,Khirbat ar Rabud
ps,Khirbat ar Rashsh al Fawqa
ps,Khirbat ar Rashsh at Tahta
ps,Khirbat ar Rawsh al Fawqa
ps,Khirbat ar Rawsh at Tahta
ps,Khirbat `Arrub
ps,Khirbat ar Rush al Fauqa
ps,Khirbat ar Rush at Tahta
ps,Khirbat `Asalah
ps,Khirbat Asala
ps,Khirbat ash Sham`ah
ps,Khirbat ash Sham`a
ps,Khirbat ash Shaykh Sa`ad
ps,Khirbat ash Shaykh Sa`d
ps,Khirbat ash Sheikh Sa`d
ps,Khirbat `Asidah
ps,Khirbat `Asida
ps,Khirbat as Sakut
ps,Khirbat as Sikkah
ps,Khirbat at Tarramah
ps,Khirbat at Tayyibah
ps,Khirbat at Tuwayyil
ps,Khirbat `Atuf
ps,Khirbat az Za`rurah
ps,Khirbat az Za`rura
ps,Khirbat az Zu`rurah
ps,Khirbat Badd Falluh
ps,Khirbat Badd Faluh
ps,Khirbat Baqqar
ps,Khirbat Batin Abn Lihya
ps,Khirbat Batin Abu Lihyah
ps,Khirbat Batin Abu Lihya
ps,Khirbat Bayt Amin
ps,Khirbat Bayt `Awwa'
ps,Khirbat Bayt Hasan
ps,Khirbat Bayt Mirsim
ps,Khirbat Bayt Nasib al Gharbiyah
ps,Khirbat Bayt Nasib ash Sharqiyah
ps,Khirbat Bayt Nasib
ps,Khirbat Bayt Sakariyah
ps,Khirbat Bayt Ta`mir
ps,Khirbat Bayt Zakariya
ps,Khirbat Beit Amin
ps,Khirbat Beit `Awwa
ps,Khirbat Beit Hasan
ps,Khirbat Beit Mirsim
ps,Khirbat Beit Nasib el Gharbiya
ps,Khirbat Beit Nasib esh Sharqiya
ps,Khirbat Beit Nasib
ps,Khirbat Beit Sakariya
ps,Khirbat Beit Ta`mir
ps,Khirbat Beit Zakariya
ps,Khirbat Burayda`ah
ps,Khirbat Buraydhi`ah
ps,Khirbat Bureida`a
ps,Khirbat Bureidhi`a
ps,Khirbat Dahr al `Abd
ps,Khirbat Dayr al `Asal al Fawqa
ps,Khirbat Dayr al `Asal at Tahta
ps,Khirbat Dayr al `Asal
ps,Khirbat Dayr an Nil
ps,Khirbat Dayr ar Razih
ps,Khirbat Dayr `Asal al Fawqa
ps,Khirbat Dayr `Asal at Tahta
ps,Khirbat Deir al `Asal
ps,Khirbat Deir an Nil
ps,Khirbat Deir `Asal el Fauqa
ps,Khirbat Deir `Asal et Tahta
ps,Khirbat Deir en Nil
ps,Khirbat Deir er Razih
ps,Khirbat Dhahr al `Abd
ps,Khirbat Dhahr el `Abd
ps,Khirbat Duma ad Deir
ps,Khirbat Duma
ps,Khirbat ed Deir
ps,Khirbat edh Dhahr
ps,Khirbat el `Akkaba
ps,Khirbat el `Alawina
ps,Khirbat el Aqrabaniya
ps,Khirbat el Ashgar
ps,Khirbat el `Auja el Tahta
ps,Khirbat el Bizra
ps,Khirbat el Burj
ps,Khirbat el Ghadbana
ps,Khirbat el Hafna
ps,Khirbat el Hajra
ps,Khirbat el Hamma
ps,Khirbat el Harazan
ps,Khirbat el Hubeila
ps,Khirbat el Jarushiya
ps,Khirbat el Karma
ps,Khirbat el Kaum
ps,Khirbat el Mafjir
ps,Khirbat el Majd
ps,Khirbat el Ma`sara
ps,Khirbat el Mirsas
ps,Khirbat el Misbah
ps,Khirbat el Munqati`a
ps,Khirbat el Murassas
ps,Khirbat el Mushrif
ps,Khirbat el Mutilla
ps,Khirbat el Rabud
ps,Khirbat en Najjar
ps,Khirbat en Nasara
ps,Khirbat en Nazla
ps,Khirbat er Raush el Fauqa
ps,Khirbat er Rush et Tahta
ps,Khirbat esh Shama
ps,Khirbat esh Sheikh Sa`ad
ps,Khirbat es Sakut
ps,Khirbat es Sikka
ps,Khirbat et Tarrama
ps,Khirbat et Tira
ps,Khirbat et Tuwaiyil
ps,Khirbat ez Za`rura
ps,Khirbat Firasin
ps,Khirbat Hafnah
ps,Khirbat Hafna
ps,Khirbat Hubaylah
ps,Khirbat Hubeila
ps,Khirbat Jamrin
ps,Khirbat Jarushiya
ps,Khirbat Jubb ar Rum
ps,Khirbat Jubb er Rum
ps,Khirbat Kafa
ps,Khirbat Kafr Bayta
ps,Khirbat Kafr Beita
ps,Khirbat Karazah
ps,Khirbat Karaza
ps,Khirbat Karmah
ps,Khirbat Karma
ps,Khirbat Karzah
ps,Khirbat Karza
ps,Khirbat Kashdah
ps,Khirbat Kashda
ps,Khirbat Khureisa
ps,Khirbat Khursaysah
ps,Khirbat Khurseisa
ps,Khirbat Kufin
ps,Khirbat Kufr Baytah
ps,Khirbat Kufr Beita
ps,Khirbat Magharat ad Dab`ah
ps,Khirbat Magharat ed Dab`a
ps,Khirbat Marah Rabbah
ps,Khirbat Mudayminah
ps,Khirbat Mudeimina
ps,Khirbat Muqaysimah
ps,Khirbat Muqeisima
ps,Khirbat Muraysh
ps,Khirbat Mureish
ps,Khirbat Musharraf
ps,Khirbat Mustafa Abu Jabir
ps,Khirbat Qalqas
ps,Khirbat Qays
ps,Khirbat Qeis
ps,Khirbat Qilqis
ps,Khirbat Rabud
ps,Khirbat Ra'fat
ps,Khirbat Raq`ah
ps,Khirbat Raq`a
ps,Khirbat Ra's `Atiyah
ps,Khirbat Ras `Atiya
ps,Khirbat Ra's at Tirah
ps,Khirbat Ras at Tira
ps,Khirbat Ra's Tirah
ps,Khirbat Ras Tira
ps,Khirbat Ruq`ah
ps,Khirbat Safah
ps,Khirbat Safa
ps,Khirbat Salhab
ps,Khirbat Sarah
ps,Khirbat Sara
ps,Khirbat Saydah
ps,Khirbat Sikkah
ps,Khirbat Sikka
ps,Khirbat Sir
ps,Khirbat Tabaliya
ps,Khirbat Tabliyah
ps,Khirbat Tarrama
ps,Khirbat Tura ash Sharqiya
ps,Khirbat Tura el Gharbiya
ps,Khirbat Tura
ps,Khirbat Um `Allas
ps,Khirbat Um er Rihan
ps,Khirbat Um et Tala`
ps,Khirbat Umm `Allas
ps,Khirbat Umm ar Rayhan
ps,Khirbat Umm ar Rihan
ps,Khirbat Umm ash Shaghut
ps,Khirbat Umm ash Shughut
ps,Khirbat Umm at Tala`
ps,Khirbat Umm at Tal`
ps,Khirbat Umm Dayminah
ps,Khirbat Umm Natshah
ps,Khirbat Umm Salamunah
ps,Khirbat Umm Salamuna
ps,Khirbat Umm Tuba
ps,Khirbat Um Natsha
ps,Khirbat Um Salamuna
ps,Khirbat Wad ad Dabi`
ps,Khirbat Wadi ad Dab`
ps,Khirbat Wadi ed Dab`
ps,Khirbat Zahr al `Abd
ps,Khirbat Za`kukah
ps,Khirbat Za`kuka
ps,Khirbat Zayta
ps,Khirbat Zeita
ps,Khirbat Zibad
ps,Khirbet Abu Falah
ps,Khirbet at Taiyiba
ps,Khirbet Kashda
ps,Khirbet Koufin
ps,Khirbet Quza
ps,Kibbia
ps,Kibbutz Kallia
ps,Kiblie
ps,Kibliyeh
ps,Kiel Harith
ps,Kifar `Asyun
ps,Kifl Harith
ps,Kireh
ps,Kiryat Arba
ps,Kokhav HaShahar
ps,Kokhav Ya`aqov
ps,Kubalan
ps,Kubatie
ps,Kubatiya
ps,Kufayrat
ps,Kufayr
ps,Kufeirat
ps,Kufeirit
ps,Kufeir
ps,Kuffin
ps,Kufr Qaddum
ps,Kufr Ra`i
ps,Kulundia
ps,Kuriyut
ps,Kur
ps,Kusin
ps,Kusrah
ps,Kuzah
ps,Kuza
ps,Lido Yehuda
ps,Likia
ps,Lubban ash Sharqiyah
ps,Lubban esh Sharqiya
ps,Lubban
ps,Lubban Rantis
ps,Lubban Sharqiya
ps,Ma`ale Adumin
ps,Ma`ale Adummim
ps,Ma`ale `Amos
ps,Ma`ale Efrayim
ps,Maale Ephraim
ps,Ma`ale Ha`adumim
ps,Ma`ale Hever
ps,Ma`ale Levona
ps,Ma`ale Mikhmas
ps,Ma`ale Shomeron
ps,Ma`alot Dafna
ps,Madama
ps,Majdal Bani Fadil
ps,Majdal Bani Fadl
ps,Makhfar Kaliyah
ps,Makkabbim
ps,Makkabim
ps,Mamilla
ps,Manoah
ps,Ma`on
ps,Mardah
ps,Marda
ps,Marj Na`jah
ps,Marj Na`ja
ps,Mashah
ps,Mas-ha
ps,Mashra` Abu Gharbah
ps,Mashra` Abu Gharba
ps,Maskiyyot
ps,Massau
ps,Massu'a
ps,Matkhan Tappuah
ps,Mattityahu
ps,Mattiyahu
ps,Maysalun
ps,Maythalun
ps,Mazari` an Nubani
ps,Mazari` en Nubani
ps,Mazor Atiqa
ps,Mazra`a al Qibliya
ps,Mazra`a ash Sharqiya
ps,Mazra`a Bani Murra
ps,Mazra`at Bani Harith
ps,Mehola
ps,Mehula
ps,Meithalun
ps,Mekhora
ps,Menora
ps,Mevo-Chilo
ps,Mevo Dotan
ps,Mevo Horan
ps,Mevo Horon
ps,Mevo Shillo
ps,Mezad B
ps,Mezad
ps,Midyah
ps,Midya
ps,Migdalim
ps,Migdallim
ps,Migdal Oz
ps,Mikhmas
ps,Mirkah
ps,Mirka
ps,Mishor Adummim
ps,Misilyah
ps,Misilya
ps,Misliyah
ps,Misliya
ps,Mitspe-Chalem
ps,Mitzpe-Shalom
ps,Mizpe `Azmona
ps,Mizpe Deragot
ps,Mizpe Rahel
ps,Mizpe Shalem
ps,Mizpe Yeriho
ps,Modi'in
ps,Morag
ps,Mughaiyir
ps,Mukhmas
ps,Mul Nevo
ps,Na`ale
ps,Na`ama
ps,Nabi Salih
ps,Nabi Samwil
ps,Nablus
ps,Nabulus
ps,Nabulus Yeshiva
ps,Nafi Ya`qub
ps,Nahal Argaman
ps,Nahal Argeman
ps,Nahal Elisha`
ps,Nahal Geva`ot
ps,Nahal Ginnat
ps,Nahal Hemdat
ps,Nahali'el
ps,Nahal `Irit
ps,Nahal Kallia
ps,Nahal Kalya
ps,Nahal-Katif
ps,Nahal Kochav Hashahar
ps,Nahal Mehula
ps,Nahal Mekhora
ps,Nahal Mevo Shilo
ps,Nahal Modi`im
ps,Nahal Morag
ps,Nahal Negohot
ps,Nahal Netsarim
ps,Nahal Qatif
ps,Nahal Reyhan
ps,Nahal Rimonim
ps,Nahal Ro`i
ps,Nahal Tekea
ps,Nahal Teqoa`
ps,Nahal Yaqin
ps,Nahal Zor`ef
ps,Nahal Zori
ps,Nahhalin
ps,Nahl Mivsam
ps,Napouse
ps,Naqura
ps,Nazlah
ps,Nazla
ps,Nazlat Abu Nar
ps,Nazlat `Isa
ps,Neapolis
ps,Negohot
ps,Netafim
ps,Netiv HaGedud
ps,Netzarim
ps,Newe Daniyyel
ps,Newe Deqalim
ps,Newe Oranim
ps,Newe Ya`aqov
ps,Nezar Hazani
ps,Nezarim
ps,Nezer Hazzani
ps,Nifi Ya`qub
ps,Nili
ps,Ni`lin
ps,Niran
ps,Niriyya
ps,Nisanit
ps,Nisf Jubayl
ps,Nisf Jubeil
ps,Nofim
ps,No`omi
ps,Noqedim
ps,Nu`aymah
ps,Nuba
ps,Nu'eima
ps,Nur ash Shams
ps,Nur esh Shems
ps,Nur es Shams
ps,Nusayrat
ps,Nuseira
ps,Nuseirat
ps,Nuzle
ps,Odala
ps,'Ofarim
ps,Ofra
ps,`Ofra
ps,'Omarim
ps,Ophrah
ps,Oranit
ps,Osarin
ps,`Otni'el
ps,Patzael
ps,Paza'el
ps,Pe'at Sade
ps,Pedu'el
ps,Pe'erim
ps,Pelas
ps,Pentakomia
ps,Pesagot
ps,Peza'el
ps,Pisgat Amir
ps,Pisgat Ze'ev
ps,Pundaqa
ps,Pundaq
ps,Qabalan
ps,Qabatiyah
ps,Qabatiya
ps,Qabatye
ps,Qaddim
ps,Qaddum
ps,Qadum
ps,Qaffin
ps,Qalandiyah
ps,Qalandiya
ps,Qalandye
ps,Qalkilya
ps,Qalqiliya
ps,Qalqilyah
ps,Qalqilye
ps,Qalya
ps,Qarawat Bani Hasan
ps,Qarawat Bani Zayd
ps,Qarawat Bani Zeid
ps,Qarne Shomeron
ps,Qaryat Hajjah
ps,Qaryat Hajja
ps,Qaryat Jit
ps,Qaryut
ps,Qasr `Anab al Kabirah
ps,Qasr `Anab al Kabir
ps,Qasr `Anab el Kabira
ps,Qasr Hisham el Amawi
ps,Qasr `Inab al Kabir
ps,Qatana
ps,Qatannah
ps,Qatanna
ps,Qatanne
ps,Qatif
ps,Qedar
ps,Qedumim `Illit
ps,Qedumim
ps,Qedumim Zefon
ps,Qibyah
ps,Qibya
ps,Qibye
ps,Qidma
ps,Qirah
ps,Qira
ps,Qire
ps,Qiryat Arba`
ps,Qiryatayim Anim
ps,Qiryat Sefer
ps,Quarawat Bani Zeid
ps,Qubeiba
ps,Quffin
ps,Qusein
ps,Qusin
ps,Qusrah
ps,Qusra
ps,Quzah
ps,Quza
ps,Raay
ps,Raba
ps,Rachelim
ps,Rafaa
ps,Rafah
ps,Rafah Yam
ps,Rafa
ps,Rafat
ps,Rafiah
ps,Rafiah Yam
ps,Rafidiyah
ps,Rafidiya
ps,Rafidya
ps,Rahm Alla
ps,Ramallah
ps,Ram Allah
ps,Rama
ps,Ramat Eshkol
ps,Ramin
ps,Rammun
ps,Ramot Allon
ps,Ramot Eshkol
ps,Ramot Modi`in
ps,Ram
ps,Rantis
ps,Raphia
ps,Ra's Karkar
ps,Rehan
ps,Rekhes Shu`afat
ps,Revava
ps,Rifah
ps,Rihiya
ps,Rimmonim
ps,Rimmon
ps,Ro`i
ps,Rosh Tzurim
ps,Rosh Zurim
ps,Rotem
ps,Rujayb
ps,Rujeib
ps,Rummanah
ps,Rummana
ps,Sabastiyah
ps,Sabastiya
ps,Sabatiyah
ps,Saffarin
ps,Saffa
ps,Saint Gilles
ps,Sa`ir
ps,Saknat az Zarqa'
ps,Salem
ps,Salfit
ps,Salhab
ps,Salim
ps,Sal`it
ps,Samiriyyah
ps,Sanirah
ps,Sanireh
ps,Sanniriyah
ps,Sanniriya
ps,Sannirya
ps,Sa Nur
ps,Sanur
ps,Sarrah
ps,Sarra
ps,Sartah
ps,Sarta
ps,Sayda
ps,Saylat ad Dahr
ps,Schechem
ps,Sebaste
ps,Sebastia
ps,Sebastiya
ps,Sebastye
ps,Sebustie
ps,Sebustiye
ps,Seida
ps,Sevaste
ps,Sha`are Tiqwa
ps,Shabtin
ps,Shadmot Mehola
ps,Shaqed
ps,Sharafat
ps,Shave Shomeron
ps,Shawfah
ps,Shaykh Jarrah
ps,Shechem
ps,Sheikh Falih
ps,Sheikh Jarah
ps,Sheikh Jarrah
ps,Shekhem
ps,Shilat
ps,Shima
ps,Shomron
ps,Shu`afat
ps,Shufah
ps,Shufa
ps,Shu`fat
ps,Shuqbah
ps,Shuqba
ps,Shuwaykah
ps,Shuweika
ps,Shuyukh
ps,Si`ir
ps,Silat adh Dhahr
ps,Silat al Harithiyah
ps,Silat al Harithiya
ps,Silat az Zahr
ps,Silat edh Dhahr
ps,Silat el Harithiya
ps,Silet edh Dhahr
ps,Siloam
ps,Silwad
ps,Silwan
ps,Sindjil
ps,Sinjil
ps,Siris
ps,Sir
ps,Sur Bahir
ps,Sur Bahit
ps,Surdah
ps,Surda
ps,Surif
ps,Suseya
ps,Susya
ps,Sychem
ps,Sykhem
ps,Ta`anakh
ps,Taffuh
ps,Taiyiba
ps,Taiyibi
ps,Talfit
ps,Tall
ps,Talluzah
ps,Talluza
ps,Talmon B
ps,Talmon C
ps,Talmon
ps,Tammun
ps,Tannuk
ps,Tarqumiyah
ps,Tarqumiya
ps,Tarqumye
ps,Tayasir
ps,Telem
ps,Tel Hayim
ps,Tell
ps,Temple Area
ps,Terkumie
ps,The Noble Sanctuary
ps,Tifit
ps,Ti`innik
ps,Tilfit
ps,Til
ps,Tira
ps,Tomer
ps,Tubas
ps,Tulkarm
ps,Tul Kerem
ps,Tura el Gharbiya
ps,Tura esh Shargiya
ps,Turah al Gharbiyah
ps,Turah ash Sharqiyah
ps,Turmas `Aya
ps,Turmus `Aiya
ps,Turmus `Ayyah
ps,Turmus `Ayya
ps,Turqumiya
ps,Tur
ps,Udalah
ps,`Udala
ps,Um es Safa
ps,Um es Saf
ps,Um et Tin
ps,Um et Tut
ps,Umm at Tin
ps,Umm at Tut
ps,Umm et Tut
ps,Umm Safa'
ps,Umm Tuba
ps,Upper Beth-horon
ps,`Urif
ps,Usarin
ps,Vered Yeriho
ps,Wadi Fukin
ps,Wered Yeriho
ps,Ya`arit
ps,Ya`bad
ps,Yabrud
ps,Ya`bud
ps,Yafit
ps,Yalu
ps,Yamun
ps,Yaqin
ps,Yaqqir
ps,Yasid
ps,Yasuf
ps,Yatir
ps,Yatma
ps,Yattah
ps,Yatta
ps,Yattir
ps,Yefe Nof
ps,Yeriho
ps,Yirihu
ps,Yitav
ps,Yizhar
ps,Yo'ezer
ps,Yunas
ps,Yunus
ps,Yanun
ps,Yuta
ps,Zababida
ps,Zahrat Zayn ad Din
ps,Zamarot
ps,Za`tarah
ps,Za `Tara
ps,Zawata
ps,Zawiyah
ps,Zawiya
ps,Zayta
ps,Zeita
ps,Zibdah
ps,Zibda
ps,Zofim
ps,Zohar
ps,Zoref B
ps,Zoref
ps,Zori
ps,Zububah
ps,Zububa
ps,Zufin
