qa,Aba Zuluf
qa,`Abd al `Aziz
qa,Abu az Zuluf
qa,Abu Daluf
qa,Abu Dhaluf
qa,Abu Dhuluf
qa,Abu Hamur
qa,Abu Husayyah
qa,Abu Kharab
qa,Abu Qarn
qa,Abu Samrah
qa,Abu Sidrah
qa,Abu Sudayrah
qa,Abu Suwayy
qa,Abu Thaylah
qa,Abu Zahif
qa,Abu Zuluf
qa,Ad Da`ayin
qa,Ad Darb
qa,Ad Da`udiyah
qa,Ad Dawha
qa,Ad Dawhah
qa,Ad Dawhah al Jadidah
qa,Ad Dhakhirah
qa,Ad Doha
qa,Ad Dowhah
qa,Adhbah
qa,Adh Dhakhira
qa,Adh Dhakhirah
qa,Adh Dhukhayr
qa,Al `Adhbah
qa,Al `Arish
qa,Al Bida` al Gharbiyah
qa,Al Bida` ash Sharqiyah
qa,Al Busayyir
qa,Al Da`ain
qa,Al Dakhirah
qa,Al Dhakhirah
qa,Al Dha'Sin
qa,Al Ghafah
qa,Al Ghaf
qa,Al Ghanim
qa,Al Gharafah
qa,Al Ghariyah
qa,Al Ghariyeh
qa,Al Gharrafah
qa,Al Gharrafah al Jadidah
qa,Al Ghashamiya
qa,Al Ghashamiyah
qa,Al Ghashshamiyah
qa,Al Ghuwairiya
qa,Al Ghuwairiyah
qa,Al Ghuwayriyah
qa,Al Hilal al Gharbiyah
qa,Al Hilal ash Sharqiyah
qa,Al Hitmi
qa,Al Husayniyah
qa,Al Hussainiyah
qa,Al Huwaylah
qa,Al Jabar
qa,Al Jadhi
qa,Al Jamaliya
qa,Al-Jamil
qa,Al Jamliyah
qa,Al Jasrah
qa,Al Jubayl
qa,Al Judhay`
qa,Al Jumail
qa,Al Jumaliyah
qa,Al Jumayl
qa,Al Jumayliyah
qa,Al Ka`aban
qa,Al Ka`ban
qa,Al Ka`biyah
qa,Al Khalifat
qa,Al Kharitiyat
qa,Al Kharrarah
qa,Al Khathiyah
qa,Al Khatiyah
qa,Al Khattiyah
qa,Al-Khaur
qa,Al Khawr
qa,Al Khisa
qa,Al Khisah
qa,Al Khisah
qa,Al Khiseh
qa,Al Khurayb
qa,Al Khurays
qa,Al Khuraytiyat
qa,Al Khursa`ah
qa,Al Khuwair
qa,Al Khuwayr
qa,Al Kir`anah
qa,Al Kuhwayr
qa,Al Mafier
qa,Al Mafijar
qa,Al Mafjar
qa,Al Majidah
qa,Al Mansurah
qa,Al Maqran
qa,Al Markhiyah
qa,Al Markiyah
qa,Al Mashrab
qa,Al Muntazah
qa,Al Muraydah
qa,Al Murqab
qa,Al Na'man
qa,Al Qa`abiyah
qa,Al Qa`iyah
qa,Al Raiyan
qa,Al Rayyan
qa,Al Shahaniyah
qa,Al Suwaihiliya
qa,Al Suwaihiliyah
qa,Al Thagab
qa,Al Thaqab
qa,Al `Uqdah
qa,Al `Uraysh
qa,Al `Uwaynah
qa,Al Wa`b
qa,Al Wa`b
qa,Al Wa`b
qa,Al Wabrah
qa,Al Wagbah
qa,Al Wajba
qa,Al Wajbah
qa,Al Wakrah
qa,Al Waqbah
qa,Al Waqra
qa,Al Waqrah
qa,Al Wasait
qa,Al Wukair
qa,Al Wukayr
qa,Al Wusail
qa,Al Wusayl
qa,Anaiza
qa,Aneiza
qa,An Najmah
qa,An Nasraniyah
qa,An Nu`ayiah
qa,An Nu`man
qa,An Nuqay`ah
qa,`Araish
qa,Ar Rakiyat
qa,Ar Rayyan
qa,Ar Ru'ays
qa,Ar Rufayq
qa,Ar Rumaylah
qa,Ar Ruwais
qa,Ar Ruwaydah
qa,Ar Ruways
qa,Ash Shafallahiyah
qa,Ash Shahaniyah
qa,Ash Shaqra'
qa,`Asmiyah
qa,As Sadd
qa,As Sahlah
qa,As Salatah al Jadidah
qa,As Salatah
qa,As Samiriyah
qa,As Sani`
qa,As Sawq
qa,As Sayliyah
qa,As Sidrah
qa,As Sidriyah
qa,As Sulaymi `Abd al Aziz Bin Khalifah
qa,As Sulaymi Fahd Bin `Abd Allah
qa,As Sulaymi Khalifah Bin Hamad
qa,As Sulaymi Qasim Bin Hamad
qa,As Sulaymi Suhaym Bin Hamad
qa,As Su`lukiyah
qa,As Sumaisma
qa,As Sun`
qa,As Sunu`
qa,As Suwayhiliyah
qa,Ath Thagab Oasis
qa,Ath Thaghab
qa,Ath Thaqab
qa,`Ayn Khalid
qa,`Ayn Sinan
qa,Az Za`a'in
qa,Az Za`ayim
qa,Az Za`ayin
qa,Bi'r al Husayn
qa,Bi'r Zikrit
qa,Bu Sidrah
qa,Busidreh
qa,Dakhira
qa,Dawhat al Qatar
qa,Dha`ain
qa,Dha`an
qa,Dhakhirah
qa,Dhaluf
qa,Dhuluf
qa,Doha
qa,Dukhan
qa,Edh Dha'ain
qa,El Mafier
qa,Fâhahîl
qa,Fariq al Ghanim al Jadid
qa,Fuhayhil
qa,Fuwayrit
qa,Ghaf Makin
qa,Ghariyah
qa,Ghariyat Adkhan
qa,Ghariyat Dukhan
qa,Ghashamiyah
qa,Ghuwairiyah
qa,Halwan
qa,Hulwan
qa,Ingaiah
qa,Jimaliyah
qa,Jumail
qa,Kar`anah
qa,Khaur al-Mahanidah
qa,Khaur Shaqiq
qa,Khawr Hassan
qa,Khawr Shaqiq
qa,Khawzan
qa,Khor-al-Mahandah
qa,Khor Hassan
qa,Khor
qa,Khor Shaqiq
qa,Khursa`at al Bahat
qa,Khuwair
qa,Lisha
qa,Lumail
qa,Lusail
qa,Madinat al Ka`ban
qa,Madinat ash Shamal
qa,Madinat Khalifah
qa,Mafijar
qa,Mazra`at Tarina
qa,Mazra`at Turayna
qa,Mu`askar al Busayyir
qa,Mu`askar as Saliyah
qa,Mu`askar as Sayliyah
qa,Mu`aydhir Abu ad Dawm
qa,Mu`aydhir
qa,Mu`aydhir
qa,Muhayriqah
qa,Mukaynis
qa,Muraikh
qa,Muraykh
qa,Musay`id
qa,Musaykah
qa,Mushayrib
qa,Na'aijah
qa,Na'aman
qa,Nabat al Usayl
qa,Naeeja
qa,Naeejeh
qa,Nu`aija
qa,Nu`auah
qa,Nu`ayjah
qa,Nu`man
qa,Qahahil
qa,Raiyan
qa,Ra's Abu Fintas
qa,Raudat al `Ayuz
qa,Rawdat al Ajuzah
qa,Rawdat al `Ajuz
qa,Rawdat Rashid
qa,Rodhat-al-`Ajuzah
qa,Rumailah
qa,Rumaillah
qa,Rumaylah
qa,Ruwais
qa,Sa Alokiyah
qa,Sa`lukiyah
qa,Shafilahiyah
qa,Shakik
qa,Shaqra`
qa,Sidriyat Makin
qa,Simsimah
qa,Somaismah
qa,Sumaisimah
qa,Sumaisima
qa,Sumaismah
qa,Sumaisma
qa,Sumaysimah
qa,Suwaihaliyah
qa,Thaghab
qa,Tinbak
qa,Umm A'birieh
qa,Umm `Abiriyah
qa,Umm al Abarig
qa,Umm al Abariq
qa,Umm al Afa`i
qa,Umm al `Amad
qa,Umm al Ghaylam
qa,Umm al Hawa'ir
qa,Umm al `Izam
qa,Umm al Kharj
qa,Umm al Kharq
qa,Umm al Kilab
qa,Umm al Oubur
qa,Umm al Qubur
qa,Umm al Qubur
qa,Umm al Quhab `Abd Allah Bin Nasir
qa,Umm al Quhab al `Atiq
qa,Umm al Quhab
qa,Umm al Quhab
qa,Umm-al-Salal
qa,Umm al Suwaija
qa,Umm ash Shubrum
qa,Umm as Suf
qa,Umm as Suwab
qa,Umm as Suwayyah
qa,Umm az Zabar
qa,Umm az Zubar
qa,Umm Bab
qa,Umm Birkah
qa,Umm es Salal
qa,Umm es Slal
qa,Umm Ghuwaylinah
qa,Umm Ghuwaylinah
qa,Umm Ghuwaylina
qa,Umm Juaidah
qa,Umm Ju`ayd
qa,Umm Jurn
qa,Umm Juwaydah
qa,Umm Qarn
qa,Umm Qayn
qa,Umm Qurun
qa,Umm Sa`ad
qa,Umm Sabbah
qa,Umm Sa`id
qa,Umm Salal `Ali
qa,Umm Salal Mohammad
qa,Umm Salal Muhammad
qa,Umm Ses Salal
qa,Umm Shamim
qa,Umm Silal `Ali
qa,Umm Silal Mohammed
qa,Umm Slal Ali
qa,Umm Slal Mohammed
qa,Umm Suwaijah
qa,Umm Suwayjah
qa,Umm `Ubayriyad
qa,Umm `Ubayriyah
qa,Umm Wishah
qa,`Unayzah
qa,Wadi as Sayl
qa,Wadi Jallal
qa,Wajbah
qa,Wakrah
qa,Wakra
qa,Waqra
qa,Yamail
qa,Zaghab
qa,Zar` al `Atiyah
qa,Zekrit
qa,Zikrit
qa,Zugain al Bahath
qa,Zughayn al Bahath
qa,Zughayn al Bahth
