sb,Aakae
sb,A'ama
sb,A'ama
sb,Aanosusura
sb,A'arai
sb,Aarite
sb,Abalolo
sb,Abe
sb,Abira'adoa
sb,Abu
sb,Abungari
sb,Adou
sb,Ae'akwato
sb,Aena
sb,Aena'aiwasi
sb,Aenaangingi
sb,Aenakaro
sb,Aenalite
sb,Aenariki
sb,Aenathaia
sb,Aerotoro
sb,Aesunia
sb,Afudodo
sb,Afufu
sb,Afusalo
sb,Afutala
sb,Age
sb,Ageraba
sb,Ahanga
sb,Ahatu
sb,Ahboga
sb,Ahenawai
sb,Ahe'ohia
sb,Ahesia
sb,Ahi'a
sb,Ahia
sb,Ahi'a
sb,Ahu'amu
sb,Ahuu
sb,Ai
sb,Aiasi
sb,'Aifaafasu
sb,Aifiri
sb,'Ailali
sb,Ailau
sb,'Aimburu
sb,Aimela
sb,'Aimela
sb,Aimera
sb,Ainiasi
sb,'Ai Ni Mae
sb,'Ainimae
sb,Aio
sb,'Aio
sb,Airaea
sb,'Airumu
sb,Aisasale
sb,Aisato
sb,'Aisi'ina
sb,Aisiko
sb,Aisina
sb,Aisisiki
sb,Akwariri
sb,Akwe
sb,Alafe
sb,Alahasiai
sb,Alangakaula
sb,Alangaula
sb,Alavugu
sb,Alialia
sb,Alialiala
sb,Aliali
sb,Aligegeo
sb,Alikata
sb,Alita
sb,Alite'au
sb,Alligator Creek
sb,Alogha
sb,Aloha
sb,Alosolo
sb,Alotatahoma
sb,Alundava
sb,Ama
sb,Ama'ama
sb,Amba
sb,Ambi
sb,Amboiosi
sb,Ambuambili
sb,Ambuasu
sb,Ambuavao
sb,'Ambungali
sb,Ambuporondavi
sb,Anakelo
sb,Anata
sb,Andandaiesi
sb,Anda'ua
sb,Andeande
sb,Andevadhu
sb,Andi
sb,Andina
sb,Ane'efafako
sb,Angali
sb,Anggia
sb,Angoango
sb,Aniuke
sb,Anoano
sb,Anofai
sb,Anofalake
sb,Anoketo
sb,Anokwakwale
sb,Anokwasi
sb,Anoni'usu
sb,Anotole
sb,Anuta
sb,Anutaiasi
sb,Aoani'iru
sb,Aola
sb,Aona
sb,A'opasi
sb,Aopasi
sb,Apakhö
sb,Apaone
sb,Apaora
sb,Apaoro
sb,Apauni
sb,Apio
sb,Apuara
sb,Apuiraramua
sb,Apunahunu
sb,Apurahe
sb,Apurahi
sb,Ara'arauna
sb,Arabala
sb,Arabale
sb,Arairou
sb,Araki
sb,Arambu
sb,Aranimamu
sb,Arao
sb,Ara'ou
sb,Araro Puti
sb,Arasi
sb,Araumana
sb,Araveu
sb,Arinapa'ewa
sb,Aroaha
sb,Aro
sb,Aroaro
sb,Arohane
sb,Arona
sb,Arovachivi
sb,Arovia
sb,Aruligo
sb,Aruliho
sb,Asaibala
sb,Asibonga
sb,Asimaenioha
sb,Asimana
sb,Asimanioha
sb,Asimboa
sb,Assimaniona
sb,Ato
sb,Ato
sb,Atohau
sb,Ato'ifi
sb,Atonihare
sb,Atori
sb,Atuatu
sb,Au'alu
sb,Auangisia
sb,Au
sb,Au
sb,Aujivigno
sb,Auke
sb,Auki
sb,Aula
sb,A'ulupeine
sb,Aupono
sb,Ausi
sb,Avisi
sb,Avita
sb,Avuavu
sb,Avu Avu
sb,Avuavu Mission
sb,Awale
sb,Awanararu
sb,Bacalwallo
sb,Bagarai
sb,Bagarice
sb,Bagharai
sb,Baghovu
sb,Bahi
sb,Bakofu
sb,Balasu'u
sb,Balegoma
sb,Balo
sb,Balu
sb,Bambala
sb,Bangara
sb,Baniath
sb,Banimbari
sb,Banisokeo
sb,Baolo
sb,Bara
sb,Barakoma
sb,Barokoma
sb,Baroni
sb,Batongo
sb,Batuna
sb,Batuna Mission Station
sb,Batun Mission
sb,Baunani
sb,Baunuani
sb,Behelula
sb,Beholua
sb,Belaga
sb,Belama
sb,Belana
sb,Belatasi
sb,Belati
sb,Beluga
sb,Bema
sb,Bengena
sb,Berapa
sb,Bethany
sb,Bia
sb,Bifonu
sb,Bili
sb,Biliha
sb,Bilikovu
sb,Bili Village
sb,Biloa
sb,Bilua
sb,Biluro
sb,Bina
sb,Bina Mission
sb,Bio
sb,Biporo
sb,Bira
sb,Birambira
sb,Birasu
sb,Bitama
sb,Biti
sb,Boe
sb,Boemboe
sb,Boinio
sb,Boitsatsu
sb,Bokoagau
sb,Bokola
sb,Bokolo
sb,Bola
sb,Bolitei
sb,Bolonda
sb,Bomboe
sb,Bomboe Village
sb,Bonala
sb,Boro
sb,Borohinaba
sb,Boromoli
sb,Boroni
sb,Boubosu
sb,Buala
sb,Buga
sb,Bugawahu
sb,Bula'abu
sb,Bulabu
sb,Bula
sb,Bulai
sb,Buma
sb,Buma
sb,Bumbugaro
sb,Bumbugoro
sb,Bumbukuana
sb,Buna
sb,Bunala
sb,Bungusile
sb,Burianiasi
sb,Busu
sb,Busukwa'e
sb,Busuone
sb,Bwaomarau
sb,Bwaroo
sb,Bwaunasughu
sb,Bwaunasu'u
sb,Bweinaniawarikiapu
sb,Caledonia
sb,Canaan
sb,Canaan
sb,Chachara
sb,Chaghoe
sb,Chahoga
sb,Chakundale
sb,Chaliaru
sb,Chalimpale
sb,Chamburu
sb,Chapana
sb,Chapunamo
sb,Chapuru
sb,Charanggao
sb,Charanimate
sb,Charavutu
sb,Charihaivati
sb,Chariko
sb,Chari Ndoke
sb,Chaukandora
sb,Chaunaroga
sb,Chaunarogha
sb,Chauneroga
sb,Chautivi
sb,Chavunggao
sb,Chea
sb,Checheche
sb,Cheke
sb,Cheli
sb,Chelu
sb,Chemoho
sb,Chili
sb,Chimbakoghe
sb,Chimbori
sb,Chinatown
sb,Chiri
sb,Chirovanga
sb,Chivoko
sb,Chocho
sb,Chochokiki
sb,Choghiri
sb,Choha
sb,Chokare
sb,Chombonavaka
sb,Chombu
sb,Chörovanga
sb,Chouna
sb,Chuchulu
sb,Chukakonia
sb,Chuma
sb,Chupuchupu
sb,Chuva
sb,Daboko
sb,Dada'isalu
sb,Dadaku'ulua
sb,Dadale
sb,Dai
sb,Dala
sb,Dalamata
sb,Daolusu
sb,Dara
sb,Daringali
sb,Darione
sb,Dau
sb,Dauta'e
sb,Dedeu
sb,Dende
sb,Dhadhaje
sb,Dhavoa
sb,Dikona'ara
sb,Dinare
sb,Dingodingo
sb,Dinoveek
sb,Di'una
sb,Doma
sb,Domma
sb,Domu
sb,Down Wind
sb,Dubona
sb,Duindui
sb,Dukwasi
sb,Dundurava
sb,Egelo
sb,Eghelo
sb,Eke
sb,Eleoteve
sb,Eliotavi
sb,Eliote
sb,Ena
sb,Enara
sb,Enarano
sb,Engarano
sb,'Ere Amsuli
sb,'Ere'eresulu
sb,Erenahata
sb,Etamarorai
sb,'Eteala
sb,Etehonu
sb,Etei'a
sb,Etemwarore
sb,Euro
sb,Euru
sb,Faalau
sb,Faandile
sb,Fa'arau
sb,Faasaale
sb,Fa'asileta
sb,Fafa'idodo
sb,Fafa'ikafo
sb,Fafaiona
sb,Fafalona
sb,Fagani
sb,Fageifa
sb,Fagheifa
sb,Fagini
sb,Faiako
sb,Faibubulia
sb,Falabulu
sb,Falamae
sb,Falambulu
sb,Falufa'alu
sb,Fanalei
sb,Fanelei
sb,Fangamboni
sb,Fanuafalai
sb,Fanuamba'ita
sb,Farisi
sb,Farumalaula
sb,Fata'olo
sb,Faua'ala
sb,Fauabu
sb,Fauala
sb,Faubala
sb,Faufala
sb,Faufalu
sb,Faufanea
sb,Fauiolo
sb,Fauketa
sb,Faulaloia
sb,Faumamanu
sb,Faumamanu Itolo
sb,Faumbaekwa
sb,Faunikari
sb,Fausadio
sb,Fausindio
sb,Ferafalu
sb,Ferafalu
sb,Feranagono
sb,Feranaso
sb,Ferasi
sb,Ferasimi
sb,Fifihu
sb,Filuo
sb,Firifau
sb,Fiti
sb,Fiu
sb,Fiumbu
sb,Fiu Mission
sb,Foa
sb,Foafora
sb,Fo'au
sb,Folotana
sb,Fo'ondo
sb,Fote
sb,Fouambu
sb,Fouia
sb,Foukwakwaoa
sb,Foulandasusu
sb,Foulanoasusu
sb,Foulofo
sb,Foumamatoo
sb,Fouongge
sb,Foutoru
sb,Fuaga
sb,Fugu
sb,Fukha
sb,Fula'ambu
sb,Fula
sb,Fuliabote
sb,Fulifata'a
sb,Fulifo'oe
sb,Fuli
sb,Fuligura
sb,Fulisango
sb,Fulitafe
sb,Fulo
sb,Fulufo
sb,Funakuma
sb,Funakumwa
sb,Funiau
sb,Funii'au
sb,Fupukuna
sb,Furii'au
sb,Furii
sb,Furi'ilai
sb,Furindofe
sb,Furona
sb,Furuana
sb,Futuna
sb,Gagalu
sb,Gagara
sb,Gaimali
sb,Gaini Viti
sb,Galiatu
sb,Galilee
sb,Galovae
sb,Ganongga
sb,Gareka
sb,Garofate
sb,Gatakesa
sb,Gatere
sb,Gauale
sb,Gavaga
sb,Gavanga
sb,Gavango
sb,Gavuhoho
sb,Gavuholo
sb,Gazalata
sb,Geeura
sb,Gegena'ua
sb,Gegenda
sb,Gegende
sb,Geigei
sb,Gembua
sb,Geta
sb,Ghaghagra
sb,Ghaghaolo
sb,Ghaghara
sb,Ghaimali
sb,Ghaimanggere
sb,Ghairavu
sb,Ghaisere
sb,Ghaivale
sb,Ghaliatu
sb,Ghalimbere
sb,Ghamburi
sb,Ghaningangao
sb,Ghaomai
sb,Gharina
sb,Gharufate
sb,Ghatere
sb,Ghauvalisi
sb,Ghavagha
sb,Ghavigha
sb,Ghavighanimumu
sb,Ghavuhoho
sb,Gheghende
sb,Gheighei
sb,Gheta
sb,Ghizo
sb,Ghole
sb,Ghombaghoghoro
sb,Ghombua
sb,Ghorambau
sb,Ghoroghavutu
sb,Ghoroghoro
sb,Ghoromala
sb,Ghoroveitughu
sb,Ghove
sb,Ghoveo
sb,Ghoverighi
sb,Ghulavu
sb,Ghumba
sb,Ghumu
sb,Ghupuna
sb,Ghurumei
sb,Gilbert 1
sb,Gilbert 2
sb,Gilumeuna
sb,Giluniuna
sb,Gizo
sb,Gizo Government Station
sb,Gnapwongo
sb,Gnilomboo
sb,Gnisunggu
sb,Gnulahaghe
sb,Goe
sb,Goiravu
sb,Gold Ridge
sb,Gole
sb,Gombua
sb,Gorabau
sb,Gorambau
sb,Gotazae
sb,Gouulu
sb,Guguha
sb,Gukhuna
sb,Gumba
sb,Gupuna
sb,Guranja
sb,Gurauja
sb,Gurena
sb,Gwai'akama
sb,Gwaiako
sb,Gwaiareko
sb,Gwai'asai
sb,Gwaidae'dae
sb,Gwa'idae
sb,Gwaidingale
sb,Gwa'ifaefae
sb,Gwaigeo
sb,Gwa'ininiu
sb,Gwa'irade
sb,Gwa'irakwana
sb,Gwaisila
sb,Gwa'itaba'a
sb,Gwaitamba'a
sb,Gwango
sb,Gwaunaoa
sb,Gwaunaruu
sb,Gwaunaruu
sb,Gwaunasuu
sb,Gwaunatafu
sb,Gwaunatala
sb,Haa'apu
sb,Haa
sb,Haarumou
sb,Hachogha
sb,Hada
sb,Hadja
sb,Haghalu
sb,Hagharuhe
sb,Hagharuhi
sb,Haghela
sb,Hagheulu
sb,Hahietau
sb,Hahorarumu
sb,Hahorarunu
sb,Hailalua
sb,Hailovo
sb,Hailupa
sb,Haimarao
sb,Haimatua
sb,Haimbau
sb,Haimela
sb,Haimolumolu
sb,Hainatogha
sb,Hainatoha
sb,Haiparia
sb,Hairi
sb,Haisavoria
sb,Haisighinia
sb,Haitete
sb,Haivoha
sb,Hakama
sb,Hakanipua
sb,Halahala
sb,Hala Hala Mission
sb,Halavo
sb,Haleta
sb,Haleta
sb,Haliatu
sb,Halisi
sb,Haliupai
sb,Hambere
sb,Hamberi
sb,Hambunameka
sb,Hamihumanga
sb,Hana'anaroho
sb,Hangataru
sb,Hang
sb,Hanianawa
sb,Haninggela
sb,Hanivaivine
sb,Hanivavine
sb,Hanjohapeule
sb,Hanua'apa
sb,Hanuaniupa
sb,Hanuasuu
sb,Hanuvaivine
sb,Hapai
sb,Hapai
sb,Harai
sb,Harai
sb,Hara'ina
sb,Harana'eke
sb,Harapa
sb,Harea
sb,Harehare
sb,Harisiharihari
sb,Harisi
sb,Harisiu
sb,Haroro
sb,Hasupari
sb,Hatakau
sb,Hatanggua
sb,Hatodeea
sb,Hauharii
sb,Hauhato
sb,Hauhui
sb,Haukoukou
sb,Haumera
sb,Haupara
sb,Hauporo
sb,Hauporomaea
sb,Hauposo
sb,Hauraha
sb,Hauroho
sb,Hautahe
sb,Hautahi
sb,Hautonima
sb,Havaruvu
sb,Haverughu
sb,Havila
sb,Heleta
sb,Henuangoto
sb,Hera
sb,Heraisiu
sb,Herani'asuhe
sb,Heraniesi
sb,Heranihio
sb,Herepa'a
sb,Heuhonu
sb,Heupeine
sb,Heuru
sb,Hihiaka
sb,Hihiaka Patukae
sb,Hilamondu
sb,Hirihiriasi
sb,Hirihiripopo
sb,Hirosare
sb,Hirovanga
sb,Hiuasi
sb,Hofi
sb,Hofovo
sb,Hoilava
sb,Hoilona
sb,Holebara
sb,Hombahohoro
sb,Homba
sb,Honiara
sb,Honoa
sb,Hopongo
sb,Horanari
sb,Horaniu
sb,Horara
sb,Horokao
sb,Horouru
sb,Hote
sb,Houaha
sb,Houa
sb,Hou'ao
sb,Houhepa
sb,Houhou
sb,Houhouna
sb,Houkari
sb,Houkeni
sb,Houkokore
sb,Houkona
sb,Houmatana
sb,Hounasi
sb,Houoa
sb,Houparoparo
sb,Houpuna
sb,Houri
sb,Houripipisu
sb,Houripou
sb,Houro'a
sb,Houroho
sb,Houro
sb,Housuru
sb,Houte'ete'e
sb,Hovi
sb,Hovoro
sb,Hovukoilo
sb,Huali
sb,Huehule
sb,Hu
sb,Huhuru
sb,Hulavu
sb,Hulihale
sb,Hulina Manukiki
sb,Hulo
sb,Hunahao
sb,Hunahau
sb,Hunanaawa
sb,Hunanahara
sb,Hunanapuru
sb,Hunda
sb,Huni'ama
sb,Hunihara
sb,Hunihu
sb,Hunimasi
sb,Huno Ramu
sb,Hunouri
sb,Hunughu
sb,Hunurama
sb,Hunuta
sb,Hurakaia
sb,Huranahai
sb,Huranja
sb,Hurasona
sb,Hure
sb,Hurepelo
sb,Hurihasu
sb,Huri'i
sb,Huro
sb,Huru
sb,Huu
sb,Hu'umarere
sb,Iaru
sb,Iaruraha
sb,Igwa
sb,Ikupaara
sb,Ilangana
sb,Ilikaliana
sb,Iliki
sb,Imana
sb,Imomoru
sb,Inagau
sb,Ina Ghau
sb,Ina Ghavigha
sb,Ina Ghoana
sb,Inahombe
sb,Ina Kala
sb,Inakona
sb,Inakona Mission
sb,Ina Kongga
sb,Ina Kua
sb,Ina Maole
sb,Ina Mati
sb,Ina Mbombo
sb,Inanunu
sb,Ina Puru
sb,Ina Ravu
sb,Ina Vindi
sb,Ina Visa
sb,Iofana
sb,Ione
sb,Iramarore
sb,Iranumu
sb,Iranunu
sb,Ireke
sb,Iremaea
sb,Irindofe
sb,Iringgila
sb,Iripaina
sb,Iriri
sb,Ironunu
sb,Irowai
sb,Iruiru
sb,Isiisu
sb,Isipeni
sb,Israel
sb,Isuisu
sb,Isuna
sb,Isunavara
sb,Itina
sb,Jaklo
sb,Japuana
sb,Jarava
sb,Java
sb,Jejevo
sb,Jiku
sb,Jinjapili
sb,Joroveto
sb,Judaea
sb,Kaanggua
sb,Kaekui
sb,Kafema'u
sb,Kafoambu
sb,Kafo'elia
sb,Kafoi'ilo
sb,Kafulafiu
sb,Kaio
sb,Kakake
sb,Kakalaa'ano
sb,Kakalaka
sb,Kakalambao
sb,Kakalao
sb,Kakalokasa
sb,Kakambona
sb,Kakambona Villages
sb,Kakara
sb,Kakaro
sb,Kakaru
sb,Kakaru
sb,Kakasa
sb,Kakatio
sb,Kakavovo
sb,Kakaza
sb,Kakendakena
sb,Kakolia
sb,Kalaka
sb,Kalala'ao
sb,Kalambisi
sb,Kalanggwata
sb,Kalavaolu
sb,Kalenga
sb,Kaliala
sb,Kalibato
sb,Kalimai
sb,Kalima
sb,Kaloka
sb,Kalona
sb,Kaltoma
sb,Kamaleai 2
sb,Kamaleai
sb,Kamangga
sb,Kamanjikoko
sb,Kamaosi
sb,Kamoniboko
sb,Kanata
sb,Kanava'eha
sb,Kanda
sb,Kandiavata
sb,Kandova
sb,Kanggava
sb,Kanipa
sb,Kaoka
sb,Kaokaona
sb,Kaonasughu
sb,Kaonasugu
sb,Kaonggele
sb,Kaori
sb,Kaotave
sb,Kapasiro
sb,Kapeu
sb,Kapicha
sb,Kapika
sb,Karaka
sb,Kareki
sb,Karinara
sb,Karipaupapa
sb,Karivalu
sb,Karivasa
sb,Karo
sb,Karokaro
sb,Karona
sb,Karukaru
sb,Karupopora
sb,Karu'uu
sb,Kasaranga
sb,Kasarongo
sb,Kasimburu
sb,Katurasele
sb,Kauchupuchupu
sb,Kau
sb,Kau Kau Mission
sb,Kaukona
sb,Kaunasugu
sb,Kausa
sb,Kauva
sb,Kauvare
sb,Kavahambe
sb,Kava
sb,Kavoa
sb,Kavo
sb,Keala
sb,Ke'ana
sb,Keara
sb,Kekena
sb,Kekepina
sb,Kelakwai
sb,Keloanamusu
sb,Kelomari'i
sb,Kemane
sb,Kemba
sb,Kena
sb,Keravuru
sb,Kere
sb,Kerekoka
sb,Keremanivo
sb,Kerenapisi
sb,Kerepai
sb,Kerepei
sb,Kerepei
sb,Kerepukavala
sb,Keru
sb,Keru Village
sb,Kesao
sb,Kesatamba
sb,Ketoketo
sb,Ketonga
sb,Keviani
sb,Kia
sb,Kiala
sb,Kibelifolo
sb,Kibelifolu
sb,Kicho
sb,Kikinocho
sb,Kikiri
sb,Kililonga
sb,Kilokaka
sb,Kilufali
sb,Kilufi
sb,Kilusakwalo
sb,Kiluufi
sb,Kimaga
sb,Kimbito
sb,Kindivoroa
sb,Kinoso
sb,Kioramo
sb,Kira
sb,Kirakira
sb,Kirighi
sb,Kirighi
sb,Kirigi
sb,Kiripaasu
sb,Kiu
sb,Kmagha
sb,Koaa
sb,Koache
sb,Koa
sb,Koalia
sb,Koatolo
sb,Kobiloko
sb,Koburu
sb,Kochitoa
sb,Kochokocho
sb,Koela
sb,Koepilua
sb,Koetungi
sb,Kofi
sb,Kofiloko
sb,Koghambugha
sb,Koghe
sb,Koila
sb,Koilambu
sb,Koilonambo
sb,Koilosuimomoru
sb,Koilotumaria
sb,Koilotumuria
sb,Koilovala
sb,Koilovata
sb,Kokamau
sb,Kokenggolo
sb,Kokengolo
sb,Kokengolo Mission
sb,Kokepaku
sb,Kokoerata
sb,Kokoilo
sb,Kokolapa
sb,Kokolope
sb,Kokombagia
sb,Kokombono
sb,Kokomu
sb,Kokomuruka
sb,Kokosuliseu
sb,Kokosurisau
sb,Kokote
sb,Kokumaruki
sb,Kokumbona
sb,Kokumuruka
sb,Koleala
sb,Kolenamoa
sb,Koliai
sb,Kolika
sb,Koli
sb,Kolina
sb,Kolochachara
sb,Kolochega
sb,Kolochemba
sb,Kolochimiu
sb,Kolochiri
sb,Kolochulu
sb,Koloe
sb,Kolofi
sb,Kologhajogha
sb,Kologhalivei
sb,Kologhasi
sb,Kologhavatu
sb,Kologhavutu
sb,Kologhodu
sb,Kologhona
sb,Kolohambusi
sb,Kolohaumbi
sb,Kolokapalu
sb,Kolokapasi
sb,Kolokarako
sb,Kolokeleve
sb,Kolokiki
sb,Kolokoko
sb,Kolokundukundu
sb,Kololauvi
sb,Kolombagia
sb,Kolombaleho
sb,Kolombangara
sb,Kolombari
sb,Kolombolo
sb,Kolombora
sb,Kolomola
sb,Kolomosu
sb,Kolondoli
sb,Kolonjiri
sb,Kolosigana
sb,Kolosula
sb,Kolosulu
sb,Kolotambu
sb,Koloteve
sb,Kolotita
sb,Kolotubi
sb,Kolotumaria
sb,Kolovaleve
sb,Kolovalu
sb,Kolovaolu
sb,Kolovasari
sb,Kolovatuniura
sb,Kolovelo
sb,Kolovuluvulu
sb,Kolumbaghea
sb,Kolutoha
sb,Komambulu
sb,Komanuga
sb,Komanuha
sb,Komaru
sb,Komate
sb,Komati
sb,Kombae
sb,Kombalombalo
sb,Kombau
sb,Kombe'aikiki
sb,Kombe'ai
sb,Kombe
sb,Kombi
sb,Kombiloko
sb,Kombito II
sb,Kombito I
sb,Kombito
sb,Kombokisa
sb,Komimbo
sb,Komindi
sb,Komoniboko
sb,Komoto
sb,Komovaolo
sb,Komughavea
sb,Komu'isia
sb,Komukama
sb,Komukea
sb,Komu
sb,Komukomu
sb,Komukusua
sb,Komule
sb,Komulevugha
sb,Komumarara
sb,Komumbembe
sb,Komuna
sb,Komungelea
sb,Komuniao
sb,Komuniato
sb,Komunidhimbo
sb,Komunighogha
sb,Komunihaka
sb,Komunihara
sb,Komunikoa
sb,Komunima'angga
sb,Komunimala
sb,Komunimatangga
sb,Komunimbaimbai
sb,Komunimbambasa
sb,Komunimboko
sb,Komunimbolo
sb,Komunimbombolo
sb,Komuninggita
sb,Komunisambaha
sb,Komunitambalolo
sb,Komunivele
sb,Komupau
sb,Komuporo
sb,Komurarata
sb,Komureo
sb,Komusondu
sb,Komuvadha
sb,Komuvaolu
sb,Kona
sb,Konapou
sb,Kondodhau
sb,Kondothau
sb,Kondovele
sb,Kongga
sb,Konggau
sb,Konggeva
sb,Konggo
sb,Konggu
sb,Konggulai
sb,Konibau
sb,Konitaraka
sb,Konitarake
sb,Konjonambangaro
sb,Konure
sb,Koo
sb,Ko'ombaita
sb,Kopapara
sb,Kopau
sb,Kopiu
sb,Koraga
sb,Koragha
sb,Korai
sb,Korambu
sb,Korasa
sb,Korasa
sb,Korikasike
sb,Korogha
sb,Korombusu
sb,Korove
sb,Korovou
sb,Koruha
sb,Kosarara
sb,Koseranga
sb,Kosifu
sb,Kosikosi
sb,Kosipo
sb,Kosisi
sb,Koso
sb,Kosuarangga
sb,Kotaoa
sb,Kotatave
sb,Kotokum
sb,Kouasi
sb,Kovahu
sb,Kovare
sb,Kovatali
sb,Koviloko
sb,Kowowugy
sb,Kubolota
sb,Kuchira
sb,Kuekue
sb,Kugk
sb,Kuikuila
sb,Kuikuilu
sb,Kuila
sb,Kuki
sb,Kukuduro
sb,Kukuhila
sb,Kuku
sb,Kukumbona
sb,Kukum
sb,Kukumu
sb,Kukundu
sb,Kukunu
sb,Kukuruu
sb,Kulu
sb,Kuma'ihavi
sb,Kuma
sb,Kumanakati
sb,Kumarei
sb,Kumariva
sb,Kumbakale
sb,Kumbokala
sb,Kumbokale
sb,Kumbokesa
sb,Kumbokota
sb,Kumbolia
sb,Kumotu
sb,Kumu
sb,Kumundi
sb,Kundale
sb,Kundu
sb,Kunji
sb,Kunjo
sb,Kunokuno
sb,Kunso
sb,Kunumboko
sb,Kunura
sb,Kuraisau
sb,Kurilaka
sb,Kuru
sb,Kusini
sb,Kusumba
sb,Kutakana
sb,Kuva Kei
sb,Kuvamiti
sb,Kwa'a
sb,Kwaakwadi
sb,Kwaakwandi
sb,Kwaiafaa
sb,Kwaiana
sb,Kwaiaroaro
sb,Kwaifiu
sb,Kwai
sb,Kwaila'abu
sb,Kwailaua
sb,Kwailava
sb,Kwailibesi
sb,Kwaimae
sb,Kwaimbaambaala
sb,Kwainaketo
sb,Kwainangali
sb,Kwaiorua
sb,Kwakwailata
sb,Kwalakwala
sb,Kwaoasi
sb,Kwaoasio
sb,Kwao
sb,Kwapiekwa
sb,Kwari'ekwa
sb,Kwene
sb,Labogo
sb,Labukasga
sb,Labukasiha
sb,Lache
sb,Laga
sb,Lageba
sb,Laghira
sb,Laiana
sb,Lajaka
sb,Lakampao
sb,Lakatana
sb,Lalalo
sb,Lalande
sb,Lalao
sb,Lale
sb,Lali
sb,Lalitau
sb,Lalloassi
sb,Laloato
sb,Laloe'efou
sb,Laluto
sb,Lamaa
sb,Lambeana
sb,Lambete
sb,Lambeti
sb,Lambia
sb,Lambi
sb,Lambughue
sb,Lambukasigha
sb,Lambukasigu
sb,Lambungasi
sb,Lambunggaula
sb,Lame
sb,Lamuas
sb,Landeni
sb,Langalky
sb,Langanaku
sb,Langange
sb,Langgoe
sb,Langgoi
sb,Langgo
sb,Lango
sb,Langumusu
sb,Laotatau
sb,Laovavasa
sb,Laovundi
sb,Lapo
sb,Larimbaolo
sb,Laru
sb,Lasa
sb,Laso
sb,Lata
sb,Latina
sb,Lauhavigha
sb,Laukolo
sb,Laula
sb,Laulambeti
sb,Laulasi
sb,Lauru
sb,Lauta
sb,Lauvavasa
sb,Lauvi
sb,Lavaka
sb,Lavanggu
sb,Lavu
sb,Lavuro
sb,Lea'angeange
sb,Leche
sb,Leitango
sb,Leitongo
sb,Leleghia
sb,Lelei
sb,Leleola
sb,Leleona
sb,Lengalau
sb,Lenga
sb,Lengatura
sb,Lenggakiki
sb,Lenggalau
sb,Lenggalei
sb,Lengga
sb,Lenggaloki
sb,Lenggarauna
sb,Lengo
sb,Leomate
sb,Leosa
sb,Leovatu
sb,Letuni
sb,Levaleva
sb,Levuka
sb,Levu
sb,Liangai
sb,Lighara
sb,Lilifia
sb,Lilisiana
sb,Limi
sb,Lingrababo
sb,Lio
sb,Lipe
sb,Litoghahira
sb,Lituni
sb,Liufanithauthau
sb,Liuliu
sb,Liulu
sb,Liwe
sb,Liweliwe
sb,Loalonga
sb,Loghahaja
sb,Logha
sb,Loghasia
sb,Loimboro
sb,Loina
sb,Lokanipeo
sb,Lokiha
sb,Lokuru
sb,Lolinggi
sb,Lolofoe
sb,Lologae
sb,Lologana
sb,Lochatana
sb,Lologhae
sb,Lologhana
sb,Lololo
sb,Lolomikilo
sb,Lomati
sb,Lombe'esuala
sb,Longapolo
sb,Longgu
sb,Longguna
sb,Longu
sb,Longwocky
sb,Lo'ombola
sb,Lotiloti
sb,Lova
sb,Lueselemba
sb,Lughunataumana
sb,Lughuvasa
sb,Lugunabuli
sb,Lukuvaru
sb,Lulambai
sb,Lulemikilo
sb,Luluvato
sb,Lumanambolo
sb,Lumanaroko
sb,Lumarau
sb,Lumu
sb,Lunga
sb,Lunga
sb,Lungga
sb,Lungga
sb,Lungua
sb,Luti
sb,Lu'ue
sb,Luvuna
sb,Luvunambuli
sb,Luvunbuli
sb,Lwowa
sb,Maamalasuala
sb,Maamburu
sb,Maanafaene
sb,Maanafiu
sb,Maanakafo
sb,Maana'oba
sb,Maanggwarafu
sb,Ma'ara'ara
sb,Maariki
sb,Maariwai
sb,Maasupa
sb,Maatona
sb,Mablosi
sb,Madoa
sb,Madoa Mission Station
sb,Ma'eanikana
sb,Maeloboa
sb,Maeroto
sb,Mage
sb,Maghati
sb,Mahagha
sb,Mahuto
sb,Maimali
sb,Maira
sb,Maisinirae
sb,Maisu
sb,Makali
sb,Maka
sb,Makambo
sb,Makanakolopao
sb,Makana
sb,Makanapeo
sb,Makaranguru Nguru
sb,Makaruka
sb,Makarukar
sb,Makia
sb,Makila
sb,Makile
sb,Makilo
sb,Makina
sb,Makorukoru
sb,Makweunu
sb,Malabague
sb,Malaengari
sb,Malagwasu
sb,Malaisa
sb,Malaisu
sb,Malalaia
sb,Malangano
sb,Malango
sb,Malangono
sb,Malanjoru
sb,Malapau
sb,Malapu
sb,Malatabii
sb,Malatawa'a
sb,Malatema
sb,Malathawa
sb,Malatoha
sb,Maleai
sb,Malefomuu
sb,Malemgeulu
sb,Malevaga
sb,Maleva
sb,Malevangga
sb,Maliali
sb,Malisa
sb,Malitawaniuhu
sb,Malivaga
sb,Malivanga
sb,Malivugu
sb,Maloaini
sb,Malohu
sb,Malohumbisi
sb,Malo
sb,Malombo
sb,Malona
sb,Malosu
sb,Malo'u
sb,Malou
sb,Malue
sb,Maluka
sb,Malukuna
sb,Malu
sb,Malumalunimbirisi
sb,Malumgeulu
sb,Maluu
sb,Malvmalunavirsu
sb,Mamako
sb,Mamalade
sb,Mamara
sb,Mamarea
sb,Mamarei
sb,Mamatoa
sb,Mambulu Na Kake
sb,Mami
sb,Mamui
sb,Mamulele
sb,Manaambu
sb,Manaara
sb,Manaba
sb,Manabubulu
sb,Manabuma Mission
sb,Manakia
sb,Manakukunu
sb,Manakwai
sb,Manamba
sb,Manambusu
sb,Manano
sb,Manaoru
sb,Manawai
sb,Manchuki
sb,Mandakacho
sb,Mandakato
sb,Mandalua
sb,Mandekachu
sb,Mandiralava
sb,Mandou
sb,Manduo
sb,Maneade
sb,Manegohere
sb,Manehuki
sb,Maneoura
sb,Maneura
sb,Manevovo
sb,Manewaro
sb,Manewiriwiri
sb,Mangakiki
sb,Mangalao
sb,Manga
sb,Manganakao
sb,Mangautu
sb,Mangapahu
sb,Manggari
sb,Manggatarava
sb,Manggautu
sb,Manggo
sb,Mania'aa
sb,Mania
sb,Maniate
sb,Manibokosi
sb,Maniborkosi
sb,Manierate
sb,Manifao
sb,Manigai
sb,Manighai
sb,Manihauhau
sb,Manihauni
sb,Manihinua
sb,Manihouhou
sb,Manihouni
sb,Manihusi
sb,Mani'iira
sb,Manikaraku
sb,Manikiriu
sb,Maniora
sb,Maniota
sb,Maniou
sb,Manipwena
sb,Manivasa
sb,Maniwawa
sb,Manjavo
sb,Maniwaro
sb,Manna Kwoi
sb,Mannu
sb,Manoroti
sb,Manuagere
sb,Manule
sb,Manu
sb,Manuopo
sb,Manupisu
sb,Maokao
sb,Maoro
sb,Maosiri
sb,Maoto
sb,Mapahisi
sb,Maraeva
sb,Maraghova
sb,Maragova
sb,Marahovi
sb,Marahuiraramua
sb,Marahu
sb,Maraiva
sb,Maranu'u
sb,Marao
sb,Maraone
sb,Maraoni
sb,Marapona
sb,Marararo
sb,Marasa
sb,Marata
sb,Marau
sb,Maraunia
sb,Marauni
sb,Maravari
sb,Maravovo
sb,Mariava
sb,Marindi
sb,Marisi
sb,Marivari
sb,Maroco
sb,Maroghu
sb,Marokafo
sb,Marou
sb,Maro'umasike
sb,Marui
sb,Maruiraru
sb,Maruitaro
sb,Marumba
sb,Marumbo
sb,Marumu
sb,Marunga
sb,Marupo
sb,Masi
sb,Masiu
sb,Masoko
sb,Masugologo
sb,Matachachali
sb,Matahenua
sb,Matakachi
sb,Matakwaisuu
sb,Matakwalao
sb,Matamofu
sb,Matamotu
sb,Maru'ura
sb,Matanambamba
sb,Matananughu
sb,Matanaso
sb,Matanganakafo
sb,Matangasi
sb,Matangga
sb,Matango
sb,Matanikao
sb,Matanikau
sb,Mataniko
sb,Mataninughu
sb,Matapava
sb,Matapuru
sb,Matari
sb,Matariu
sb,Mataruka
sb,Matasere
sb,Matavati
sb,Matekolukolu
sb,Matenggolo
sb,Mati
sb,Matlava
sb,Matombo
sb,Matoni
sb,Matoraniwai
sb,Mavaina
sb,Maviru
sb,Mavulu
sb,Mavunina
sb,Mawa
sb,Mba'elasurumbe'u
sb,Mba'eniambu
sb,Mbagherau
sb,Mbahi
sb,Mbakua
sb,Mbalafai
sb,Mbalanimanu
sb,Mbaleghokoa
sb,Mbaleokala
sb,Mbalola
sb,Mbalo
sb,Mbaloni
sb,Mbambala
sb,Mbambanakira
sb,Mbambandeha
sb,Mbambareilonga
sb,Mbambarelonga
sb,Mbambasu
sb,Mbanga
sb,Mbangara
sb,Mbangopingo
sb,Mbaniata
sb,Mbanimbani
sb,Mbanone
sb,Mbaole
sb,Mbarakoma
sb,Mbarakongga
sb,Mbarambou
sb,Mbarana
sb,Mbaranasia
sb,Mbara Parilonga
sb,Mbarasipo
sb,Mbaraulu
sb,Mbareho
sb,Mbariki
sb,Mbasakana
sb,Mbatongo
sb,Mbatuna
sb,Mbazo
sb,Mbea
sb,Mbeghotadhi
sb,Mbeghovila
sb,Mbeghovuvudha
sb,Mbekambeka
sb,Mbelagha
sb,Mbelaha
sb,Mbelaitohu
sb,Mbelambela
sb,Mbelapita
sb,Mbelasara
sb,Mbelatania
sb,Mbelatasi
sb,Mbelati
sb,Mbele
sb,Mbembe
sb,Mbembenamanu
sb,Mbengena
sb,Mberapa
sb,Mberechoa
sb,Mberelonga
sb,Mberenigha
sb,Mbetembete
sb,Mbetilonga
sb,Mbetimbeti
sb,Mbetini
sb,Mbetitambu
sb,Mbetivaolu
sb,Mbiche
sb,Mbilikovu
sb,Mbili
sb,Mbilimbili
sb,Mbilua
sb,Mbimbisala
sb,Mbina
sb,Mbino
sb,Mbinu
sb,Mbirambira
sb,Mbirasu
sb,Mbisuana
sb,Mbita'ama
sb,Mbiti
sb,Mbiula
sb,Mboe
sb,Mboemboe
sb,Mboeni
sb,Mbohu
sb,Mbokasuhu
sb,Mbokiaka
sb,Mbokoaghau
sb,Mbokochare
sb,Mbokola
sb,Mbokolo
sb,Mbokolonga
sb,Mbokolovo
sb,Mboko
sb,Mbolaau
sb,Mbola
sb,Mbomboe
sb,Mbonala
sb,Mbona
sb,Mbonmbonu
sb,Mbonumbonu
sb,Mbopo
sb,Mboranaho
sb,Mborandaho
sb,Mboringo
sb,Mborohinamba
sb,Mborokoko
sb,Mboromole
sb,Mboroni
sb,Mborosavila
sb,Mbotolo
sb,Mboutambu
sb,Mbuambua
sb,Mbuamena
sb,Mbuandoko
sb,Mbuasavia
sb,Mbuchikora
sb,Mbughetu
sb,Mbughona
sb,Mbughulusule
sb,Mbuini Tusu
sb,Mbuira'ambu
sb,Mbukileti
sb,Mbulai
sb,Mbulo
sb,Mbulu
sb,Mbuluminjua
sb,Mbuma
sb,Mbumbualala
sb,Mbumbughoro
sb,Mbumbukembe
sb,Mbumbukolo
sb,Mbumbukuana
sb,Mbumbulonga
sb,Mbumbumaraho
sb,Mbumbunamo
sb,Mbumbunuhu
sb,Mbumbupanapana
sb,Mbumburu
sb,Mbumbutasi
sb,Mbuni
sb,Mbu'ombu'o
sb,Mburaki
sb,Mburuku
sb,Mburungia
sb,Mbutovatale
sb,Mbuturua
sb,Menai
sb,Menakasapa
sb,Menamini
sb,Menelu
sb,Mengasanga
sb,Menighagha
sb,Mereka
sb,Mifare
sb,Mimisi
sb,Misinighau
sb,Moela
sb,Mogarege
sb,Moila
sb,Moira
sb,Moki
sb,Mole
sb,Moli
sb,Moli
sb,Momolu
sb,Mondo
sb,Mondomondo
sb,Mongga
sb,Mongga
sb,Monggo
sb,Morondo
sb,Mota
sb,Motombulu
sb,Mou
sb,Mouta
sb,Muana
sb,Mulusu
sb,Munamanu
sb,Munda
sb,Mundimundi
sb,Musukui
sb,Mwadjo'a
sb,Mwadoa
sb,Mwamwako
sb,Mwaniache
sb,Mwanibwaghosu
sb,Mwanibwagosi
sb,Mwanihuki
sb,Mwanimaoru
sb,Mwanimauru
sb,Mwanipua
sb,Mwaniwowo
sb,Mwarada
sb,Mwarairaru
sb,Mwaratja
sb,Mwareiraro
sb,Mweilalapo
sb,Naafisi
sb,Naakwila
sb,Naambula
sb,Naamute
sb,Naana
sb,Naanau
sb,Na Ande
sb,Naanggwai
sb,Naaruu
sb,Na'atilo
sb,Na Chei
sb,Nadi
sb,Nafinotoga
sb,Nafinua
sb,Nafinuatogho
sb,Nafinuatogo
sb,Naganea
sb,Naghania
sb,Naghatare
sb,Naghighi
sb,Nagholau
sb,Nagho
sb,Naghonangichu
sb,Naghonimbalo
sb,Naghotano
sb,Nahahau
sb,Nagigi
sb,Nagonangitsu
sb,Na Haimbau
sb,Na Hambu
sb,Na Hambusi
sb,Na Hau
sb,Naharahau
sb,Na Homba
sb,Nahombe
sb,Naho
sb,Nahoura
sb,Naifai
sb,Nainaoa
sb,Naiwa
sb,Na Kambi
sb,Na Kene
sb,Na Keo
sb,Na Kili
sb,Na Koilo
sb,Na Kondo
sb,Na Kongga
sb,Nakuhu
sb,Na Kule
sb,Nakuma
sb,Na Kuma
sb,Nakutei
sb,Na Lagho
sb,Nalaguthue
sb,Na Lame
sb,Nala
sb,Nalitata
sb,Na Longa
sb,Namakohigho
sb,Namakohuigo
sb,Nama
sb,Namania
sb,Na Manu
sb,Namarako
sb,Namarango
sb,Namasi
sb,Namaturi
sb,Nambacomba
sb,Na Mbakero
sb,Na Mbambasa
sb,Nambare
sb,Na Mbocha
sb,Na Mbo
sb,Na Mboneta
sb,Na Mbulonggato
sb,Nambusasa
sb,Nambusasa Tuzu
sb,Namoanabaola
sb,Namoanabaula
sb,Namo'ao
sb,Namochuvere
sb,Namo'ere'ere
sb,Namo'ia
sb,Namoirora
sb,Namola'ela'e
sb,Namom Blou
sb,Namonahote
sb,Namo Na Kerengandi
sb,Namonambosa
sb,Namongali
sb,Namosalabe
sb,Namosambagha
sb,Namosina
sb,Namo Valu
sb,Nanakeni
sb,Nanakinimae
sb,Nanao
sb,Na Naro
sb,Na Ndoa
sb,Nanepe
sb,Na Ngali
sb,Na Nggeu
sb,Nangli
sb,Na Niva
sb,Na Njelu
sb,Na Nono
sb,Naonai
sb,Na'ona
sb,Na'o
sb,Na'onatala
sb,Naonauli
sb,Naonuli
sb,Napaghewa
sb,Napagiwae
sb,Na Palulu
sb,Naparaohau
sb,Naparaoinawa
sb,Naparaomafai
sb,Naparasusu
sb,Naparenawa
sb,Naparesusu
sb,Naparoahau
sb,Na Pasa
sb,Napasiwai
sb,Na Poli
sb,Na Pono
sb,Napurongo
sb,Narano
sb,Na Rate
sb,Nareabu
sb,Nariasi
sb,Nari'eke
sb,Narihasi
sb,Narinaasuru
sb,Narioriori
sb,Nari'ou
sb,Naripuipui
sb,Nariwarawa
sb,Narohei
sb,Naro
sb,Naroro
sb,Narowai
sb,Naruka
sb,Naruo
sb,Na Sengge
sb,Na Sungi
sb,Nasuragena
sb,Nasuraghena
sb,Natagere
sb,Nataghera
sb,Nata
sb,Nategera
sb,Na Tita
sb,Naufee
sb,Na Uli
sb,Na Ura
sb,Na Vahalo
sb,Navai
sb,Na Vasa
sb,Na Vatali
sb,Na Vaundalo
sb,Na Vila
sb,Na Vura
sb,Na Vuravale
sb,Na Vuvuti
sb,Naworihu
sb,Na Wosi
sb,Nazareth
sb,Ndaimbangara
sb,Ndala
sb,Ndandae
sb,Ndandala
sb,Ndandave
sb,Ndara
sb,Ndarangwara'u
sb,Ndarawara'u
sb,Ndari'aitolo
sb,Ndarifu'ikwao
sb,Ndauana
sb,Ndaulahasi
sb,Ndavalaka
sb,Ndende
sb,Ndiuku
sb,Ndiu'uma
sb,Ndoma
sb,Ndovele
sb,Nduindui
sb,Ndukuna
sb,Ndula
sb,Ndumule
sb,Ndunde
sb,Nea
sb,Neembuna
sb,Nefua
sb,Neia
sb,Nele
sb,Nemba
sb,Nembao
sb,Nemboe
sb,Nenbo
sb,Nene Pungupungu
sb,Netengge
sb,Nevea
sb,New Chiri
sb,New Hatara
sb,New Lache
sb,Newland
sb,New Mala
sb,New Manra
sb,New Marere
sb,New Mbambaraho
sb,New Paradise
sb,Newport
sb,New Tenambuti
sb,New Valley
sb,Ngada'ifiu
sb,Ngadefiu
sb,Ngagatari
sb,Ngaimambulumbu
sb,Ngalato
sb,Ngaliabu
sb,Ngaliachulu
sb,Ngaliae
sb,Ngalialoalo
sb,Ngaliamate
sb,Ngaliambaleo
sb,Ngaliambina
sb,Ngalianggwa'iu
sb,Ngaliapau
sb,Ngalichichimiu
sb,Ngalighaghachogha
sb,Ngalikasiu
sb,Ngalikemukemu
sb,Ngalikoa
sb,Ngalikolia
sb,Ngalikomba
sb,Ngalikombi
sb,Ngalikonare
sb,Ngalikovea
sb,Ngalikwasi
sb,Ngalilalali
sb,Ngalilambelambe
sb,Ngaliluage
sb,Ngaliluaghe
sb,Ngalimakeko
sb,Ngalimarasa
sb,Ngalimaremare
sb,Ngalimauvo
sb,Ngalimbina
sb,Ngalimera
sb,Ngalinanggela
sb,Ngalindova
sb,Ngalinggonu
sb,Ngalingwangwao
sb,Ngalipapa
sb,Ngalipeule
sb,Ngalisusure
sb,Ngalitaghaverona
sb,Ngalitalo
sb,Ngalitatae
sb,Ngalitata
sb,Ngalitavedhi
sb,Ngalithakali
sb,Ngalito'o
sb,Ngaliturara
sb,Ngalituturiha
sb,Ngalituturima
sb,Ngalituturi
sb,Ngalivasa
sb,Ngalivavatu
sb,Ngalivivinua
sb,Ngalivoli
sb,Ngalivouvou
sb,Ngalivovo
sb,Ngalivungambau
sb,Ngalivuria
sb,Ngarafata
sb,Ngari'alambusi
sb,Ngaria'ura
sb,Ngaringari
sb,Ngautu
sb,Ngganggalu
sb,Nggareka
sb,Nggaulai'ato'o
sb,Nggepai
sb,Nggesa
sb,Nggeukama
sb,Nggeu
sb,Nggilo
sb,Nggilu
sb,Nggiluniuna
sb,Nggilutae
sb,Nggoinggoi
sb,Nggoma
sb,Nggonanakiki
sb,Nggononggolua
sb,Nggonopoto
sb,Nggoraembara
sb,Nggoranaveki
sb,Nggosi
sb,Nggounaambusu
sb,Nggounatogha
sb,Nggovu
sb,Ngguluvoa
sb,Nggumu
sb,Nggunggu
sb,Nggurambusu
sb,Nggwa'ako
sb,Nggwa'alalamoa
sb,Nggwaloa
sb,Nggwanggwani'olou
sb,Nggwauafa
sb,Nggwaunahili
sb,Nggwaunaire
sb,Nggwaunakafo
sb,Nggwaunaloi
sb,Nggwauna'ua
sb,Ngongorefou
sb,Ngongosila
sb,Ngongosila
sb,Ngongosilu
sb,Ngorangora
sb,Ngotikala
sb,Ngulangana
sb,Ngurengure
sb,Ngutu
sb,Nifaro
sb,Ni'ina
sb,Nikomaroro
sb,Nila
sb,Nimahoro
sb,Nimaniaihura
sb,Nimaniriko
sb,Nimatori
sb,Nima'ui'ui
sb,Nimbau
sb,Nineveh
sb,Nio
sb,Nitauhi
sb,Niughaghalo
sb,Niuheli
sb,Niukasu
sb,Niumakani
sb,Niumara
sb,Niuma'uma'u
sb,Niumeli
sb,Niupani
sb,Niupilesi
sb,Niu Pilesi
sb,Niupote
sb,Niutakina
sb,Njarivonggangga
sb,Njava
sb,Njeilao
sb,Njenjepele
sb,Njiku
sb,Njoroveto
sb,Noka
sb,Noli
sb,Nomie
sb,Nonea
sb,Nono
sb,Nonoropo
sb,Nonume
sb,Nööle
sb,Noroiru
sb,Noronaho
sb,Noro
sb,Noto
sb,Nuali
sb,Nuatambu
sb,Nudungi
sb,Nudung
sb,Nuela
sb,Nughu
sb,Nuhu
sb,Nuhu
sb,Nukiki
sb,Nulavu
sb,Numanuma
sb,Numbuko
sb,Numbu
sb,Numu
sb,Numu Numu
sb,Nunu'asi
sb,Nunughu
sb,Nunulafa
sb,Nunulaka
sb,Nunumbala
sb,Nusambaruku
sb,Nusa Roviana
sb,Nusunimanu
sb,Nusu
sb,Nu'u
sb,Oa
sb,Oau
sb,Obaum
sb,Ocili
sb,Oesambe
sb,Ofakwasi
sb,Ofatambu
sb,Ofio
sb,Ogadea
sb,Ogho
sb,Ogo
sb,Oha'aano
sb,Ohena
sb,Ohi
sb,Ohumae
sb,Oiamaama
sb,Oi'arai
sb,Oiawaa
sb,Oi'eke
sb,Oimera
sb,Oinapo
sb,Oiniha'a
sb,Oinihari
sb,Oio
sb,O'io
sb,Oiparuru
sb,Oipunu
sb,Oipuru
sb,Oiraia
sb,Oirawaro
sb,Oirousu
sb,Oisabe
sb,Oisi'ini
sb,Oitohutohu
sb,Oitomu
sb,Okeoke
sb,Okiani
sb,Okwala
sb,Old Case
sb,Old Chuva
sb,Old Haimatua
sb,Old Pawa
sb,Olelavata
sb,Olevuga
sb,Olevugha
sb,Olilavata
sb,Olofolo
sb,Oloha
sb,Olokesi
sb,Ololo
sb,Olomburi
sb,Omba
sb,Omirangia
sb,Onebia
sb,Onefana
sb,Onefolo
sb,Onehatare
sb,Onehatari
sb,Oneibia
sb,Onemae
sb,One
sb,One
sb,Oneone
sb,Onepara
sb,Onepusu
sb,Onesere
sb,Oneteva
sb,Oneuru
sb,Onggaongga
sb,'Onggou
sb,Onibia
sb,Onitari
sb,Onitewa
sb,'Oofa
sb,'Oofu
sb,O'omatawa
sb,Oonerohoroho
sb,O'o
sb,O'oroba
sb,Ootenimae
sb,Oote
sb,Opi
sb,'Opo'opo
sb,Oraetaro
sb,Ora
sb,Ore
sb,Oroe
sb,Orombina
sb,Orothambeuu
sb,Orumba
sb,Osinakaro
sb,Osonakaro
sb,Ote'anggo
sb,Oteiora
sb,Ote
sb,Oteotea
sb,Ote'ote
sb,Oterama
sb,Otou
sb,Ouitcho
sb,Oula
sb,Oula
sb,Ou
sb,Paa
sb,Paarai
sb,Pachipachi
sb,Paele
sb,Paena
sb,Paeni
sb,Paeraurasu
sb,Paeu
sb,Paeva
sb,Paiatori
sb,Pailongge
sb,Paimbeta
sb,Paiou
sb,Pakenggosu
sb,Pakinggusu
sb,Palaina
sb,Palasu'u
sb,Palolu
sb,Palulu
sb,Pamua
sb,Panarui
sb,Panatina
sb,Pandii
sb,Pandi
sb,Panggoe
sb,Panuha
sb,Panuhe
sb,Pao
sb,Papaie
sb,Papai
sb,Papalaha
sb,Papanaka
sb,Papanggu
sb,Papangu
sb,Papara
sb,Papasuli
sb,Papipao
sb,Papi
sb,Papipap
sb,Para'akai
sb,Paradise
sb,Paramata
sb,Parambauna
sb,Parapara
sb,Parapara
sb,Parasana
sb,Parasi
sb,Paraso
sb,Paravele
sb,Pare'omane
sb,Pare'o
sb,Pare
sb,Parepare
sb,Parina
sb,Paripao
sb,Parisisi
sb,Paro
sb,Paru
sb,Paruru
sb,Pasana
sb,Pasifatoga
sb,Pasifutogha
sb,Pataerae
sb,Patima
sb,Patukae
sb,Patumbello
sb,Patumbelo
sb,Patupaele
sb,Patupaili
sb,Patura
sb,Patutiva
sb,Patutiwa
sb,Patuvendi
sb,Patuvindi
sb,Paunairo
sb,Paunanu'u
sb,Paungga
sb,Pau
sb,Paupau
sb,Paura
sb,Pauro
sb,Pauru
sb,Pawa
sb,Peava
sb,Pelekea
sb,Penjuku
sb,Penjulu
sb,Peochakuri
sb,Peonakake
sb,Peonamacho
sb,Peonavula
sb,Peou
sb,Pepele
sb,Perachikai
sb,Perachika
sb,Perakauru
sb,Pere'oi
sb,Petupat
sb,Petupetu
sb,Peu
sb,Piapia
sb,Piatarau
sb,Pichahila
sb,Piela
sb,Pienuna
sb,Pilo
sb,Pilopilo
sb,Pilupotori
sb,Pimandara
sb,Pina
sb,Pinau
sb,Piphirina
sb,Pipisu
sb,Piregha
sb,Pirumeri
sb,Pisagila
sb,Pitakutukutu
sb,Pite
sb,Piundava
sb,Plartual
sb,Poepoe
sb,Pogholauka
sb,Poholauka
sb,Poianiho
sb,Poichachu
sb,Poikotogha
sb,Poinagobo
sb,Poinahoho
sb,Poinanggela
sb,Poisughu
sb,Pokimundi
sb,Pokolauka
sb,Poli
sb,Polisongona
sb,Polomuhu
sb,Polo
sb,Pona
sb,Popoheo
sb,Poponaia
sb,Popona'ire
sb,Poporo
sb,Poposa
sb,Porapora
sb,Poreniaro
sb,Porokokore
sb,Poro
sb,Poroporo
sb,Posaposara
sb,Posarae
sb,Potani'uu
sb,Pouiramo
sb,Pounandi
sb,Pounanohu
sb,Poupasu
sb,Po'u
sb,Pourah
sb,Puchua
sb,Pui
sb,Pukambuti
sb,Pululaha
sb,Pulu
sb,Puma
sb,Pupuanakeni
sb,Pupuku
sb,Pupuri'a
sb,Puputa
sb,Purakechau
sb,Purakechu
sb,Purakesale
sb,Purakiki
sb,Puralava
sb,Pura
sb,Purapura
sb,Puratao
sb,Purepure
sb,Puriasi
sb,Puri'asi
sb,Purikiki
sb,Puripuri
sb,Pusuraghi
sb,Puto
sb,Putukora
sb,Putu
sb,Pututu
sb,Pwe'u
sb,Raa
sb,Rabu
sb,Rabuta
sb,Radefasu
sb,Raeao
sb,Raeavu
sb,Ragapu
sb,Raghapu
sb,Raia
sb,Raisi
sb,Raja
sb,Rako
sb,Rakuiofu
sb,Ralavu
sb,Rama
sb,Rambali
sb,Rambunggaula
sb,Rame'ai
sb,Ramoma'ini
sb,Rani
sb,Ranja
sb,Ranongga
sb,Rano
sb,Raoha
sb,Raolo
sb,Rapa
sb,Raputete
sb,Rarade
sb,Raraetaro
sb,Rarafata
sb,Rarande
sb,Rara
sb,Rararona
sb,Rararo
sb,Rarasi
sb,Rarasu
sb,Rarata
sb,Rarato
sb,Raraususia
sb,Raria'oa
sb,Raroasi
sb,Rarumana
sb,Rasa
sb,Ratakeni
sb,Rata
sb,Ratei
sb,Rate
sb,Rau'ahu
sb,Rau'e'eta
sb,Rauhi
sb,Raukerere
sb,Raukwao
sb,Raunitono
sb,Raupono
sb,Rauramba
sb,Raurasua
sb,Raurauna
sb,Raurembo
sb,Rauribau
sb,Raurileko
sb,Rautalu
sb,Rauvalu
sb,Raverave
sb,Ravu
sb,Ravu Sondu Kosi
sb,Ravu Sondu Ulu
sb,Ravu Soundu Ulu
sb,Rawanaoru
sb,Reghi
sb,Regi
sb,Reilonga
sb,Reko
sb,Relonga
sb,Rerea
sb,Rerede
sb,Rerehonomae
sb,Rerembonumbonu
sb,Rere
sb,Rerere
sb,Reva
sb,Rihoniwasi
sb,Rihutarau
sb,Riimairuu
sb,Rikipara
sb,Rio'aaea
sb,Rio'ahia
sb,Rio'ao
sb,Riohiasi
sb,Riomara'u'u
sb,Ripo
sb,Ririka
sb,Riusoru
sb,Riverside
sb,Roapu
sb,Roawaisisi
sb,Roghu
sb,Rohinari
sb,Rokai
sb,Rokera
sb,Rongofangaa
sb,Ro'ameo
sb,Rongokwere
sb,Rongolegu
sb,Rongoleilei
sb,Rongomae
sb,Rongomoli
sb,Rongoninggorunggoru
sb,Roone
sb,Ropa
sb,Ropa
sb,Rori
sb,Roroana
sb,Rorongo
sb,Roroni
sb,Rororia
sb,Roso
sb,Rota
sb,Rova
sb,Rove
sb,Rove
sb,Ruanggao
sb,Ruanggo
sb,Ruaniu
sb,Ruapuri
sb,Ruavatu
sb,Rufoki
sb,Rughu
sb,Rukutu
sb,Rumahui
sb,Rumatari
sb,Runanigogoro
sb,Ruravai
sb,Ruru'uhe
sb,Ruruvai
sb,Rutaorea
sb,Ru'u
sb,Saa Mission
sb,Sa'a
sb,Sabonau
sb,Saghavua
sb,Sagheraghi
sb,Sagigai
sb,Sahalu
sb,Sahuhu
sb,Saighilana
sb,Saikila
sb,Saikile
sb,Sainahando
sb,Saira
sb,Sakevolo
sb,Sakosi
sb,Salalava
sb,Salamarao
sb,Salapuka
sb,Salatolu
sb,Salaura
sb,Salesapa
sb,Sali'au
sb,Salio
sb,Salisapa
sb,Samaria
sb,Samasodu
sb,Sahasahakama
sb,Sambani
sb,Sambira
sb,Sambora
sb,Sanabogo
sb,Sandato
sb,Sandeleni
sb,Sandikepi
sb,Sanggasere
sb,Sanggigae
sb,Sanggighae
sb,Sangigai
sb,Sani Lae
sb,Sani Lumu
sb,Saofura
sb,Sao
sb,Sapanetavu
sb,Sape
sb,Sape
sb,Sapuru
sb,Saranakako
sb,Saranamola
sb,Sarananggaule
sb,Saranuli
sb,Sarase'ele
sb,Sarawasi
sb,Sareko
sb,Sarelata
sb,Sariana
sb,Sarimera
sb,Sarivona
sb,Sasacoma
sb,Sasaghana
sb,Sasahakama
sb,Sasaleka'o
sb,Sasaleke'o
sb,Sasamungga
sb,Sasatora
sb,Sasavele
sb,Saseke
sb,Sau'a
sb,Saua
sb,Saua
sb,Saunata
sb,Saunatu
sb,Saungulu
sb,Sauri
sb,Savalu
sb,Savaolo
sb,Savaolu
sb,Sava
sb,Savekau
sb,Savilu
sb,Savolo
sb,Savuna
sb,Sawarokau
sb,Seba
sb,Seghe
sb,Segi
sb,Selaghoghoro
sb,Selatenagho
sb,Selavana
sb,Seleo
sb,Semano
sb,Sepa
sb,Sepi
sb,Sepi Village
sb,Serabese
sb,Seragala
sb,Serighama
sb,Serulando
sb,Sesedo
sb,Sesepi
sb,Seve
sb,Siarana
sb,Siarara
sb,Sia
sb,Siata
sb,Sidon
sb,Sidu
sb,Sigana
sb,Sighosapa
sb,Sihomaniwara
sb,Sihomwaniwala
sb,Siinamuo
sb,Sikopisu
sb,Sikwafunu
sb,Silighodu
sb,Sili
sb,Silolo
sb,Simba
sb,Simbesimbe
sb,Simbilando
sb,Simbo
sb,Simiu Bank
sb,Simuli
sb,Sinalanggu
sb,Sinamo
sb,Sinasuu
sb,Sindu
sb,Sineria
sb,Singgilia
sb,Singiti
sb,Siodjuru
sb,Sioduru
sb,Siota Mission
sb,Siota
sb,Sirana
sb,Siriwareo
sb,Sirokakara
sb,Siro
sb,Sirukia
sb,Siruria
sb,Sisifiu
sb,Sisiota
sb,Sitaronda
sb,Sita
sb,Sivula
sb,Siwapau
sb,Siwarau
sb,Smalo
sb,Sobelia
sb,Soesonde
sb,Soga
sb,Soghati
sb,Soghoka
sb,Somber
sb,Sombiro Loka
sb,Sombiro
sb,Songgulu
sb,Sopanitogha
sb,Sopapera
sb,Soranamola
sb,Sorovisi
sb,Sorusitana
sb,Soso
sb,Suaba
sb,Suafa
sb,Suaghi
sb,Suagi
sb,Sualakeke
sb,Suaraghi
sb,Suavanao
sb,Sub Talahia
sb,Su'ena
sb,Suenna
sb,Sughulonga
sb,Sughu
sb,Sugu
sb,Suguu
sb,Suhairato
sb,Suhu
sb,Suilonggolonggo
sb,Suindaraa
sb,Sukiki
sb,Sulanggwalu
sb,Suliliu
sb,Sulimuni
sb,Sulione
sb,Sulofoloa
sb,Sulukiai
sb,Sumakotu
sb,Suma
sb,Sumate
sb,Sumbaniu
sb,Sumbombono
sb,Sunahavi
sb,Sunana
sb,Sunangauli
sb,Sunasau
sb,Sunavutu
sb,Sungasau
sb,Sungina
sb,Sungulu
sb,Supato
sb,Supusapuai
sb,Suputovu
sb,Sura'iro
sb,Suramane
sb,Suramani
sb,Suranani
sb,Surapau
sb,Surimuni
sb,Suruaharau
sb,Suruanihonu
sb,Suru'ao
sb,Suruhoroa
sb,Suruni'oi
sb,Susubona
sb,Susuka
sb,Susu
sb,Susu'ume
sb,Su'uholo
sb,Su'uirahu
sb,Suu Lava
sb,Suumatahu
sb,Su'umboko
sb,Suunanila
sb,Suurawa
sb,Su'uri'i
sb,Su'uruaharau
sb,Su'usu
sb,Su'u
sb,Su'utaluhia
sb,Suva
sb,Suva
sb,Suwe
sb,Ta'alulolo
sb,Ta'arutona
sb,Tabaa
sb,Taba
sb,Tadahadi
sb,Tadhighalagha
sb,Tadhimane
sb,Tadhi
sb,Taeniu
sb,Taepe
sb,Ta'eri'ara
sb,Tafala
sb,Tafukoe
sb,Tafuna'ama
sb,Tagatalau
sb,Tagholauna
sb,Tagongga
sb,Tagulaunga
sb,Tahaa
sb,Tahaimbau
sb,Taheramo
sb,Tahibo
sb,Tainiu
sb,Taipe
sb,Taitai
sb,Taivo
sb,Taivu
sb,Taka'ito
sb,Takamboro
sb,Takaniano
sb,Takataka
sb,Takatakati
sb,Takata
sb,Takavali
sb,Takemboru
sb,Takira
sb,Takoi
sb,Takokoilo
sb,Takola
sb,Takolenduna
sb,Takonga
sb,Takongga
sb,Takopikopi
sb,Takosoarangga
sb,Takuika
sb,Takurakura
sb,Taku
sb,Takwafiru
sb,Takwa
sb,Talahia
sb,Talaitango
sb,Talakali
sb,Talamu
sb,Talaungwembe
sb,Talaura
sb,Talesimba
sb,Taliatango
sb,Talingavatu
sb,Talisemba
sb,Talise
sb,Taloa
sb,Tamami
sb,Tamanby
sb,Tamatangga
sb,Tambaa
sb,Tamba'au
sb,Tambakokomu
sb,Tambakolo
sb,Tambalia
sb,Tambalusu
sb,Tambama
sb,Tambani
sb,Tambarato
sb,Tambasaru
sb,Tambea
sb,Tambelusu
sb,Tambero
sb,Tambili
sb,Tamboko
sb,Tambughu
sb,Tambugu
sb,Tambulivu
sb,Tambunahambu
sb,Tambunambulo
sb,Tambunimane
sb,Tamburiu
sb,Tametame
sb,Tametave
sb,Tanabili
sb,Tanabou
sb,Tanabuli
sb,Tanaemba
sb,Tanagai
sb,Tanahai
sb,Tanakea
sb,Tanakindi
sb,Tanakola
sb,Tanakombu
sb,Tanakongga
sb,Tanalanga
sb,Tanambora
sb,Tanambuli
sb,Tanamo
sb,Tanandoe
sb,Tanapau
sb,Tanapoi
sb,Tanasali
sb,Tanatete
sb,Tanavalea
sb,Tanavasa
sb,Tandalo
sb,Tanggilanggila
sb,Tanggonggora
sb,Tangongote
sb,Tanikola
sb,Tanimbili
sb,Taombo
sb,Tangali
sb,Taora
sb,Taori
sb,Tapa'atewa
sb,Tanged
sb,Tapou
sb,Taraafada
sb,Tarahoro
sb,Taraikui
sb,Taramata
sb,Tar'aniparu
sb,Taraoto
sb,Tarapaina
sb,Tarapiri
sb,Tarariu
sb,Tarariwa
sb,Taratarau
sb,Taraupata
sb,Tarekacho
sb,Tarekotz
sb,Tari'ao
sb,Taroaniara
sb,Taro'a
sb,Tarohaha
sb,Tarosi
sb,Taruta'a
sb,Taruvana
sb,Tasia
sb,Tasilaki
sb,Tasile
sb,Tasiloki
sb,Tasimania
sb,Tasisi
sb,Tasi
sb,Tasiuki
sb,Tasoe
sb,Tasule
sb,Tasure
sb,Tatamba
sb,Tatamba
sb,Tatambiri
sb,Tatatu
sb,Tatau
sb,Tatira
sb,Tauba
sb,Tau'ialomae
sb,Taulalamu
sb,Taumamae
sb,Taumbaghe
sb,Taumbuto
sb,Taunavali
sb,Taupanda
sb,Tausese
sb,Tausoro
sb,Tau
sb,Tautuvera
sb,Tavabuta
sb,Tavala
sb,Tavangaoa
sb,Tavavao
sb,Tavioa
sb,Tavughi
sb,Tavulea
sb,Tavulepasa
sb,Tavuli
sb,Tavutisakai
sb,Tawaaro
sb,Tawahaule
sb,Tawaiabu
sb,Tawaibu
sb,Tawaihuro
sb,Tawai Mare
sb,Tawainupu
sb,Tawaiosi
sb,Tawairoi
sb,Tawaiseu
sb,Tawaisira
sb,Tawanaora
sb,Tawana
sb,Tawanava
sb,Tawania
sb,Tawanimae
sb,Tawanisisisi
sb,Tawanisitoo
sb,Tawani
sb,Tawapaina
sb,Tawaraha
sb,Tawarararo
sb,Tawarihou
sb,Tawarodo
sb,Tawaroga
sb,Tawarihira
sb,Tawarogha
sb,Tawasubwe
sb,Tawasu
sb,Tawatana
sb,Tawa'uia
sb,Tearoku
sb,Teatupa
sb,Telina
sb,Telina
sb,Temuo
sb,Tenabuti
sb,Tenadhugha
sb,Tenaghau
sb,Tenahi Mission
sb,Tenakaro
sb,Tenakoko
sb,Tenalinggi
sb,Tenambuti
sb,Tenandalovi
sb,Tenaro
sb,Tenaru
sb,Tenatelidhe
sb,Tenatomba
sb,Tenatungi
sb,Tenauti
sb,Tenavatu
sb,Tenavunudha
sb,Tenavutu
sb,Tenendoe
sb,Teneru
sb,Tereali
sb,Tetemara
sb,Tetenimae
sb,Tetere
sb,Tetomera
sb,Tevua
sb,Thalu
sb,T'holana
sb,Tinabuti
sb,Tinahodhi
sb,Tinaindari
sb,Tinakle
sb,Tina
sb,Tinggoa
sb,Tinomeat
sb,Tinovika
sb,Tirognuli
sb,Tiroko'u
sb,Tirotong'na
sb,Tirovisi
sb,Tit'hiro
sb,Titiana
sb,Tiua
sb,Tiuni
sb,Tiviale
sb,Toa
sb,Toeleghu
sb,Tofie
sb,Toga
sb,Toghasalo
sb,Toghasa
sb,Toghasio
sb,Togha
sb,Toghorei
sb,Toghunaovo
sb,Togore
sb,Togunaovo
sb,Toitombe
sb,Tokopigopi
sb,Tolughu
sb,Tolugulu
sb,Toma
sb,Tombakambu
sb,Tombe
sb,Tomura
sb,Tongona
sb,Toohita
sb,Tookina
sb,Torapare'o
sb,Torapora
sb,Toriheo
sb,Toriowango
sb,Toroa
sb,Torohane
sb,Toronihanua
sb,Totolni
sb,Totome'etani
sb,Totongo
sb,Toumoa
sb,Tsamburu
sb,Tsapuru
sb,Tuaninamo
sb,Tuaria
sb,Tuarughu
sb,Tuarugu
sb,Tuavarava
sb,Tughagha
sb,Tuhungganggo
sb,Tuhurutolu
sb,Tuiai
sb,Tuitolu
sb,Tulachara
sb,Tulaghi
sb,Tulagi
sb,Tumanggulu
sb,Tumbila
sb,Tumbuka
sb,Tumuligahu
sb,Tumulighohu
sb,Tumuligohu
sb,Tumumbosa
sb,Tumumboso
sb,Tumurora
sb,Tumuugohu
sb,Tundu
sb,Tunnibuli
sb,Tunoe
sb,Tuotungo
sb,Tuo
sb,Tupaveke
sb,Turi
sb,Tusamine
sb,Tusumine
sb,Tutitoto
sb,Tutumu
sb,Tutuva
sb,Tuvaruhu
sb,Tuvukokichi
sb,Tuvu
sb,Uani
sb,Uara
sb,Ubuna
sb,Uclava
sb,Ugali
sb,Ugeli
sb,Uhu
sb,Uivate
sb,Ukuuku
sb,Ulakuma
sb,Uluambolo
sb,Ulungga
sb,Ulusughu
sb,Ulusugo
sb,Ulusugu
sb,Umara
sb,Uma
sb,Umuu
sb,Unawa
sb,Ungalesi
sb,Uni
sb,Univa
sb,Untava
sb,Unusoa
sb,Upuna
sb,Upu
sb,Uradau'e
sb,Uraghai
sb,Ura
sb,Uruilangi
sb,Ururu
sb,Uruuru
sb,Ususua
sb,Usu'usue
sb,Utuni
sb,U'ula
sb,U'unimenu
sb,Uura
sb,U'uri
sb,U'usu
sb,'Uvea
sb,Uzamba
sb,Vadhalutu
sb,Vadhavoka
sb,Vaenimala
sb,Vagara
sb,Vaghara
sb,Vahato
sb,Vaholia
sb,Vahoria
sb,Vaimaia
sb,Vaitambu
sb,Vakambo
sb,Valakaro
sb,Valangge
sb,Valasi
sb,Valearanisi
sb,Valeato
sb,Valechacha
sb,Valechomara
sb,Valekeo
sb,Valemano
sb,Valemanu
sb,Valemaunu
sb,Valembaimbai
sb,Valembakero
sb,Valembilombilo
sb,Valembolo
sb,Vale Muse
sb,Vale Na Koko
sb,Valengali
sb,Valengal
sb,Valepombo
sb,Valesala
sb,Valesighao
sb,Valesule
sb,Valevaghalo
sb,Valevale
sb,Valevuru
sb,Vambahunu
sb,Vana
sb,Vangapisu
sb,Vanga
sb,Vangavanga
sb,Vanggoso
sb,Vangoso
sb,Vanikolo
sb,Vanikoro
sb,Vanikuva
sb,Vanuavaolu
sb,Vaovao
sb,Varadaki
sb,Varangge
sb,Varanitu
sb,Vara
sb,Varhui
sb,Variana
sb,Vasavarangge
sb,Vatakulau
sb,Vatalochi
sb,Vatasevue
sb,Vatavi
sb,Vatibora
sb,Vatinarau
sb,Vatomanivo
sb,Vatualae
sb,Vatubora
sb,Vatughai
sb,Vatuhila
sb,Vatukapicha
sb,Vatukolaa
sb,Vatukulau
sb,Vatulava
sb,Vatuloki
sb,Vatulovo
sb,Vatumanivo
sb,Vatumbaghea
sb,Vatumbora
sb,Vatunakuvukuvu
sb,Vatunandi
sb,Vatuniura
sb,Vatupilei
sb,Vatupura
sb,Vatusii
sb,Vatutaranggau
sb,Vatuteko
sb,Vatuvonu
sb,Vatuvua
sb,Vau
sb,Vauvau
sb,Vavaea
sb,Vavanga
sb,Vavao
sb,Vavarenitu
sb,Vavundu
sb,Venga
sb,Verabue
sb,Verabuni
sb,Veraghalea
sb,Veragalea
sb,Veraghavai
sb,Veraghughula
sb,Verahanjahanja
sb,Verahavai
sb,Verahoai
sb,Verahue
sb,Verahui
sb,Verahulolo
sb,Verahuvia
sb,Verakaria
sb,Verakauraghinia
sb,Verakelia
sb,Verakuskau
sb,Veralala
sb,Veralava
sb,Veralee
sb,Veralenga
sb,Veralengga
sb,Veralevugha
sb,Veralevuha
sb,Veralilighi
sb,Veramakula
sb,Veramakuru
sb,Veramambe
sb,Veramambi
sb,Verambasia
sb,Veramboli
sb,Verambou
sb,Veramogho
sb,Veramogo
sb,Veranaue
sb,Veranggono
sb,Verani
sb,Verasara
sb,Verasua
sb,Veraulia
sb,Veravaolu
sb,Veravasu
sb,Veravaulo
sb,Veravaulu
sb,Veravolia
sb,Verigalia
sb,Veuru
sb,Veuvu
sb,Viavusa
sb,Vilu
sb,Vio
sb,Visakiki
sb,Visale
sb,Visanaoru
sb,Visovaso
sb,Viso
sb,Vivili
sb,Voghavule
sb,Voliemba
sb,Volinavua
sb,Volivoli
sb,Voloa
sb,Volonavua
sb,Vonu
sb,Vori
sb,Vorovota
sb,Votumasoghata
sb,Vow Vow
sb,Voza
sb,Vuavao
sb,Vudu
sb,Vughoe
sb,Vugholonga
sb,Vugoe
sb,Vugolonga
sb,Vugulonga
sb,Vuhu
sb,Vularu
sb,Vulavu
sb,Vulolo
sb,Vunanuli
sb,Vundutaru
sb,Vunjimbuli
sb,Vunuha
sb,Vunusa
sb,Vuragha
sb,Vuraimosu
sb,Vuranembonembo
sb,Vuranimala
sb,Vuratindao
sb,Vuravohai
sb,Vura
sb,Vura
sb,Vure
sb,Vuruvuru
sb,Vuturua
sb,Wahere
sb,Waiahaa
sb,Waibana
sb,Waihii
sb,Waihusa
sb,Wai'iripo
sb,Wailulu
sb,Waima'aka
sb,Waimahui
sb,Waimapuru
sb,Waimarae
sb,Waimarai
sb,Waimarau
sb,Waimbonombono
sb,Wainaworasi
sb,Wainoni
sb,Wai'ou
sb,Waipora
sb,Wairadina
sb,Wairaia
sb,Wairaraha
sb,Wairaramua
sb,Wairimane
sb,Wairokai
sb,Wairoka
sb,Wairura
sb,Waisiri
sb,Waisisi
sb,Waisusu
sb,Waitani
sb,Waitao
sb,Waitara
sb,Waitautaru
sb,Waitete
sb,Wakio
sb,Wakora
sb,Walade
sb,Waloabu
sb,Walo
sb,Wango
sb,Wanione
sb,Wanipuru
sb,Waowaorahi
sb,Waowao
sb,Waraata
sb,Warakirita
sb,Waraniuwo
sb,Wararaia
sb,Warekau
sb,Wariatipai
sb,Waro'ai
sb,Waro'au
sb,Waropara
sb,Wataro
sb,Wataro
sb,Wawarioke
sb,Werobungia
sb,White River
sb,Wugiroga
sb,Yandina
sb,Zambanarungga
sb,Zambanavarungga
sb,Zarepe
sb,Zaru
sb,Zavare
sb,Zavari
sb,Ziata
sb,Zieta Village
sb,Zieta
sb,Zongga
