tm,Aadzi
tm,Admi-Yab
tm,Adzhi
tm,Adzhikui
tm,Adzhi-Kuyu
tm,Adzhiyab
tm,Adzhyyab
tm,Agach-Arvat
tm,Aga-Many
tm,Agar
tm,Agdzha-Kala
tm,Agja Kala
tm,Ajyyap
tm,Ak
tm,Ak-Altyn
tm,Ak-Bay
tm,Akbogaz
tm,Ak-Bulak
tm,Akdash
tm,Ak-Dashayak
tm,Akdepe
tm,Akdepe
tm,Ak-Gaudan
tm,Akhchadepe
tm,Akhchaguyma
tm,Akhcha-Kuyma
tm,Akhcha-Tepe
tm,Akhtash-Ovliya
tm,Akkala
tm,Ak-Kaya
tm,Akkui
tm,Ak-Kum
tm,Akkumulam
tm,Akkumulyam
tm,Ak-Kungur
tm,Ak-Kuyu
tm,Ak-Mechet
tm,Ak-Rabat
tm,Akrabat
tm,Ak-Saray
tm,Ak-Say
tm,(( Aktash ))
tm,Aktepe
tm,Ak-Tepe
tm,Ak-Tepe
tm,Aktepe
tm,Ak-Tere
tm,Ak-Teri
tm,Ak-Tugay
tm,Ak-Tyube
tm,Ak'yayla
tm,Akyayla
tm,Aladzha
tm,Alaja
tm,Alam
tm,Alangyrtly
tm,Alibek
tm,Allan-Tepe
tm,Alla-Sakal
tm,Allatepe
tm,Almysh
tm,Alnysh
tm,Alpan
tm,Altykui
tm,Alyandor
tm,Aman
tm,Amandor
tm,Amannazar
tm,Amansha
tm,Amansha-Kapan
tm,Amasha Kapan
tm,Amasha-Kapin
tm,Ammanazar
tm,Amu-Dar'inskiy
tm,Amudar'ya
tm,Amu-Dar'ya
tm,Amyderýa
tm,Anansha
tm,Anar-Bulak
tm,Anau
tm,Andreyevsk
tm,Änew
tm,Angat
tm,Anna-Mamed
tm,Anna-Mamet
tm,Annamurat
tm,Annau
tm,Anvamurat
tm,Apchin Camp
tm,Arab-Kala
tm,Arab-Khana
tm,Araki
tm,Arap
tm,Arapchuk
tm,Arap-Kala
tm,Arap-Kala
tm,Arapkhana
tm,Archin
tm,Archin'yak
tm,Archin'yan
tm,Archman
tm,Arpaklen
tm,Arpaklon
tm,Artyk
tm,Arychagyl
tm,Arykagyl
tm,Arzuv
tm,Asgabat
tm,Ashgabadskaya Ptitsefabrika
tm,Ashgabat
tm,Ashkabad
tm,Ashkhabad
tm,Ashqabad
tm,Askabad
tm,Askhabad
tm,Astanababa
tm,Ata
tm,Ata
tm,Atamyrat
tm,Atatlyk
tm,Ata-Yab
tm,Auazy
tm,Auchi
tm,Aul-Alnysh
tm,Aul
tm,Aul Gassan-Kuli
tm,Aul Geok-Che
tm,Auliye
tm,Aul Kul'dzha
tm,Aul Nomer Pyat'desyat Vtoroy
tm,Aul Nomer Shestoy
tm,Aul Sary-Yazy
tm,Aul Urazaly
tm,Avaza
tm,Avazy
tm,Avchi
tm,Ayak
tm,Aydere
tm,Aydin
tm,Aymyr
tm,Azat
tm,Babadaýhan
tm,Babadaykhan
tm,Babadaykhan Pervyy
tm,Babadaykhan Vtoroy
tm,Baba-Deykhan
tm,Baba-Deykhan Pervyy
tm,Baba-Deykhan-Pervyy
tm,Baba-Deykhan Vtoroy
tm,Babadurmaz
tm,Baba-Ishak
tm,Babakhodzha
tm,Babarabkala
tm,Bagabat
tm,Bagadzha
tm,Bagadzha
tm,Bagarka
tm,Bagir
tm,Bagshimirish
tm,Bagt
tm,Bagyr
tm,Bäherden
tm,Bairam Ali
tm,Bairobab
tm,Bakauli
tm,Bakharden
tm,Bakhshi
tm,Bakhshimarish
tm,Bakhardok
tm,Bakhshi-Mirish
tm,Bakshi-Marish
tm,Bala-Ishem
tm,Balkanabat
tm,Balkui
tm,Balla-Ishem
tm,Bami
tm,Bamy
tm,Bangil'dy
tm,Banysh
tm,Baragiz
tm,Bardzan
tm,Barsli
tm,Basaga
tm,Bashbeden
tm,Bashir
tm,Bashvak
tm,Bassaga
tm,Batash
tm,Bassar-Kish
tm,Batyrkent
tm,Batyrkent Pervyy
tm,Bayat
tm,(( Bayat-Khadzhi ))
tm,Bayat-Khadzhi
tm,Bay
tm,Baygushli
tm,Bay-Kabyl'
tm,Bay-Kishlak
tm,Baylym
tm,Bayrach
tm,Bayram-Ali
tm,Bayramaly
tm,Bayramtogana
tm,Bayramtogan
tm,Bayrobab
tm,Bazar
tm,Bazar
tm,Bazar Charshambe
tm,Bazardepe
tm,Bazar Dzhuma
tm,Bazar-Sakar
tm,Bazar-Sakhe
tm,Bazar-Tepe
tm,Bazar-Tyube
tm,Beden
tm,Bederkent
tm,Begi-Sakar
tm,Bekauli
tm,Bekauli-Teki
tm,Bek-Dafh
tm,Bekdash
tm,Bekibent
tm,Bekuri
tm,Belek
tm,Belek-Turkmenskiy
tm,Bendesen
tm,Bendi-Nadir
tm,Berdelyk
tm,Bere
tm,Bereket
tm,Berenchi-Kara-Yab
tm,Beriket
tm,Berut
tm,Berzengi
tm,Besh-Aryk
tm,Besheuray
tm,Besheur
tm,Besheurchi
tm,Beuradzhi
tm,Beurma
tm,Beurme
tm,Bezmein
tm,Bik-Dafh
tm,Bik-Dash
tm,Bikebend
tm,Bikrava
tm,Bikrova
tm,Bikuri
tm,Birdik
tm,Birinchiboy
tm,Birinchi-Chandyr
tm,Birleshik
tm,Birleshik Pervyy
tm,Birlyashik
tm,Birlyashik Pervyy
tm,Bitik
tm,Bittik
tm,Bki
tm,Bogizogon
tm,Bokhurdok
tm,Bokurdak
tm,Boldumsaz
tm,Bol'shevik
tm,Bol'shevik
tm,Bol'shevik
tm,Bol'shevik
tm,Boroshly
tm,Bosaga
tm,Bosage
tm,Bossaga
tm,Bovart
tm,Boydag
tm,Boy Pervyy
tm,Boyrabab
tm,Boyrabad
tm,Boyun-Uzun
tm,Bozogoli
tm,Bsurma
tm,Budzhak
tm,Bugdayli
tm,Bugdayly
tm,Burdalik
tm,Burdalyk
tm,Burguchi
tm,Burk
tm,Burkut
tm,Buyrabab
tm,Buyun-Uzun
tm,Büzmeýin
tm,Byr-Koz
tm,Byurgyutli
tm,Çäçe
tm,Carsanny
tm,Çeleken
tm,Çemenibit
tm,Chaacha
tm,Chagaguzar
tm,Chagala
tm,Chagali
tm,Chagaln
tm,Chagaly
tm,Chagpata
tm,Chagyla
tm,Chagyl
tm,Chagyl
tm,Chakal
tm,Chakhpata
tm,Chakich
tm,Chakir
tm,Chakmaklychanga
tm,Chakych
tm,Chakyeh
tm,Chakyr
tm,Chalapkuyu
tm,Chalayuk
tm,Chaloyuk
tm,Chalsu
tm,Chaltut
tm,Chalysh
tm,Chamakchi
tm,Chamchakly
tm,Chanal
tm,Chandyr
tm,Chardzha
tm,Chardzhou
tm,Chardzhui
tm,Chardzhuy
tm,Chärjew
tm,Charjou
tm,Charjui
tm,Charpali
tm,Charshanga
tm,Charshangngy
tm,Charshangu
tm,Charshangy
tm,Chartma
tm,Charvadar
tm,Charvak
tm,Charvan-Kala
tm,Charyy
tm,Chash
tm,Chash-Kala
tm,Chashkan
tm,Chashkent
tm,Chash-Tepe
tm,Chat
tm,Chate-Atrek
tm,Chat-i-Atrek
tm,Chatli
tm,Chatly
tm,Chatrak
tm,Chatryak
tm,Chatryat
tm,Chaudur
tm,Chavdur
tm,Chayek
tm,Chechme
tm,Chegez
tm,Cheken
tm,Chekich
tm,Chekichler
tm,Chekir
tm,Chekishler
tm,Chekmen
tm,Chekun-Yurt
tm,Chekur-Yurt
tm,Chekyr
tm,Cheleken
tm,Cheltek
tm,Chemche
tm,Chemeli
tm,Chemen-i-Bid
tm,Chemenibit
tm,Chenen
tm,Chenich
tm,Chenick
tm,Chepek
tm,Cherenga
tm,Cherkez
tm,Cherkezli
tm,Cheshme
tm,Cheshme
tm,Cherkezly
tm,Cheshme Vtoroy
tm,Chetyrnadtsat' Let Oktyabrya
tm,Chikishlyar
tm,Chil'gez
tm,(( Choganly ))
tm,Chokh-Petta
tm,Chokmak
tm,Choudur
tm,Chovdur
tm,Chukhur-Kala
tm,Chukur-Kala
tm,Chukurkala
tm,Chuli
tm,Chungurli
tm,Chupli
tm,Churga
tm,Churpali
tm,Churuk
tm,Dada-Ogly
tm,Dadedogli
tm,Dagadzhik
tm,Dagarkishlak
tm,Dag-Sakhkary
tm,Dambe
tm,Damzak
tm,Danata
tm,Dänew
tm,Danishen
tm,Danisher
tm,Danisherkala
tm,Daniyeh
tm,Dardali
tm,Dargana
tm,Dargana-Kala
tm,Darganata
tm,Dargan-Ata
tm,Darganatinskiy
tm,Darvaza
tm,Dashhowuz
tm,Dashkhovuz
tm,Dashkuduk
tm,Dashlyk
tm,Dashrabat
tm,Daskopri
tm,Dasoguz
tm,Dauda
tm,Daulet
tm,Dautly
tm,Davdan
tm,Davlet
tm,Dayakhatyn
tm,Dayne
tm,Daz
tm,Dedogly
tm,Deinach
tm,Deinau
tm,Dekel'-Dash
tm,Denglikopry
tm,Derbend-Deycha
tm,Deregli
tm,Derekli
tm,Dervezekem
tm,Desht
tm,Deycha
tm,Deynau
tm,Didedogly
tm,Dmitriyevskiy
tm,Donguz-Tugay
tm,Dostluk
tm,Dou-Kala
tm,Doyran
tm,Dukdrushtum
tm,Dunguz Tugai
tm,Durdy
tm,Durdykhan
tm,Durun
tm,Dusak
tm,Duschak
tm,Dushak
tm,Dushame-Chakyr
tm,Duunchi
tm,Duyadrushtum
tm,Duzli-Olum
tm,Duzlu-Olum
tm,Duzlydepe
tm,Duzlyolum
tm,Duzul-Tepe
tm,Dvadtsatiletiye Turkmenskoy Sovetskoy Sotsialisticheskoy Respubliki
tm,Dvadtsat' Let Oktyabrya
tm,Dyuyeboyun
tm,Dzhafara
tm,Dzhafar
tm,Dzhanakhir
tm,Dzhanga
tm,Dzhang-Aryk
tm,Dzhapar
tm,Dzharguzar
tm,Dzhebel
tm,Dzhedzhirs
tm,Dzhengel'
tm,Dzhety-Kuduk
tm,Dzheykhun
tm,Dzhezkazgan
tm,Dzhi-Dzhirt
tm,Dzhigerbent
tm,Dzhigir-Bend
tm,Dzhigirbent
tm,Dzhikyrbent
tm,Dzhingilkhatab
tm,Dzhity-Kuduk
tm,Dzhoyruk
tm,Dzhoyryk
tm,Dzhuma-Bazar
tm,Dzhuma
tm,Dzhuppy
tm,Dzhuvaldy
tm,Edrug
tm,Egri
tm,Egri Guzar
tm,Egri-Guzar
tm,Egriyagyr
tm,Ekerem
tm,El'dzhik
tm,El'dzhin
tm,El'jik
tm,El'mek
tm,Ene-Kuliyevo
tm,Energetik
tm,Enev
tm,Epo
tm,Erdel'
tm,Erikkala
tm,Errik-Kala
tm,Esenguly
tm,Esenmengli
tm,Eshek-Sien
tm,Eski
tm,Eski-Narazym
tm,Etbash
tm,Etbashi
tm,Farab
tm,Farab-Pristan'
tm,Farap
tm,Firyuza
tm,Firyuzinskoye Ushchel'ye
tm,Gabakly
tm,Gaburdy
tm,Gadyn
tm,Gagrandag
tm,Galkynys
tm,Gamyshlydzha
tm,Gamyshlyja
tm,Garabogazköl
tm,Garadegish
tm,Garadepe
tm,Garajabatyr
tm,Garamätnyýaz
tm,Garlyk
tm,Garrychyrla
tm,Garrygala
tm,Gasan-Kuli
tm,Gassan-Kuli
tm,Gaudan
tm,Gaurdak
tm,Gaurdakstroy
tm,Gaurdstroi
tm,Gaurdstroy
tm,Gayrayuz
tm,Gaz-Achak
tm,Gazanjyk
tm,Gazojak
tm,Geami
tm,Gekcha
tm,Gëksay
tm,Geokcha
tm,Geok-Tepe
tm,Geok-Tepe Nomer Pervyy
tm,Geok-Tepe Nomer Tretiy
tm,Geok-Tepe-Pervyy
tm,Geok-Tepe-Tretiy
tm,Gepchak
tm,Germab
tm,Germao
tm,Germob
tm,Gevers
tm,Geyn-Keriz
tm,Gil'-Abad
tm,Gindukush
tm,Gokcha
tm,Gokcha
tm,Gökdepe
tm,Gökje
tm,Goklenkuyu
tm,Golovnoye
tm,Golovnoye Staroye
tm,Gordikovskiy
tm,Gorel'de
tm,Gorel'de
tm,Goturdepe
tm,Goudan
tm,Gowdan
tm,Gowurdak
tm,Grodekovskiy
tm,Gubadag
tm,Gudriolum
tm,Güdürolum
tm,Gugerdzhengli
tm,Gugurdzhli
tm,Gulanly
tm,Gulastan
tm,Gul'stan
tm,Gumdag
tm,Gunesh
tm,Guri-Olum
tm,Gursunmagdan Karhanasy
tm,Gurum-Say
tm,Gurumsay
tm,Gusgy
tm,Gushgy
tm,Gyami
tm,Gyar
tm,Gyaur
tm,Gyaurs
tm,Gyurmush-Tepe
tm,Gyzylarbat
tm,Gyzyletrek
tm,Gyzylgaya
tm,Halaç
tm,Hanhowuz
tm,Hasan Kuli
tm,Hasan Quili
tm,Hawdan
tm,Herrikgala
tm,Hojambaz
tm,Il'chik
tm,Il'dzhik
tm,Ilen
tm,Ilidzha
tm,Iljik
tm,Il'mak
tm,Ilyach
tm,Il'yaly
tm,Ilyanli
tm,Ilyari
tm,Imambaba
tm,Gyzyl-Suv
tm,Imamnazar
tm,Gyzylsuw
tm,Iman Baba
tm,Hasan-Kuli
tm,Imeni Andreyeva A. A.
tm,Imeni Andreyeva
tm,Imeni Andreyeva
tm,Imeni-Bakinshikh Komissarov
tm,Imeni Andreyeva
tm,Imeni Budënnogo
tm,Imeni Budënnogo
tm,Imeni Chapayeva
tm,Imeni Chapayeva
tm,Imeni Chkalova
tm,Imeni Chkalova
tm,Imeni Chubina
tm,Imeni Dimitrova
tm,Imeni Dimitrova
tm,Imeni Dvadtsati Shesti Bakinskikh Komissarov
tm,Imeni Dzerzhinskogo
tm,Imeni Engel'sa
tm,Imeni Gorel'de
tm,Imeni Gor'kogo
tm,Imeni Gor'kogo
tm,Imeni Il'icha
tm,Imeni Kaganovicha
tm,Imeni Kalinina
tm,Imeni Kalinina
tm,Imeni Kalinina
tm,Imeni Kalinina
tm,Imeni Kalinina
tm,Imeni Karla Marksa
tm,Imeni Karla Marksa
tm,Imeni Kirova
tm,Imeni Kirova
tm,Imeni Kirova
tm,Imeni Kirova
tm,Imeni Kirova
tm,Imeni Komsomola
tm,Imeni Kuybysheva
tm,Imeni Kuybysheva
tm,Imeni Kuybysheva
tm,Imeni Lenina
tm,Imeni Lenina
tm,Imeni Lenina
tm,Imeni Lenina
tm,Imeni Lenina
tm,Imeni Malenkova
tm,Imeni Malenkova
tm,Imeni Mikoyana
tm,Imeni Molotova
tm,Imeni Molotova
tm,Imeni Molotova
tm,Imeni Molotova
tm,Imeni Molotova
tm,Imeni Ordzhonikidze
tm,Imeni Ovezberdy Kuliyeva
tm,Imeni Politotdela
tm,Imeni Poltoratskogo
tm,Imeni Revolyutsii
tm,Imeni Shvernika
tm,Imeni Stakhanova
tm,Imeni Stakhanova
tm,Imeni Stalina
tm,Imeni Stalina
tm,Imeni Stalina
tm,Imeni Stalina
tm,Imeni Stalina
tm,Imeni Tel'mana
tm,Imeni Tel'mana
tm,Imeni Voroshilova
tm,Imeni Voroshilova
tm,Imeni Voroshilova
tm,Imeni Voroshilova
tm,Imeni Voroshilova
tm,Imeni Vos'mogo Marta
tm,Imeni Vyshinskogo
tm,Imeni Zhdanova
tm,Imeni Zhdanova
tm,Imeni Zhdanova
tm,Ina-Bek
tm,Inderlen
tm,Inklab
tm,Inklab
tm,Inkylap
tm,Inkylap
tm,Internatsional
tm,Internatsional
tm,Internatsional
tm,Intush
tm,Iolotan'
tm,Irkli
tm,Isamli
tm,Isem Menli
tm,Isen-Menli
tm,Ish-Bay
tm,Ishik-Bay
tm,Ishikhbay
tm,Iski-Farab
tm,Iskra
tm,Iskra
tm,Islam
tm,Islim-Cheshme
tm,Ispas
tm,Ispaz
tm,Ispos
tm,Isrikkala
tm,Ist Pas
tm,Itbash
tm,Iyanli
tm,Iyerbent
tm,Iyuz
tm,Izgant
tm,Janakhor
tm,Jangnga
tm,Jebel
tm,Jeýhun
tm,Kaakhka
tm,Kabakli
tm,Kabakly
tm,Kabakly-Kurgan
tm,Kabakly-Tugay
tm,Kabasakal
tm,Kabil'
tm,Kabyl
tm,Kabyl'
tm,Kaganovichesk
tm,Kaka
tm,Kala-I-Mor
tm,Kala
tm,Kala
tm,Kalankui
tm,Kalan Kuyu
tm,Kalaýmor
tm,Kalinikskiy
tm,Kalinina
tm,Kalinin
tm,Kalininskiy
tm,Kalininsk
tm,Kalyam
tm,Kamyshaldzhar
tm,Kamyshdzhik
tm,Kamyshlydzha
tm,Kanav
tm,Kandak
tm,Kandykli
tm,Kanshar
tm,Kapakly
tm,Kaplanli
tm,Karaadzhi
tm,Kara-Agach
tm,Kara-Agach
tm,Kara-Agach
tm,Kara-Akhmet
tm,Karaaygyr
tm,Karaba-Akhun
tm,Karabagadzha
tm,Karabagadzhe
tm,Karabakshi
tm,Kara-Bashlyk
tm,Karabekaul
tm,Karabizan
tm,Kara-Bogaz-Gol
tm,Kara-Bogaz
tm,Karabogaz
tm,Kara-Boyen
tm,Kara-Bugas-Gol
tm,Kara-Bugaz
tm,Karabulak
tm,Kara-Chapan
tm,Kara-Chep
tm,Kara-Chirla
tm,Karadamak
tm,Karadashli
tm,Karadegish
tm,Karadepe
tm,Karadetish
tm,Karadzha-Batyr
tm,Karadzha
tm,Karadzha
tm,Karadzhary
tm,Kara-Dzhik
tm,Kara-Dzhin
tm,Karagan
tm,Karagel
tm,Karagël'
tm,Karagëz
tm,Kara-Govok
tm,Kara-Kala
tm,Karakël
tm,Kara-Ker
tm,Karakhandere
tm,Karakhan
tm,Karakhauz
tm,Karakhodzha
tm,Karakhodzha
tm,Karakongur
tm,Kara-Kuli
tm,Karakul'
tm,Kara-Kungur
tm,Kara-Kuri
tm,Karamakhmud
tm,Karaman
tm,Karaman Pervyy
tm,Karaman Vtoroy
tm,Karamet-Niyaz
tm,Karamysh
tm,Karanki
tm,Kara-Nungur
tm,Kara-Nuri
tm,Karaparsan
tm,Kararyk
tm,Karasengir
tm,Kara-Singer
tm,Kara-Sukut
tm,Karatamak
tm,Karategyan
tm,Kara-Tepe
tm,Karatomak
tm,Kara-Tut
tm,Karaulak
tm,Karaul
tm,Karaul
tm,Karaul-Khana
tm,Karaul-Kuyu
tm,Kara-Vakil' Pervyy
tm,Kara-Vakil' Vtoroy
tm,Karavikil' Pervyy
tm,Karavikil' Vtory
tm,Kara-Yab Pervyy
tm,Kara-Yab Tretiy
tm,Kara-Yab Vtoroy
tm,Karkinadzhi
tm,Karkin
tm,Karlyuk
tm,Karlyukski
tm,Karnas
tm,Karnas
tm,Karry Bent
tm,Karry-Cherlya
tm,Karrychirla
tm,Karshi
tm,Kary-Bent
tm,Kary-Chirla
tm,Kary-Khodzha-Ata
tm,Kary-Khodzha
tm,Kasandshik
tm,Kashgarskiy
tm,Kashtarskiy
tm,Kata-kara-Tut
tm,Katta-Sopiyab
tm,Kaushek-Kyzyltakyr
tm,Kaushut-Bent
tm,Kausy
tm,Kaushut
tm,Kavakhly
tm,Kavakhly-Kurgan
tm,Kavakly-Kurgan
tm,Kayli
tm,Kayrayuz
tm,Kazandzhi
tm,Kazandzhik
tm,Kazanjik
tm,Kazarma
tm,Kazgankala
tm,Kazy
tm,Kazylyar
tm,Keikchi
tm,Keladzhar
tm,Kel'-Bash
tm,Kel'dy
tm,Keleli Vtoroy
tm,Keleft
tm,Keleyazhar
tm,Kelif
tm,Kel'teshor
tm,Kelyadzhi
tm,Kelyata
tm,Kelyazyar
tm,Kendekli
tm,Kendikli
tm,Kendykly
tm,Kënekesir
tm,Kënekesyr
tm,Kepekli
tm,Kepyata
tm,Kergochemen
tm,Kerki-Aryk
tm,Kerkichi
tm,Kerkiçi
tm,Kerki
tm,Kërsagyr
tm,Kert-Yakha
tm,Keseklik
tm,Keshi
tm,Keske
tm,Kessyr
tm,Keyikkodana
tm,Key-Kodona
tm,Key-Kodozh
tm,Khadzhikaraul
tm,Khadzhi-Su
tm,Khadzhykulluk
tm,Khalach
tm,Khalil'-Bukry
tm,Khalyal'chilim
tm,Khamay
tm,Khandak
tm,Khandakli
tm,Khankui
tm,Khan-Kyariz
tm,Khan-Yab
tm,Khar-Bala
tm,Khargali
tm,Khasar-Kala
tm,Khas
tm,Khassyn
tm,Khasyn
tm,Khatab
tm,Khatap
tm,Khauz-Khana-Shor
tm,Khauz-Khan
tm,Khaz
tm,Kheleulen
tm,Khellen
tm,Kherrikkala
tm,Khilak
tm,Khiva-Abad
tm,Khivabad
tm,Khiveabad
tm,Khodzha-Ali
tm,Khodzha-Bulak
tm,Khodzha-Bulan
tm,Khodzhadere
tm,Khodzha-Gumbez
tm,Khodzhaguyma
tm,Khodzhai-Fil'ata
tm,Khodzha-Irat
tm,Khodzha-Kakepsi
tm,Khodzhakala
tm,Khodzhakala
tm,Khodzhakala
tm,Khodzha-Kalay Pervyy
tm,Khodzhakanapsi
tm,Khodzha-Karaul
tm,Khodzhakaraul
tm,Khodzha-Kekepsi
tm,Khodzha-Kenepsi
tm,Khodzhakishlak
tm,Khodzhakumbet
tm,Khodzhakumbet Vtoroy
tm,Khodzha-Kumbez
tm,Khodzha-Kuyma
tm,Khodzha-Kyanyansi
tm,Khodzhali
tm,Khodzhambass
tm,Khodzhambas
tm,Khodzhameshed
tm,Khodzha-Mrasan
tm,Khodzha-Nazar
tm,Khodzhaolen
tm,Khodzhapil'
tm,Khodzhara
tm,Khodzhasu
tm,Khodzhavlan
tm,Khodzhay-Fil'-Ata
tm,Khodzhi-Kuyma
tm,Khodzholok-Aragly
tm,Khodzholok
tm,Khoja-Kala
tm,Khoja-Kala
tm,Khorodzhokh-Kala
tm,Khoudandzhik
tm,Khozarek
tm,Khudaidag
tm,Khudayberdy
tm,Khudayberdy
tm,Khuday-Dag
tm,Khudzhum
tm,Khukala
tm,Khu-Kalya
tm,Khurman-Kala
tm,Khurmat-Kala
tm,Khuzeye-Beden
tm,Kianly
tm,Kichaga
tm,Kichaga Vtoraya
tm,Kichaga Pervaya
tm,Kichi-Aga Pervaya
tm,Kichiaga Pervyy
tm,Kichi-Aga Vtoraya
tm,Kichiaga Vtoroy
tm,Kichiga Pervaya
tm,Kichiga Vtoraya
tm,Kiikchi
tm,Kindykli
tm,Kipchakh
tm,Kipchak
tm,Kirovsk
tm,Kirpichli
tm,Kirpichli
tm,Kirpili
tm,Kishtivan
tm,Kiyanly
tm,Kizel-Atrek
tm,Kizil-Arvat
tm,Kizil-Atrek
tm,Kizil-Ayak
tm,Kizil
tm,Kizil Kup
tm,Kizil-Su
tm,Kizyl-Arvat
tm,Kizyl-Atrek
tm,Kizyl-Ayak
tm,Kizyl-Cherek
tm,Kizyldzha
tm,Kizyl-Iman
tm,Kizyl-Ishchi
tm,Kizyl-Kaya
tm,Kizyl-Kemer
tm,Kizyl
tm,Kizyl-Kup
tm,Kizyl-Murad
tm,Kizyl-Oktyabr'
tm,Kizyl-Su
tm,Kizyl-Turkmenistan
tm,Kochevka Keinli
tm,Kochevka Keinly
tm,Kochevka Toutly
tm,Kochev'ye Ata
tm,Kochev'ye Baba-Daykhan
tm,Kochev'ye Charykh
tm,Kochev'ye Kozylyar
tm,Kochev'ye Kayli
tm,Kochev'ye Ovaz Dzhalatay
tm,Kochev'yë Uchinchi-Kara-Yab
tm,Kochev'ye Yazygandzhik
tm,Koch
tm,Koch-Kor
tm,Kodsh
tm,Kodzha
tm,Kodzh
tm,Koinya-Kasyr
tm,Kokmiyar
tm,Kok-Say
tm,Kolkhozabag
tm,Kolkhoz Imeni Lenina
tm,Kolodets Attadzhan
tm,Kolyata
tm,Kommuna
tm,Kommuna
tm,Kommunist
tm,Kommunist
tm,Kommunizm
tm,Kommunizm
tm,Kommunizm
tm,Kommunizm
tm,Komsomol
tm,Komsomol
tm,Komsomol
tm,Komsomol'sk
tm,Kone-Berme
tm,Kone-Borme
tm,Köneürgench
tm,Kopak-Chalak
tm,Kopekli
tm,Kora-Govok
tm,Kordzhou
tm,Kosha-Audan
tm,Koshadzha
tm,Koshagyr
tm,Koshakak
tm,Koshakaudan
tm,Koshakda
tm,Koshanda
tm,Koshkin
tm,Koshoba
tm,Koshtemir
tm,Kosh-Tepe
tm,Kotor Tepp
tm,Koturdepe
tm,Kotur-Tepe
tm,Koushok-Kyzyl-Takyr
tm,Koyno-Kumbez
tm,Koynya-Kasyr
tm,Koytendag
tm,Kozelkovskiy
tm,Kozhandy
tm,Kozhe
tm,Kozgan-Kala
tm,Krach
tm,Krachli
tm,Kranch
tm,Krasnovodsk
tm,Krasnowodsk
tm,Krasnoye Znamya
tm,Krasnoye Zunamya
tm,Krasnyy Oktyabr'
tm,Krasnyy Turkmenistan
tm,Krassnowodsk
tm,Krepost' Agronak
tm,Krestovskiy
tm,Kruchay
tm,Kuchchi
tm,Kuchuk
tm,Kugi-Tang
tm,Kugitang-Tau
tm,(( Kui-Dzhuk ))
tm,Kuize-Shour
tm,Kukhitang
tm,Kuki-tang
tm,Kulanbay
tm,Kulandzhi
tm,Kularyk
tm,Kulayanchi
tm,Kul'dzha
tm,Kuli-Mayak
tm,Kultak
tm,Kul'tura
tm,Kul'tura
tm,Kumbet-Ayla
tm,Kumbetli-Koshoba
tm,Kumbet-Yaylya
tm,Kum-Dag
tm,Kumpete
tm,Kundzhak
tm,Kungur
tm,Kungur Vtoroy
tm,Kunya-Urgench
tm,Kunya-Urgen
tm,Kunya-Yarmysh
tm,Kupakli
tm,Kuraish
tm,Kurashi
tm,Kurbanek
tm,Kurbanseyid
tm,Kurdzhukli
tm,Kurdzhukly
tm,Kurgundzh
tm,Kurgunuk
tm,Kurkulab
tm,Kurlugun
tm,Kurort Molla-Kara
tm,Kursagir
tm,Kurtile
tm,Kurt
tm,Kurtli
tm,Kurtusu
tm,Kuruksay
tm,Kuruzhdey
tm,Kushbegi
tm,Kushchi
tm,Kushi
tm,Kushka
tm,Kushkinskiy Post
tm,Kushk Post
tm,Kuuli-Mayak
tm,Kuvak
tm,Kuybysheva
tm,(( Kuylyar ))
tm,Kuylyar
tm,Kuyzeshour
tm,Kyal'-Ata
tm,Kyal'tayab
tm,Kyamtar
tm,Kyamtor
tm,Kyasauli-Kala
tm,Kyrarak
tm,Kyrkkui
tm,Kyrk-Kuyu
tm,Kyrk-Uyle
tm,Kyrkuyli
tm,Kyshtuvan
tm,Kyurenkala
tm,Kyzak
tm,Kyzan
tm,Kyzyl-Arvat
tm,Kyzyl-Atrek
tm,Kyzyl Ayak
tm,(( Kyzylay ))
tm,Kyzylbaydak
tm,Kyzylbaydak
tm,Kyzylbayda
tm,Kyzylcharva
tm,Kyzyl-Cheshme
tm,Kyzyl-Daykhan
tm,Kyzyldaykhan
tm,Kyzylgar
tm,Kyzyl-Guch
tm,Kyzylgyuych
tm,Kyzylimam
tm,Kyzyl-Ishchi
tm,Kyzylkasyl
tm,Kyzyl-Khodzha-Nazar
tm,Kyzylkoshun
tm,Kyzyl-Koshun
tm,Kyzylkumbet
tm,Kyzylkup
tm,Kyzylkyr
tm,Kyzyl
tm,Kyzyl
tm,Kyzyl-Oktyabr'
tm,Kyzylpildyz
tm,Kyzyl-Sakal
tm,Kyzylshark
tm,Kyzylsu
tm,Kyzyltayak
tm,Kyzylyyldyz
tm,Lambe
tm,Lavak
tm,Lebap
tm,Leningrad
tm,Leningrad
tm,Leninizm
tm,Leninizm
tm,Leninsk
tm,Leninsk-Turkmenski
tm,Leninsk-Turmenski
tm,Lesopitomnik
tm,Llidzha
tm,Lyambe
tm,Madau
tm,Madav
tm,Madaw
tm,Magarif
tm,Magaryf
tm,Makhmaldepe
tm,Makhmal
tm,Makhmal-Tepe
tm,Makhmud-Adzhi
tm,Makhtum-Kala
tm,Makhtym-Kala
tm,Makhtym
tm,Malay-Adzhi
tm,Mallarchilyk
tm,Mamash
tm,Mamatai
tm,Mamatay
tm,Mamed'yar
tm,Mamur
tm,Mäne
tm,Mantik Ui
tm,Mantyk
tm,Manysh
tm,Maraniyat
tm,Marat
tm,Martazi
tm,Mary
tm,Mayak-Olum
tm,Meagadzhik
tm,Meana
tm,Medzheur
tm,Megadzhik
tm,Megejik
tm,Megeli
tm,Megin
tm,Mekan
tm,Mekhenli
tm,Mekhinli
tm,Mekrub
tm,Meruchak
tm,Merv
tm,Mesadzhik
tm,Meshkhed
tm,Mezin-Kala
tm,Miana
tm,Mikhaylovskiy
tm,Miradzhi
tm,Mirnyy
tm,Mirzabek
tm,Mirzachirla
tm,Modar
tm,Mollagara
tm,Mollakara
tm,Molotova
tm,Monchakly
tm,Monzhukli
tm,Monzhukly
tm,Moor
tm,Morgunovskiy
tm,Moskovsk
tm,Moskva
tm,Moskva
tm,Moyak
tm,Moyak-Olum
tm,Mugal-Bala
tm,Mukri
tm,Mukry
tm,Muminchandyr
tm,Mumyn-Chandyr
tm,Murcha
tm,Murchi
tm,Murgab
tm,Murgap
tm,Mys It-Balyk
tm,Myulk-Yazy
tm,Naara
tm,Narazym
tm,Narou
tm,NauraozÌbad
tm,Nauruz-Abad
tm,Nayuar
tm,Neaz-Depe
tm,Nebitdag
tm,Neftedag
tm,Neftezavodsk
tm,Neftonovskiy
tm,Nestonovskiy
tm,Nevtonovskiy
tm,Nevtonskiy
tm,Newtonow
tm,Nichka
tm,Nikol'skiy
tm,Niyazdepe
tm,Nogarli
tm,Nokhur
tm,Nova-Kala
tm,Nova
tm,Nov Charjui
tm,Novo Chardzhou
tm,Novo-Chardzhuy
tm,Now Ruzabad
tm,Nugri
tm,Nugunek
tm,Nukhur
tm,Nuradzhi
tm,Nurali
tm,Nurata
tm,Nurpali
tm,Nyrnuar
tm,Nyyazow
tm,Oba
tm,Oboy
tm,Ochar-Ata
tm,Ödey
tm,Odzharly
tm,Ogam
tm,Oganly
tm,Ogar
tm,Oglamish
tm,Oglamysh
tm,Oglangli
tm,Oglanly
tm,Ogomana
tm,Ogurchinskiy
tm,Ogurdzhaly
tm,Ogurjaly
tm,Oguz
tm,Okarem
tm,Oktyabr'
tm,Oktyabr'sk
tm,Oktyabr'sk
tm,Omarata
tm,Omar-Khodzha
tm,Omar
tm,Omchali
tm,Omchaly
tm,Omchely
tm,On-Begi
tm,Onbirikzhi
tm,Opytnoye Pole
tm,Orazkël'
tm,Ordy-Khodzha
tm,Orfa
tm,Or-Kolashik
tm,Orta-Yaylya
tm,Orunchaga
tm,Ovaz-Dzhalatay
tm,Öwezberdi Kulyyew Adyndaky
tm,Pakmaksuidzhi
tm,Pakmak-Suydzhi
tm,Pakmak-Suydzhy
tm,Pal'bart
tm,Pal'vart
tm,Parau
tm,Parmasha
tm,Parou
tm,Pashtion
tm,Permet
tm,Pervogo Maya
tm,Pervomayskiy
tm,Pervyy Khodzhakuyu
tm,Peski
tm,Pewrize
tm,Pidina
tm,Pioner
tm,Pioner
tm,Pioner
tm,Pobeda
tm,Pogranichnik
tm,Pogranichnyy
tm,Polekhatum
tm,Pole-Khatun
tm,Polisultan
tm,Poltavskiy
tm,Poltavskoye
tm,Poltoratsk
tm,Porsu
tm,Porsy
tm,Posëlok Poltavskiy
tm,Posëlok Severnykh Promyslov Ozera Nomera Shestogo
tm,Posëlok Severnykh Promyslov
tm,Pravda
tm,Pristan' Lavak
tm,Prokhladnoye
tm,Prokhladny
tm,Prokhladnyy
tm,Proletariy
tm,Promsel Chagala
tm,Pudina
tm,Pulikhatum
tm,Pulkhatyn
tm,Purnuar
tm,Put' Lenina
tm,Pyatiletka
tm,Pyrnilar
tm,Pyrnuar
tm,Qarki
tm,Qura Gel
tm,Rabat-Kashan
tm,Rabochiy
tm,Ravnina
tm,Repetek
tm,Romanovskiy
tm,Romazak
tm,Saarly
tm,Saaslar
tm,Sabbuny
tm,Sadyvar
tm,Sagar-Chaga
tm,Sakar-Adzhi
tm,Sakarchaga
tm,Sakar-Chaga
tm,Sakarchäge
tm,Säkar
tm,Sakizatlyk
tm,Salmiin
tm,Samsonovo
tm,Samsyk
tm,Sandykachi
tm,Sandykgachy
tm,Sandykgaçy
tm,Sansy
tm,Sansyya
tm,Sansyz
tm,Sapardar
tm,Saragt
tm,Sarahs
tm,Sarakhs
tm,Sardoba Batali
tm,Sardoba Batash
tm,Sardoba
tm,Sardoba Yulangiz
tm,Sar-Gurum
tm,Sarli
tm,Sartas
tm,Sartele
tm,Sartepe
tm,Sary-Bash
tm,Sarydag-Tugay
tm,Sarydepe
tm,Sarygurum
tm,Sarykbala
tm,Sarykel'
tm,Saryýazy
tm,Sayat
tm,Saýat
tm,Saybatur
tm,Sayvan
tm,Sayvatur
tm,Sazandy
tm,Segli-Kar
tm,Segli-Khar-Kurama
tm,Sein-Ali
tm,Sekizatlyk
tm,Serakhskiy Rayon
tm,Serakhs
tm,Serni Zavod
tm,Sernyy Zavod
tm,Serny Zavod
tm,Settlement Number Fifty-two
tm,Severnykh Promyslov Ozera Nomera Shestogo
tm,Sevrny
tm,Seydi
tm,Shaalyk
tm,Shagal
tm,Shagatly
tm,Shakhman
tm,Shakhmurad
tm,Shakh-Murat
tm,Shakhsin-Togolok
tm,Shal'd
tm,Shambebazar
tm,Shamli
tm,Shamrat-Dzhingul'
tm,Shamurad-Dzhinkul'
tm,Sharlauk
tm,Sharlavuk
tm,Sharlawuk
tm,Sharlouk
tm,Shatlyk
tm,Shaundi
tm,Shekh-Bala
tm,Shemli
tm,Shestoye Ozero
tm,Sheykharyk
tm,Sheykh
tm,Shikh
tm,Shikh
tm,Shikh'yab
tm,Shikhzyab
tm,Shik-Kala
tm,Shirlama
tm,Shinkh-Aryk
tm,Shirtepe
tm,Shirvan-Kala
tm,Shor-Aryk
tm,Shor-Cheshme
tm,Shori-Payan
tm,Shor-Kala
tm,Shor-Khaudan
tm,Shorlouk
tm,Shor
tm,Shor-Tepe
tm,Shura
tm,Shurvogaz
tm,Siyadak-Sakar
tm,Siyadyk-Sakar
tm,Siyady
tm,Siyardyk Sakar
tm,Solvukli
tm,Solyukli
tm,Sotsialism
tm,Sotsializm
tm,Sotsializm
tm,Sotsializm
tm,Sotsializm
tm,Sotsializm-Yul
tm,Sovetâyap
tm,Sovet-Yab
tm,Sowetyap
tm,Söýunali
tm,Stalina
tm,Stalino
tm,Staraya Kara-Khan-Kala
tm,Staryy Chardzhuy
tm,Staryy Kava-Khan-Kala
tm,Suili
tm,Sukhty Pervyy
tm,Sukhty
tm,Sukhty Vtoroy
tm,Suli-Gokcha
tm,Sultanbent
tm,Suncha
tm,Sunche
tm,Sunchi
tm,Surkhi
tm,Surkhy
tm,Surkhy Vtoroy
tm,Suydzhermen
tm,Svintsovyy Rudnik
tm,Sychmyz
tm,Syr-Su
tm,Tagtabazar
tm,Tagta
tm,Taimys
tm,Takhta-Bazar
tm,Takhtapara
tm,Takhta
tm,Takyr
tm,Talimardzhan
tm,Talkhatan-Baba
tm,Tamli
tm,Tamly
tm,Tamykli
tm,Tamykly
tm,Tang-Kotan
tm,Taraba
tm,Tarava
tm,Tarkhan
tm,Tarnov
tm,Tarta
tm,Tasharvat
tm,Tashauz
tm,Tashkepristroy
tm,Tashkepri
tm,Tash-Kiroi
tm,Tash-Kishlak
tm,Tashkuduk
tm,Tashlyk
tm,Tashrabad
tm,Tashrabat
tm,Tau-Makind
tm,Taumakindzhi
tm,Taur
tm,Taymyz
tm,Tazabad
tm,Tazabat
tm,Taza-Bazar
tm,Taza-Chetyr
tm,Täzeýel
tm,Täze Yol
tm,Tedjen
tm,Tedzhenstroy
tm,Tedzhen
tm,Tejend
tm,Tejen
tm,Tekendzhik
tm,Teki-Moor
tm,Tel'mansk
tm,Temir-Kabik
tm,Temir-Kabuk
tm,Temirkauk
tm,Temir-Khodzha
tm,Teodzhyan
tm,Tereskan
tm,Tersakan
tm,Tersakkan
tm,Ters-Okan
tm,Tertarach
tm,Tezeabad
tm,Tezebazar
tm,Tezebezar
tm,Teze-Chetyr
tm,Tezedurmush
tm,Tezedurmysh
tm,Teze-Oba
tm,Tezeoba
tm,Teze-Yardzhi
tm,Teze-Yël
tm,Tezeyël Vtoroy
tm,Tezeyol
tm,Tezhëva
tm,Togalak
tm,Togolak
tm,Topdzhul'ba
tm,Tordzhul'ba
tm,Toutli
tm,Toutly
tm,Tscharschanga
tm,Tsementnyy Gorodok
tm,Tuar
tm,Tukli
tm,Tumanovskiy
tm,Tura-Kishlak
tm,Turkmenabad
tm,Türkmenabat
tm,TurkmenbasÄ±
tm,Turkmenbashi
tm,Türkmenbashy
tm,Turkmenbasy
tm,Turkmenistan
tm,Turkmen-Kala
tm,Turkmenkarakul'
tm,Tutly-Kala
tm,Tuya Mayun
tm,Tuya-Muyun
tm,Tykya Myan
tm,Tyl'-Ter
tm,Tyuyachi
tm,Ubetsk
tm,Üçajy
tm,Uch-Adzhi
tm,Uchadzhy
tm,Uch Aji
tm,Uch'-Bashi
tm,Uch-Bash
tm,Uchgëz
tm,Uch Haji
tm,Uchruk
tm,Uch-Tepa
tm,Uch-Tepe
tm,Udarnik
tm,Udarnik
tm,Udey
tm,Udzhi
tm,Ufra
tm,Ugur
tm,Ulamsurkhi
tm,Ulam
tm,Ulyam Surkhi
tm,Ulyam
tm,Ulyash
tm,Umar
tm,Umuk
tm,Urazali
tm,Urazaly
tm,Ushak
tm,Ustyk
tm,Usty
tm,Usun-Su
tm,Utsch-Adshi
tm,Uyger-Chage
tm,Uzun-Su
tm,Uzun-Tokoy
tm,Uzyntokay
tm,Vannovskiy
tm,Vanovskiy
tm,Vayuar
tm,Vekil'-Bazar
tm,Voroshilova
tm,Vos'mogo Marta
tm,Vos'moye Marta
tm,Vtoraya Pyatiletka
tm,Vyshka
tm,Vyshzha
tm,Yablonovskiy
tm,Yagankazakh
tm,Yaglyolum
tm,Yagman
tm,Yagty-Yel
tm,Yagyr
tm,Yakeper
tm,Yak-Kala
tm,Yalkim
tm,Yalovach Pervyy
tm,Yalovach Vtoroy
tm,Yalovach
tm,Yanbash
tm,Yan-Chashme
tm,Yangadzha
tm,Yangi-Aryk
tm,Yangiaryk
tm,Yangi-Khodzhalyk
tm,Yangi-Kishlak
tm,Yangi-Kuyu
tm,Yangi-Su
tm,Yangysu
tm,Yankala
tm,Yapach
tm,Yaradzha
tm,Yaradzhi
tm,Yarodzha-Kala
tm,Yarodzhi
tm,Yaroshevskiy
tm,Yarty-Kala
tm,Yarymtyk
tm,Yasa-Gul
tm,Yashguch
tm,Yashkar
tm,Yashlar
tm,Yashlyk
tm,Yash-Pioner
tm,Yaskhan
tm,Yaskha
tm,Yasman-Salyk
tm,Yasman
tm,Yasydepe
tm,Yaur-Dulan
tm,Yauzy
tm,Yaz-Aryk
tm,Yazdepe
tm,Yazygadzhik
tm,Yazygandzhik
tm,Yazy-Kandzhik
tm,Yaz-Tepe
tm,Yazy
tm,Yegene-Kala
tm,Yegir-Kainski
tm,Yegra-Guzar
tm,Yegridzhar
tm,Yekindzhi
tm,Yekitut
tm,Yel-Bars
tm,Yele-Su
tm,Yelmek
tm,Yerbent
tm,Yerden
tm,Yerli
tm,Yerrikkala
tm,Yerryk-Kata
tm,Yesheksiyen
tm,Ymamnazar
tm,Yolotan
tm,Yolöten
tm,Yulangyz
tm,Yuldy-Dere
tm,Yuvan-Kala
tm,Yuzhnyy
tm,Yylanly
tm,Zakhmet
tm,Zakhmet
tm,Zargyar
tm,Zarpchi
tm,Zaulu
tm,Zau
tm,Zerdau
tm,Zergar
tm,Zergumen
tm,Zergyar
tm,Zyargyar
