ug,Abaji
ug,Abakula
ug,Abala
ug,Abalang
ug,Abaler
ug,Abaleri
ug,Abalkweri
ug,Abalkweru
ug,Abalodyang
ug,Abankwoni
ug,Abarekori
ug,Abarelelu
ug,Abari
ug,Abarikori
ug,Abakule
ug,Abarilela
ug,Abario
ug,Abata
ug,Abatait
ug,Abeja
ug,Abeko
ug,Abela
ug,Aber
ug,Aberapira
ug,Aberete
ug,Aberipila
ug,Abeyi
ug,Abia
ug,Abi
ug,Abiria
ug,Abiya
ug,Abiya
ug,Aboke
ug,Aboket
ug,Aboki
ug,Abola
ug,Abolonyero
ug,Aboru
ug,Abudama
ug,Abuke
ug,Abuli
ug,Aburkot
ug,Aburuburu
ug,Abutokom
ug,Abwangete
ug,Abwel
ug,Abwong
ug,Acamanumu
ug,Acenluoro
ug,Acer
ug,Abim
ug,Achaba
ug,Achamdako
ug,Achamidako
ug,Achanpi
ug,Achar
ug,Achedepel
ug,Achedeperi
ug,Achet
ug,Achilet
ug,Achisa
ug,Acholibar
ug,Acholibur
ug,Achomai
ug,Achomya
ug,Achumet
ug,Achuna
ug,Achungi
ug,Achuru
ug,Achwa
ug,Achwichwi
ug,Aciak
ug,Adacari
ug,Adachal
ug,Adadoi
ug,Adagimon
ug,Adakata
ug,Adapatakitala
ug,Adari
ug,Adekere
ug,Adengi
ug,Adepari
ug,Adero
ug,Aderutu
ug,Adiegi
ug,Adilang
ug,Adingi
ug,Adinya
ug,Adita
ug,Adjugopi
ug,Adjumani
ug,Adlegi
ug,Adodoi
ug,Adodoyi
ug,Adok
ug,Adola
ug,Adome
ug,Adomo
ug,Adonga
ug,Adongoyere
ug,Adonyimo
ug,Adra
ug,Adu
ug,Aduko
ug,Aduku
ug,Adumi
ug,Adwari
ug,Adwoki
ug,Adyongobaro
ug,Adzugopi
ug,Agama
ug,Aganga
ug,Agaria
ug,Agbo
ug,Agenmatch
ug,Agermach
ug,Agikdak
ug,Agikidaki
ug,Agil
ug,Agipaboni
ug,Agirigirioi
ug,Agirigiroi
ug,Agirigiroi
ug,Agola
ug,Agonyolako
ug,Agora
ug,Agoro
ug,Agu
ug,Agule
ug,Agule
ug,Aguliya
ug,Agule
ug,Agulul
ug,Agur
ug,Agurut
ug,Agwata
ug,Agwengere
ug,Agwenonyari
ug,Agwiciri
ug,Agwingiri
ug,Agwok
ug,Ai-avu
ug,Ai-Ivu
ug,Airere
ug,Airinget
ug,Ajaa
ug,Ajama
ug,Ajaniti
ug,Ajar
ug,Ajebe
ug,Ajeruk
ug,Ajeruku
ug,Ajesa
ug,Ajesai
ug,Ajia
ug,Ajikidaki
ug,Ajono
ug,Ajonyi
ug,Ajuket
ug,Ajumani
ug,Akaba
ug,Akademothy
ug,Akado
ug,Akaikai
ug,Akalu
ug,Akanyo
ug,Akar
ug,Akarukwe
ug,Akatongore
ug,Akedimothy
ug,Akeen
ug,Akere
ug,Aketa
ug,Aketo
ug,Akilok
ug,Akisa
ug,Akisim
ug,Akisim
ug,Akisim
ug,Akokoro
ug,Akole
ug,Akolodong
ug,Akolodongo
ug,Akongomit
ug,Akore
ug,Akot
ug,Akoyo
ug,Akpokoa
ug,Akulet
ug,Akum
ug,Akum
ug,Akumu
ug,Akure
ug,Akweyi
ug,Akwon
ug,Akwoni
ug,Akworo
ug,Akyereu
ug,Akyeriau
ug,Ala
ug,Alado
ug,Alas
ug,Alebai
ug,Alebtong
ug,Alebtong
ug,Alebtongo
ug,Alego
ug,Alekilek
ug,Aleles
ug,Alelesi
ug,Alemere
ug,Alengbele
ug,Alengbelo
ug,Alengo
ug,Alenzu
ug,Alera
ug,Alera
ug,Alere
ug,Alerek
ug,Alero
ug,Aleuleun
ug,Aliba
ug,Aliba
ug,Alibu
ug,Alijoda
ug,Alila
ug,Alilioi
ug,Alira
ug,Alito
ug,Alivu
ug,Aloet
ug,Aloet
ug,Aloi
ug,Aloit
ug,Alokiri
ug,Aloloi
ug,Alomdyel
ug,Alomet
ug,Alopua
ug,Aloro
ug,Alube
ug,Aluga
ug,Alui
ug,Alukuchoko
ug,Alutong
ug,Alwa
ug,Alwala
ug,Alwala
ug,Alwi
ug,Alwii
ug,Alworoceng
ug,Alyamese
ug,Amabasere
ug,Amach
ug,Amaich
ug,Amalwasi
ug,Amanumingon
ug,Amar
ug,Amarwasi
ug,Ambidro
ug,Amdat
ug,Ame
ug,Amemya
ug,Ameng
ug,Ameno
ug,Amenu
ug,Amenya
ug,Amero
ug,Amgamwa
ug,Amidakan
ug,Amiel
ug,Amii
ug,Amilmil
ug,Amilo
ug,Aminapoke
ug,Aminit
ug,Aminiti
ug,Aminito
ug,Aminteng
ug,Amintina
ug,Amitina
ug,Amolatar
ug,Amolitar
ug,Amolota
ug,Amolotar
ug,Amonikakinei
ug,Amorkot
ug,Amoru
ug,Amorupos
ug,Amua
ug,Amuchu
ug,Amucu
ug,Amuda
ug,Amudat
ug,Amugei
ug,Amugo
ug,Amunoi
ug,Amuria
ug,Amuryei
ug,Amusus
ug,Amwanga
ug,Amyamya
ug,Amyema
ug,Anaka
ug,Anamido
ug,Andruvu
ug,Angaba
ug,Angal
ug,Angodingodi
ug,Angole
ug,Angorom
ug,Angorom
ug,Angoropia
ug,Angotimoti
ug,Angunai
ug,Anwangi
ug,Anya
ug,Anyalai
ug,Anyangalong
ug,Anyara
ug,Anyavu
ug,Anyek
ug,Anyeke
ug,Anyia
ug,Anyid
ug,Anyidi
ug,Anyidinyid
ug,Anyiribu
ug,Anyongo
ug,Anywali
ug,Anzaiya
ug,Aoba
ug,Apac
ug,Apach
ug,Apala
ug,Apala
ug,Apapa
ug,Apapai
ug,Apapai
ug,Apapai
ug,Aparisa
ug,Apedi
ug,Apeduru
ug,Apeduru
ug,Apele
ug,Apele
ug,Apeneki
ug,Apenyowewu
ug,Api
ug,Apidochot
ug,Apigikwe
ug,Apoi
ug,Apoka
ug,Apokin
ug,Apokor
ug,Apokori
ug,Apokori
ug,Apokoro
ug,Apoleka
ug,Apoli
ug,Apolino
ug,Apopongi
ug,Apot
ug,Aputi
ug,Aputon
ug,Aputon
ug,Apwori
ug,Ara
ug,Arabaka
ug,Araga
ug,Aranga
ug,Arapai
ug,Arapoo
ug,Aremo
ug,Arenga
ug,Aridi
ug,Arido
ug,Ariet
ug,Arikpa
ug,Aringa
ug,Aringo
ug,Aringot
ug,Arivu
ug,Ariwa
ug,Arua
ug,Arubela
ug,Aryawo
ug,Aryek
ug,Asalatap
ug,Asamuk
ug,Asamuk
ug,Asasi
ug,Asilanga
ug,Asilang
ug,Asilanyi
ug,Asinge
ug,Asinge
ug,Asingero
ug,Asinye
ug,Asiranyi
ug,Asuret
ug,Asuret
ug,Aswa
ug,Atagi Apari
ug,Atana
ug,Atanga
ug,Atapara
ug,Atar
ug,Atari
ug,Ateka Ober
ug,Atek
ug,Atera
ug,Aterai
ug,Aterodri
ug,Ateusu
ug,Atiak
ug,Atigo
ug,Atika
ug,Atine
ug,Atira
ug,Atiri
ug,Atiriri
ug,Atongpara
ug,Atopi
ug,Atoto
ug,Atratraka
ug,Attiak
ug,Atuboi
ug,Atuli
ug,Atumba
ug,Atura
ug,Atura
ug,Aturituri
ug,Atutur
ug,Atuturi
ug,Atyak
ug,Atyenda
ug,Aukot
ug,Aukot
ug,Aukoto
ug,Aupi
ug,Auwara
ug,Awach
ug,Awaliwali
ug,Awei
ug,Awelo
ug,Awelo
ug,Awer
ug,Awere
ug,Awika
ug,Awila
ug,Awilodyang
ug,Awir
ug,Awiri
ug,Awoja
ug,Awojabule
ug,Awojaito
ug,Awojaitoi
ug,Ayabi
ug,Ayago
ug,Ayavu
ug,Ayera
ug,Ayer
ug,Ayiroyat
ug,Ayivu
ug,Ayola
ug,Ayongtoke
ug,Ayoni
ug,Ayumi
ug,Baduda
ug,Badyang
ug,Bagambira
ug,Bagedza
ug,Bageza
ug,Bahati
ug,Baitambogwe
ug,Bajo
ug,Bajo
ug,Bakijurura
ug,Bala
ug,Balabala
ug,Balanga
ug,Balawoli
ug,Bale
ug,Bale
ug,Bale
ug,Bale
ug,Balimanyanka
ug,Balimanyankya
ug,Balinga
ug,Balita
ug,Bamasuta
ug,Bamba
ug,Bamunanika
ug,Bamusuta
ug,Banagonera
ug,Banda
ug,Banda
ug,Banda
ug,Banda
ug,Banda
ug,Banda
ug,Banga
ug,Banga
ug,Barabili
ug,Barakala
ug,Bar
ug,Baribu
ug,Baringa
ug,Barogal
ug,Bata
ug,Batambogwe
ug,Bawalakata
ug,Bbanda
ug,Bbuto
ug,Behungi
ug,Bekina
ug,Bembe
ug,Bendegere
ug,Beta
ug,Bezinya
ug,Bezinza
ug,Bibo
ug,Bibo
ug,Biemba
ug,Bigada
ug,Bigando
ug,Bigasa
ug,Bigodi
ug,Biguri
ug,Bigusha
ug,Bigushu
ug,Bigyera
ug,Bihairwe
ug,Bihalrwe
ug,Bihanga
ug,Biharwe
ug,Bika
ug,Bikira
ug,Biko
ug,Bikongoro
ug,Bikongozo
ug,Bikonzi
ug,Bilefe
ug,Biliefe
ug,Binambo
ug,Bingo
ug,Binikira
ug,Binoni
ug,Binyin
ug,Binyiny
ug,Bira
ug,Birembo
ug,Birere
ug,Birere
ug,Biria
ug,Birinuma
ug,Birinzi
ug,Birongo
ug,Birunduma
ug,Birundumu
ug,Birunuma
ug,Biruruma
ug,Bisanje
ug,Bisanje
ug,Biseruka
ug,Bisheshe
ug,Biso
ug,Bisozi
ug,Bisu
ug,Bisya
ug,Bisyoro
ug,Bitbyamukasa
ug,Bitereko
ug,Bitezi
ug,Biti
ug,Bitibyamukasa
ug,Biwa
ug,Biwanga
ug,Biwolobo
ug,Biyiyi
ug,Bizera
ug,Bizinza
ug,Bobi
ug,Boliso
ug,Bombo
ug,Bombo
ug,Bomwega
ug,Bomwege
ug,Bondo
ug,Boro
ug,Boroboro
ug,Bowa
ug,Buambara
ug,Bubada
ug,Bubale
ug,Bubale
ug,Bubale
ug,Bubanda
ug,Bubandi
ug,Bubandi
ug,Bubango
ug,Bubanyi
ug,Bubanzi
ug,Bubba
ug,Bubbala
ug,Bube
ug,Bubenge
ug,Bubengwa
ug,Bubilabi
ug,Bubinga
ug,Bubiro
ug,Bubogo
ug,Bubohi
ug,Bubonge
ug,Bubotyo
ug,Bubuke
ug,Bubukwanga
ug,Bububi
ug,Bubule
ug,Bubulo
ug,Bubulu
ug,Bubungi
ug,Bubutu
ug,Bubutya
ug,Bubwa
ug,Bubwoki
ug,Buchundu
ug,Buchundura
ug,Bucumbi
ug,Budaba
ug,Budadiri
ug,Budaka
ug,Budaka
ug,Budale
ug,Budali
ug,Budali
ug,Budatenwa
ug,Budatu
ug,Budda
ug,Budde
ug,Bude
ug,Bude
ug,Budehe
ug,Budembe
ug,Budikidi
ug,Budimu
ug,Budini
ug,Budola
ug,Budondo
ug,Budongo
ug,Bududa
ug,Budumba
ug,Buduna
ug,Budzi
ug,Budzibwera
ug,Bufindi
ug,Bufumbo
ug,Bufumira
ug,Bufundi
ug,Bugaba
ug,Bugaba
ug,Bugabe
ug,Bugadi
ug,Bugaia
ug,Bugai
ug,Bugaju
ug,Bugalama
ug,Bugalama
ug,Bugalama
ug,Bugalamwa
ug,Bugamba
ug,Bugambe
ug,Bugambira
ug,Bugambo
ug,Bugana
ug,Buganga
ug,Bugangari
ug,Buganja
ug,Buganyi
ug,Buganza
ug,Buganza
ug,Bugarama
ug,Bugarama
ug,Bugata
ug,Bugaya
ug,Bugayuwa
ug,Bugela
ug,Bugema
ug,Bugembe
ug,Bugembe
ug,Bugenge
ug,Bugera
ug,Bugera
ug,Bugere
ug,Bugeye
ug,Bugeyuwa
ug,Bugigi
ug,Buginyanya
ug,Bugiri
ug,Bugiri
ug,Bugiri
ug,Bugiri
ug,Bugiri
ug,Bugitimwa
ug,Bugoba
ug,Bugobango
ug,Bugobero
ug,Bugobi
ug,Bugodo
ug,Bugoigo
ug,Bugole
ug,Bugolobi
ug,Bugologolo
ug,Bugoma
ug,Bugombe
ug,Bugombe
ug,Bugombo Mission
ug,Bugombwa
ug,Bugomola
ug,Bugomola
ug,Bugomolo
ug,Bugomora
ug,Bugona
ug,Bugona
ug,Bugondo
ug,Bugonge
ug,Bugongi
ug,Bugongo
ug,Bugonio
ug,Bugonje
ug,Bugonyoka
ug,Bugonzi
ug,Bugonzi
ug,Bugosa
ug,Bugoto
ug,Bugoye
ug,Bugoye
ug,Bugoye
ug,Bugubo
ug,Bugujju
ug,Bugulama
ug,Bugule
ug,Buguluma
ug,Bugulumbia
ug,Bugumira
ug,Bugumya
ug,Bugunda
ug,Bugunda
ug,Bugungu
ug,Bugusege
ug,Bugushu
ug,Bugwa
ug,Bugwangi
ug,Bugwangoma
ug,Bugwara
ug,Bugwe
ug,Buhanika
ug,Buhara
ug,Buhehe
ug,Buhera
ug,Buhesi
ug,Buhimba
ug,Buhinda
ug,Buhoma
ug,Buhugu
ug,Buhuhra
ug,Buhuka
ug,Buhungura
ug,Buhungurua
ug,Buiga
ug,Buikwe
ug,Builce
ug,Buinja
ug,Buinja
ug,Buiri
ug,Buita
ug,Buitya
ug,Buiza
ug,Bujabe
ug,Bujagule
ug,Bujawo
ug,Bujerere
ug,Bujeru
ug,Bujogolo
ug,Bujongolo
ug,Bujuba
ug,Bujugu
ug,Bujugwa
ug,Bujuko
ug,Bujumba
ug,Bujuni
ug,Bujunjuzi
ug,Bujunzuzi
ug,Bujuta
ug,Bujuto
ug,Bujwaya
ug,Bukaana
ug,Bukabeba
ug,Bukabi
ug,Bukade
ug,Bukaga
ug,Bukaka
ug,Bukakata
ug,Bukakata Pier
ug,Bukalasa
ug,Bukalasi
ug,Bukaleba
ug,Bukaliha
ug,Bukamba
ug,Bukandula
ug,Bukanga
ug,Bukangara
ug,Bukanya
ug,Bukanya
ug,Bukasaba
ug,Bukasa
ug,Bukasa
ug,Bukasa
ug,Bukasero
ug,Bukatira
ug,Bukatube
ug,Bukawamala
ug,Bukeda
ug,Bukedea
ug,Bukemba
ug,Bukendi
ug,Bukerere
ug,Bukeri
ug,Bukeso
ug,Bukhabusi
ug,Bukhalu
ug,Bukhasaba
ug,Bukhaweka
ug,Bukhubalo
ug,Bukiberu
ug,Bukidea
ug,Bukiga
ug,Bukigai
ug,Bukimbiri
ug,Bukinda
ug,Bukindwa
ug,Bukiralire
ug,Bukiro
ug,Bukito
ug,Bukiyiti
ug,Buklasi
ug,Bukoba
ug,Bukobe
ug,Bukobo
ug,Bukoka
ug,Bukoki
ug,Bukoko
ug,Bukoko
ug,Bukola
ug,Bukololo
ug,Bukolongo
ug,Bukoloto
ug,Bukolwa
ug,Bukoma
ug,Bukomansimbe
ug,Bukomansimbi
ug,Bukomba
ug,Bukomba
ug,Bukomero
ug,Bukona
ug,Bukonda
ug,Bukonde
ug,Bukongo
ug,Bukongolo
ug,Bukonyo
ug,Bukoto
ug,Bukoto
ug,Bukoyo
ug,Bukuba
ug,Bukubaituba
ug,Bukubizi
ug,Buku
ug,Buku
ug,Bukuja
ug,Bukuku
ug,Bukuku
ug,Bukuku
ug,Bukulubya
ug,Bukulula
ug,Bukumankola
ug,Bukumankola
ug,Bukumi
ug,Bukumi
ug,Bukunda
ug,Bukungu
ug,Bukunja
ug,Bukunya
ug,Bukusi
ug,Bukusu
ug,Bukutaituba
ug,Bukutu
ug,Bukutu
ug,Bukutula
ug,Bukuya
ug,Bukwa
ug,Bukwali
ug,Bukwanga
ug,Bukwata
ug,Bukwiri
ug,Bukwo
ug,Bukyanju
ug,Bulagazi
ug,Bulago
ug,Bulagwe
ug,Bulako
ug,Bulamadzi
ug,Bulamagi
ug,Bulamagi
ug,Bulamagi
ug,Bulamba
ug,Bulamba
ug,Bulambiro
ug,Bulambuli
ug,Bulamu
ug,Bulando
ug,Bulanga
ug,Bulange
ug,Bulangi
ug,Bulangira
ug,Bulanku
ug,Bulasana
ug,Bulawula
ug,Bulaza
ug,Bulaza
ug,Bule
ug,Bulekeyi
ug,Buleleya
ug,Bulema
ug,Bulema
ug,Bulema
ug,Bulemba
ug,Bulembo
ug,Bulembu
ug,Bulembwe
ug,Bulenga
ug,Bulera
ug,Bulera
ug,Buliganya
ug,Buligenyi
ug,Buligi
ug,Bulimba
ug,Bulimbale
ug,Bulinde
ug,Bulindi
ug,Bulindo
ug,Bulisa
ug,Buloba
ug,Bulo
ug,Bulolo
ug,Bulolombe
ug,Bulonda
ug,Bulondo
ug,Bulongo
ug,Bulopa
ug,Bulowoza
ug,Buluba
ug,Bulubandi
ug,Bulucheke
ug,Buluchele
ug,Buluganya
ug,Bulugui
ug,Bulukatoni
ug,Buluko
ug,Bulule
ug,Bulumba
ug,Bulumba
ug,Bulumbi
ug,Bulumbi
ug,Bulumbu
ug,Bulumwaki
ug,Bulungi
ug,Bulunguli
ug,Buluta
ug,Buluube
ug,Buluya
ug,Bulwa
ug,Bulwada
ug,Bulwanda
ug,Bulwanyi
ug,Bulwenge
ug,Bulyaikubi
ug,Bulyakubi
ug,Bulyambide
ug,Bulyanga
ug,Bulyangada
ug,Bulyango
ug,Bumadu
ug,Bumagabula
ug,Bumageni
ug,Bumangi
ug,Bumanya
ug,Bumasifwa
ug,Bumasikye
ug,Bumbaire
ug,Bumbo
ug,Bumbo
ug,Bumboi
ug,Bumbu
ug,Bume
ug,Bumeru
ug,Bumogoli
ug,Bumomi
ug,Bumomi
ug,Bumoze
ug,Bumozi
ug,Bumulimba
ug,Bumungi
ug,Bumunji
ug,Bumwambu
ug,Bumwangu
ug,Bunabala
ug,Bunabamba
ug,Buna
ug,Bunado
ug,Bunagana
ug,Bunakijja
ug,Bunakomola
ug,Bunambale
ug,Bunambutye
ug,Bunamwaya
ug,Bundibugyo
ug,Bundibundu
ug,Bundimboyo
ug,Bundimbuga
ug,Bundimulangi
ug,Bundiwirima
ug,Bunegere
ug,Bunena
ug,Bunenero
ug,Bungalei
ug,Bunghaji
ug,Bungondo
ug,Bungura
ug,Bunkoko
ug,Bunono
ug,Buntuntumula
ug,Bunyadeti
ug,Bunyagwe
ug,Bunyama
ug,Bunyantole
ug,Bunyide
ug,Bunyiri
ug,Bunyiro
ug,Bunyolo
ug,Bunyonyi
ug,Buologoma
ug,Bupajengo
ug,Bupala
ug,Bupala
ug,Bupota
ug,Bupoto
ug,Bupyana
ug,Buragara
ug,Buramali
ug,Buraro
ug,Burere
ug,Burondo
ug,Buruburu
ug,Burumba
ug,Busaba
ug,Busabaga
ug,Busabi
ug,Busabulongo
ug,Busaka
ug,Busalamu
ug,Busale
ug,Busambo
ug,Busamuzi
ug,Busana
ug,Busanga
ug,Busano
ug,Busanza
ug,Busanzi
ug,Busaro
ug,Busaru
ug,Busebwe
ug,Busede
ug,Buseete
ug,Busegele
ug,Buseke
ug,Busembatia
ug,Busenda
ug,Busengo
ug,Busenke
ug,Busenzi
ug,Busesa
ug,Busesa
ug,Busese
ug,Buseta
ug,Busete
ug,Buseyi
ug,Bushenyi
ug,Bushenyi
ug,Bushoka
ug,Busia
ug,Busibo
ug,Busika
ug,Busika
ug,Busikho
ug,Busiko
ug,Busimba
ug,Busimbi
ug,Busimo
ug,Busindi
ug,Busingiro
ug,Busini
ug,Businsi
ug,Businzigo
ug,Busira
ug,Busire
ug,Busiriva
ug,Busiro
ug,Busiro
ug,Busiu
ug,Busiza
ug,Busla
ug,Busoba
ug,Busobo
ug,Busoke
ug,Busolosolo
ug,Busolwe
ug,Busomba
ug,Busonga
ug,Busoni
ug,Busoro
ug,Busowa
ug,Busubi
ug,Busubizi
ug,Busubu
ug,Busula
ug,Busulani
ug,Busulumba
ug,Busumbu
ug,Busundo
ug,Busungiri
ug,Busunju
ug,Buswa
ug,Buswa
ug,Buswale
ug,Butaba
ug,Buta
ug,Butacho
ug,Butakola
ug,Butale
ug,Butale
ug,Butale
ug,Butaleja
ug,Butali
ug,Butalo
ug,Butamira
ug,Butandiga
ug,Butanga
ug,Butangala
ug,Butangasi
ug,Butangazi
ug,Butansi
ug,Butara
ug,Butare
ug,Butaswa
ug,Butatulwa
ug,Butayunja
ug,Butayunja
ug,Buteba
ug,Butebe
ug,Butebe
ug,Butebo
ug,Butegwa
ug,Buteka
ug,Butema
ug,Butema
ug,Butemba
ug,Butemba
ug,Butembe
ug,Butende
ug,Butende
ug,Butende
ug,Butenga
ug,Butenga
ug,Butenge
ug,Butenzi
ug,Butesa
ug,Butesa
ug,Buteza
ug,Buteza
ug,Butiaba
ug,Butiabuli
ug,Butikwa
ug,Butinde
ug,Butiru
ug,Butiti
ug,Butiti
ug,Butlaba
ug,Butobole
ug,Butoca
ug,Butogo
ug,Butokebulamu
ug,Butoke Butano
ug,Butolo
ug,Butolo
ug,Butongole
ug,Butoro
ug,Butte
ug,Butu
ug,Butukuru
ug,Butula
ug,Butumbizi
ug,Butundu
ug,Butuntumula
ug,Butuse
ug,Bututi
ug,Bututi
ug,Butwala
ug,Buungula
ug,Buvi
ug,Buvule
ug,Buvulunguti
ug,Buwabwala
ug,Buwaga
ug,Buwaiswa
ug,Buwalasi
ug,Buwalira
ug,Buwama
ug,Buwambo
ug,Buwana
ug,Buwanda
ug,Buwanda
ug,Buwanfu
ug,Buwanga
ug,Buwanga
ug,Buwange
ug,Buwangire
ug,Buwanku
ug,Buwasyu
ug,Buwate
ug,Buwaya
ug,Buwaya
ug,Buwayo
ug,Buwe
ug,Buwekwa
ug,Buwembe
ug,Buwenda
ug,Buwenge
ug,Buwere
ug,Buwira
ug,Buwiri
ug,Buwola
ug,Buwola
ug,Buwola
ug,Buwologoma
ug,Buwolya
ug,Buwolya
ug,Buwonda
ug,Buwongo
ug,Buwoya
ug,Buwuja
ug,Buwumba
ug,Buwunga
ug,Buwunga
ug,Buwungiro
ug,Buwuni
ug,Buyabi
ug,Buyaga
ug,Buyaga
ug,Buyaga
ug,Buyaga
ug,Buyala
ug,Buyamba
ug,Buyamba
ug,Buyana
ug,Buyanga
ug,Buyange
ug,Buyanja
ug,Buyanja
ug,Buyanza
ug,Buyanzha
ug,Buyayu
ug,Buye
ug,Buye
ug,Buyege
ug,Buyemba
ug,Buyende
ug,Buyenvu
ug,Buyenzi
ug,Buyindi
ug,Buyinja
ug,Buyira
ug,Buyiri
ug,Buyobe
ug,Buyobo
ug,Buyoga
ug,Buyola
ug,Buyomba
ug,Buyondo
ug,Buyondo
ug,Buyonga
ug,Buyonjo
ug,Buyuge
ug,Buyugu
ug,Buyuki
ug,Buyumba
ug,Buyunda
ug,Buyundo
ug,Buyunga
ug,Buyunze
ug,Buzhaga
ug,Buzheringi
ug,Buzi
ug,Buzimba
ug,Buzinga
ug,Buzinga
ug,Buzzi
ug,Bwacapila
ug,Bwaise
ug,Bwajale
ug,Bwaka
ug,Bwala
ug,Bwala
ug,Bwalala
ug,Bwalumuli
ug,Bwambara
ug,Bwami
ug,Bwamulamira
ug,Bwamulamira
ug,Bwangamba
ug,Bwanja
ug,Bwanjale
ug,Bwanjebe
ug,Bwanswa
ug,Bwanzha
ug,Bwasa
ug,Bwasa
ug,Bwasanku
ug,Bwato
ug,Bwawamala
ug,Bwayuya
ug,Bwegire
ug,Bwende
ug,Bwendero
ug,Bwenderwa
ug,Bwengamba
ug,Bwentama
ug,Bwenyege
ug,Bwera
ug,Bwera
ug,Bwera
ug,Bwera
ug,Bwerabyange
ug,Bweramule
ug,Bweranyangi
ug,Bwerenga
ug,Bwesa
ug,Bweya
ug,Bweya
ug,Bweyale
ug,Bweyale
ug,Bweyale
ug,Bweyo
ug,Bweyogerere
ug,Bweyongede
ug,Bwigule
ug,Bwijanga
ug,Bwire
ug,Bwisi
ug,Bwite
ug,Bwizibwera
ug,Bwizi
ug,Bwobo
ug,Bwolemera
ug,Bwologoma
ug,Bwolya
ug,Bwongera
ug,Bwongyera
ug,Byakabanda
ug,Byanamira
ug,Byante
ug,Byero
ug,Byesika
ug,Byezitile
ug,Cawente
ug,Cegere
ug,Chabahinga
ug,Chahi
ug,Chakali
ug,Chakolomun
ug,Chakwala
ug,Chamdako
ug,Chamidako
ug,Chamudako
ug,Chanjojo
ug,Chankoko
ug,Chawanti
ug,Chebonet
ug,Chegere
ug,Chegeru
ug,Chelekura
ug,Chenkoni
ug,Chepsikunya
ug,Cheptui
ug,Cherekula
ug,Cherekura
ug,Chesebere
ug,Chesoweri
ug,Chiawanti
ug,Chiko
ug,Chitwe
ug,Chivare
ug,Chondo
ug,Chuchu
ug,Chumu
ug,Chwagere
ug,Chwagire
ug,Chwagiri
ug,Cilio
ug,Cunumu
ug,Curu
ug,Cwero
ug,Cyahafi
ug,Dabani
ug,Dadasi
ug,Dadira
ug,Dagala
ug,Daje
ug,Dakabela
ug,Dakabera
ug,Dakum
ug,Dalamba
ug,Damba
ug,Dangala
ug,Danya
ug,Daru
ug,Debeza
ug,Degaya
ug,Degeya
ug,Degeya
ug,Degiya
ug,Dei
ug,Dekere
ug,Delphi
ug,Delu
ug,Dembe
ug,Dewe
ug,Diima
ug,Diima Point
ug,Dodos
ug,Dodosi
ug,Doko
ug,Dokolo
ug,Dokolo
ug,Dokolo
ug,Dokoro
ug,Doya
ug,Dufile
ug,Dufile Old Fort
ug,Duhanga
ug,Dumu
ug,Durama
ug,Dusandala
ug,Dusandara
ug,Dwabarasi
ug,Eba
ug,Ebude
ug,Edrivu
ug,Ejemoruno
ug,Ejomi
ug,Ekininga
ug,Ekobatum
ug,Ekoit
ug,Ekulonya
ug,Ekwera
ug,Emeng
ug,Emerikit
ug,Emyemya
ug,Enengo
ug,Entebbe
ug,Erezeli
ug,Erima
ug,Eruba
ug,Eruko
ug,Erusi
ug,Erute
ug,Eruti
ug,Etam
ug,Etori
ug,Ewadri
ug,Fajao
ug,Fort George
ug,Fort Portal
ug,Fumbya
ug,Fundu
ug,Gaba
ug,Gaba
ug,Gabichunchu
ug,Gabi
ug,Gadumire
ug,Gala
ug,Galatiya
ug,Galiraya
ug,Gama
ug,Gamba
ug,Gamba
ug,Gambirana
ug,Ganda
ug,Gangama
ug,Gangu
ug,Gangu
ug,Gantama
ug,Garegere
ug,Gavu
ug,Gavu
ug,Gavu
ug,Gayaza
ug,Gayaza
ug,Gayaza
ug,Gayaza
ug,Gayaza
ug,Gayaza
ug,Gayaza
ug,Gayaza
ug,Gayaza
ug,Gayaza
ug,Gegede
ug,Getanyang
ug,Getom
ug,Ggoli
ug,Ggwanga
ug,Giligili
ug,Giligili
ug,Gimara
ug,Gimbi
ug,Giriairoi
ug,Girigiroi
ug,Giyaguya
ug,Gobero
ug,Gobero
ug,Gogonya
ug,Gogonyo
ug,Goli
ug,Goli
ug,Golola
ug,Golomolo
ug,Goma
ug,Goma
ug,Gombe
ug,Gombe
ug,Gombe
ug,Gombe
ug,Gombe
ug,Gomero
ug,Gomero
ug,Gonve
ug,Goromi
ug,Goru
ug,Gosola
ug,Goza
ug,Greek River
ug,Gulama
ug,Gulama
ug,Gulamubiri
ug,Gulu
ug,Guluka
ug,Gunda
ug,Gunda
ug,Gurumu
ug,Gwar
ug,Gwase
ug,Gwatiro
ug,Gweri
ug,Gwetom
ug,Gwetom
ug,Hakekuba
ug,Hakibale
ug,Hakitengya
ug,Hamukunga
ug,Harugali
ug,Hima
ug,Hoima
ug,Hoimo
ug,Ibale
ug,Ibanda
ug,Ibanda
ug,Ibana
ug,Ibare
ug,Ibimbo
ug,Ibonde
ug,Ibuje
ug,Ibulanku
ug,Ibung
ug,Icheme
ug,Idia
ug,Idome
ug,Iganga
ug,Iganga
ug,Igang
ug,Igeyero
ug,Igola
ug,Igorora
ug,Igotero
ug,Igwe
ug,Ihunga
ug,Ihunga
ug,Ihungu
ug,Ikamiro
ug,Ikanda
ug,Iki Iki
ug,Ikilki
ug,Ikoba
ug,Ikona
ug,Ikulwe
ug,Ikumba
ug,Ikumbya
ug,Ilama
ug,Imanyiro
ug,Imbamba
ug,Imvenga
ug,Inde
ug,India
ug,Inomo
ug,Inula
ug,Ipife
ug,Irabi
ug,Iramva
ug,Iremerya
ug,Irenga
ug,Irimba
ug,Irimbi
ug,Irimbi
ug,Iringa
ug,Iringita
ug,Iriri
ug,Irundu
ug,Iryango
ug,Ishagama
ug,Ishaka
ug,Ishaka
ug,Ishanze
ug,Ishasha
ug,Ishingiro
ug,Isojo
ug,Isunga
ug,Itakaibolu
ug,Itam
ug,Itamya
ug,Itanda
ug,Itara
ug,Itegyero
ug,Itegyero
ug,Itendero
ug,Itojo
ug,Itolo
ug,Itozho
ug,Ituba
ug,Itwara
ug,Iwal
ug,Iwemba
ug,Iyemba
ug,Iyingo
ug,Iyolwa
ug,Izira
ug,Jaber
ug,Janda
ug,Jandira
ug,Jandira
ug,Janya
ug,Jelele
ug,Jemba
ug,Jerere
ug,Jeza
ug,Jimbi
ug,Jinga
ug,Jinja
ug,Jinja
ug,Jinja
ug,Jopakubi
ug,Jopangira
ug,Juko
ug,Junda
ug,Junda
ug,Jungo
ug,Kaabong
ug,Kaazi
ug,Kabaale
ug,Kabagole
ug,Kabahango
ug,Kabahesi
ug,Kabaigarire
ug,Kabalangi
ug,Kabalang
ug,Kabale
ug,Kabale
ug,Kabale
ug,Kabale
ug,Kabale
ug,Kabale
ug,Kabale
ug,Kabale
ug,Kabale
ug,Kabale
ug,Kabalikweru
ug,Kabalongo
ug,Kabamba
ug,Kabanda
ug,Kabandi
ug,Kabanga
ug,Kabango
ug,Kabango
ug,Kabanyata
ug,Kabare
ug,Kabare
ug,Kabare
ug,Kabaroge
ug,Kabarole
ug,Kabarwa
ug,Kabasanda
ug,Kabasegwa
ug,Kabata
ug,Kabatego
ug,Kabat
ug,Kabatoro
ug,Kabatum
ug,Kabchogin
ug,Kabembe
ug,Kabende
ug,Kabendi
ug,Kaberamaido
ug,Kabezi
ug,Kabiga
ug,Kabindula
ug,Kabingo
ug,Kabingo
ug,Kabingo
ug,Kabirabira
ug,Kabira
ug,Kabira
ug,Kabira
ug,Kabira
ug,Kabira
ug,Kabiramaido
ug,Kabirizi
ug,Kaboko
ug,Kabole
ug,Kabologota
ug,Kabondo
ug,Kabonero
ug,Kabonerwa
ug,Kabora
ug,Kabowa
ug,Kaboyo
ug,Kabozi
ug,Kabubu
ug,Kabuga
ug,Kabugoga
ug,Kabugoge
ug,Kabugujo
ug,Kabukulwa
ug,Kabukunga
ug,Kabukye
ug,Kabukye
ug,Kabula
ug,Kabulamuliro
ug,Kabulanaka
ug,Kabulasoke
ug,Kabulasoke
ug,Kabule
ug,Kabulisoke
ug,Kabulubulu
ug,Kabulubutu
ug,Kabumba
ug,Kabumba
ug,Kabuna
ug,Kabunde
ug,Kabungo
ug,Kabunyata
ug,Kabura
ug,Kaburasaho
ug,Kaburon
ug,Kaburoron
ug,Kabusinde
ug,Kabusye
ug,Kabutende
ug,Kabuwoko
ug,Kabuyanda
ug,Kabuyayi
ug,Kabuye
ug,Kabwami
ug,Kabwangasi
ug,Kabwangazi
ug,Kabwema
ug,Kabwohe
ug,Kabwolo
ug,Kabwoya
ug,Kabyayi
ug,Kabyaza
ug,Kabyuma
ug,Kachango
ug,Kacherere
ug,Kacherere
ug,Kacherere
ug,Kacheri
ug,Kachomya
ug,Kachonga
ug,Kachong
ug,Kachulagenyi
ug,Kachumbala
ug,Kachumbiro
ug,Kachungi
ug,Kachung
ug,Kachusi
ug,Kachus
ug,Kachwangobe
ug,Kachwi
ug,Kadachal
ug,Kadama
ug,Kadami
ug,Kadepo
ug,Kaderuna
ug,Kadinya
ug,Kadoki
ug,Kadoto
ug,Kadugala
ug,Kaduka
ug,Kaduku
ug,Kadunda
ug,Kadungulu
ug,Kadunguru
ug,Kadwini
ug,Kadzi
ug,Kafu
ug,Kafu
ug,Kafunfu
ug,Kafunzho
ug,Kafunzo
ug,Kafunzo
ug,Kagabagaba
ug,Kagadi
ug,Kagaga
ug,Kaga
ug,Kagala
ug,Kagalama
ug,Kagamba
ug,Kagamba
ug,Kaganda
ug,Kagando
ug,Kagango
ug,Kagango
ug,Kagango
ug,Kagarama
ug,Kagasa
ug,Kagasa
ug,Kagazi
ug,Kagembe
ug,Kagi
ug,Kagitumba
ug,Kagobe
ug,Kagoge
ug,Kagogo
ug,Kagoli
ug,Kagologolo
ug,Kagolomolo
ug,Kagolwa
ug,Kagoma
ug,Kagoma
ug,Kagona
ug,Kagondo
ug,Kagonge
ug,Kagugo
ug,Kagugu
ug,Kagulube
ug,Kagulu
ug,Kagulu
ug,Kagulu
ug,Kaguma
ug,Kagumba
ug,Kagumu
ug,Kagunga
ug,Kaguru
ug,Kagwara
ug,Kagwese
ug,Kagwicher
ug,Kagwire
ug,Kahandakamwe
ug,Kahegwa
ug,Kahenda
ug,Kahendero
ug,Kahihi
ug,Kahingo
ug,Kahirimbi
ug,Kahonda
ug,Kahondo
ug,Kahondo
ug,Kahoro
ug,Kahororo
ug,Kahunga
ug,Kahunge
ug,Kaiania
ug,Kaianja
ug,Kaiba
ug,Kaijamaka
ug,Kaikamosi
ug,Kaikaniosing
ug,Kailkong
ug,Kaiso
ug,Kaiti
ug,Kaiti
ug,Kajaga
ug,Kajamaka
ug,Kajansi
ug,Kajonyi
ug,Kajulirwa
ug,Kajumba
ug,Kajumiro
ug,Kajumiro
ug,Kajuna
ug,Kakabara
ug,Kakakala
ug,Kakakala
ug,Kakamari
ug,Kakanhzu
ug,Kakano
ug,Kakanyoro
ug,Kakanzhu
ug,Kakanzu
ug,Kakatunda
ug,Kakcuto
ug,Kakere
ug,Kakika
ug,Kakindo
ug,Kakindu
ug,Kakindu
ug,Kakindu
ug,Kakindu
ug,Kakinga
ug,Kakinyo
ug,Kakinzi
ug,Kakira
ug,Kakira
ug,Kakira
ug,Kakira
ug,Kakira
ug,Kakira
ug,Kakira
ug,Kakiri
ug,Kakirioningole
ug,Kakiryoningole
ug,Kakoge
ug,Kakoge
ug,Kakoge
ug,Kakoge
ug,Kakogwe
ug,Kakojo
ug,Kako
ug,Kakole
ug,Kakoma
ug,Kakoma
ug,Kakoma
ug,Kakomongole
ug,Kakondi
ug,Kakori
ug,Kakoro
ug,Kakorokoron
ug,Kakotero
ug,Kakuka
ug,Kakukulu
ug,Kakukuru
ug,Kakumiro
ug,Kakum
ug,Kakundi
ug,Kakungube
ug,Kakungumaire
ug,Kakungwe
ug,Kakures
ug,Kakuress
ug,Kakute
ug,Kakuto
ug,Kakuto
ug,Kakuuto
ug,Kakuza
ug,Kakwanga
ug,Kakweyi
ug,Kakworo
ug,Kaladonapal
ug,Kalaga
ug,Kalagala
ug,Kalagala
ug,Kalagala
ug,Kalagala
ug,Kalagala
ug,Kalagi
ug,Kalait
ug,Kalakeju
ug,Kalaki
ug,Kalamai
ug,Kalamba
ug,Kalambi
ug,Kalambi
ug,Kalamese
ug,Kalamira
ug,Kalangala
ug,Kalangala
ug,Kalangalo
ug,Kalangalo
ug,Kalao
ug,Kalapata
ug,Kalaperabong
ug,Kalasa
ug,Kalata
ug,Kalega
ug,Kalege
ug,Kaleire
ug,Kalekeru
ug,Kalenge
ug,Kalengera
ug,Kalengo
ug,Kalere
ug,Kaleri
ug,Kaleri
ug,Kaligo
ug,Kali
ug,Kalilima
ug,Kalima
ug,Kalinda
ug,Kaliro
ug,Kaliro
ug,Kaliro
ug,Kalisizo
ug,Kaliti
ug,Kalito
ug,Kaliwali
ug,Kalobo
ug,Kalondo
ug,Kalonga
ug,Kalonge
ug,Kalongo
ug,Kalongo
ug,Kalongo
ug,Kalongo
ug,Kalongo
ug,Kalongo
ug,Kaloni
ug,Kalua
ug,Kaluba
ug,Kalububbu
ug,Kalugu
ug,Kaluguza
ug,Kalujumba
ug,Kalule
ug,Kalumaga
ug,Kalungari
ug,Kalungi
ug,Kalungi
ug,Kalungu
ug,Kalungu
ug,Kalungu
ug,Kalungu
ug,Kalungu
ug,Kalungu
ug,Kalwala
ug,Kalwala
ug,Kalwanga
ug,Kalyabayoga
ug,Kalyakoti
ug,Kalyampande
ug,Kalyanda
ug,Kalyango
ug,Kalyankoko
ug,Kamaanda
ug,Kamachya
ug,Kamadi
ug,Kamaka
ug,Kama
ug,Kamala
ug,Kamalenge
ug,Kamanda
ug,Kamatarisi
ug,Kambuga
ug,Kambugo
ug,Kambuye
ug,Kamdini
ug,Kameeme
ug,Kameke
ug,Kameki
ug,Kamengo
ug,Kamengo
ug,Kamenya
ug,Kamese
ug,Kamido
ug,Kamion
ug,Kammengo
ug,Kamoda
ug,Kamodo
ug,Kamonkoli
ug,Kamorok
ug,Kampala
ug,Kampindi
ug,Kampiringisa
ug,Kampungu
ug,Kamuda
ug,Kamuda
ug,Kamudini
ug,Kamuganguzi
ug,Kamuganja
ug,Kamuge
ug,Kamugoya
ug,Kamukalo
ug,Kamukongo
ug,Kamulaba
ug,Kamuli
ug,Kamuli
ug,Kamuli
ug,Kamuli
ug,Kamuli
ug,Kamunkwale
ug,Kamusabi
ug,Kamusala
ug,Kamusenene
ug,Kamusenene
ug,Kamushoko
ug,Kamushoro
ug,Kamutur
ug,Kamwenge
ug,Kamwezi
ug,Kamwony
ug,Kanaba
ug,Kanabugo
ug,Kanadda
ug,Kanama
ug,Kanani
ug,Kanankamba
ug,Kandago
ug,Kande
ug,Kangabo
ug,Kangai
ug,Kangalaba
ug,Kango
ug,Kangole
ug,Kangole
ug,Kangolengole
ug,Kangondo
ug,Kangota
ug,Kangulumira
ug,Kanjuki
ug,Kankoba
ug,Kankonoki
ug,Kankononki
ug,Kankubebe
ug,Kanku
ug,Kanone
ug,Kanoni
ug,Kanoni
ug,Kanoni
ug,Kanoni
ug,Kansami
ug,Kansenene
ug,Kansera
ug,Kansire
ug,Kansiri
ug,Kansiri
ug,Kantale
ug,Kantozi
ug,Kanungu
ug,Kanyale
ug,Kanyambalala
ug,Kanyambarara
ug,Kanyamburara
ug,Kanyampara
ug,Kanyamutam
ug,Kanyamwerima
ug,Kanyamwerina
ug,Kanyanabulimanya
ug,Kanyanda
ug,Kanyangana
ug,Kanyansi
ug,Kanyantembe
ug,Kanyarieru
ug,Kanyashogi
ug,Kanyenya
ug,Kanyigiri
ug,Kanyike
ug,Kanyinabulimano
ug,Kanyingabu
ug,Kanyogoga
ug,Kanyogoga
ug,Kanyogoga
ug,Kanyogoga
ug,Kanyogoga
ug,Kanyogoga
ug,Kanyonyi
ug,Kanyonyi
ug,Kanyum
ug,Kanyum
ug,Kanyumu
ug,Kanyumu
ug,Kanzhobe
ug,Kanzira
ug,Kanzize
ug,Kaondwe
ug,Kapala
ug,Kapchoken
ug,Kapchorwa
ug,Kapeeka
ug,Kapeka
ug,Kapelebyong
ug,Kapelimoru
ug,Kapelmoru
ug,Kaperabyong
ug,Kaperu
ug,Kapianga
ug,Kapiri
ug,Kapita
ug,Kapokina
ug,Kaproron
ug,Kapteret
ug,Kaptokoi
ug,Kaptokwoi
ug,Kapujan
ug,Kapyanga
ug,Kapyani
ug,Karagwe
ug,Karamayi
ug,Karambe
ug,Karambi
ug,Karapata
ug,Karenga
ug,Karienda
ug,Karirioningore
ug,Karita
ug,Karogoto
ug,Karongo
ug,Karongo
ug,Karujubu
ug,Karujumba
ug,Karungo
ug,Karungu
ug,Karungu
ug,Karungu
ug,Kasaala
ug,Kasaana
ug,Kasaayi
ug,Kasabwera
ug,Kasagama
ug,Kasaikye
ug,Kasaikye
ug,Kasaka
ug,Kasaka
ug,Kasaka
ug,Kasala
ug,Kasalatapa
ug,Kasali
ug,Kasalizi
ug,Kasalu
ug,Kasambia
ug,Kasambika
ug,Kasambira
ug,Kasambya
ug,Kasambya
ug,Kasambya
ug,Kasambya
ug,Kasambya
ug,Kasambya
ug,Kasambya
ug,Kasana
ug,Kasana
ug,Kasana
ug,Kasana
ug,Kasana
ug,Kasana
ug,Kasanda
ug,Kasanga
ug,Kasangati
ug,Kasangayiye
ug,Kasangombe
ug,Kasanje
ug,Kasanje
ug,Kasanje
ug,Kasari
ug,Kasasa
ug,Kasasa
ug,Kasasa
ug,Kasasira
ug,Kasawo
ug,Kasawo
ug,Kaseeru
ug,Kasejere
ug,Kasenda
ug,Kasenso
ug,Kasenyi
ug,Kasenyi
ug,Kasenyi
ug,Kasenyi
ug,Kasenyi
ug,Kasenyi
ug,Kasenyi
ug,Kasese
ug,Kasese
ug,Kasesero
ug,Kashaka
ug,Kashambya
ug,Kashanda
ug,Kashanda
ug,Kashanda
ug,Kashasha
ug,Kashekye
ug,Kashenyi
ug,Kashenyi
ug,Kashesa
ug,Kashesha
ug,Kasheshe
ug,Kashojo
ug,Kashongi
ug,Kasibuira
ug,Kasilo
ug,Kasimbi
ug,Kasimu
ug,Kasinga
ug,Kasingo
ug,Kasinina
ug,Kasira
ug,Kasiranye
ug,Kasirye
ug,Kasiso
ug,Kasita
ug,Kasiyirize
ug,Kasodo
ug,Kasodo
ug,Kasoga
ug,Kasojo
ug,Kasokero
ug,Kasokero
ug,Kasokoso
ug,Kasokwa
ug,Kasokwe
ug,Kasokwe
ug,Kasolokamponye
ug,Kashasha
ug,Kasolo
ug,Kasolosolo
ug,Kasolwe
ug,Kasonga
ug,Kasonga
ug,Kasongi
ug,Kasongode
ug,Kasowa
ug,Kasozibabengwa
ug,Kasozi
ug,Kasozi
ug,Kasozi
ug,Kasozi
ug,Kasozi
ug,Kasozi
ug,Kasozi
ug,Kasozi
ug,Kasozi
ug,Kassanda
ug,Kasubi
ug,Kasule
ug,Kasuleta
ug,Kasumba
ug,Kasunganyanja
ug,Kasungayiye
ug,Kasusu
ug,Kaswa
ug,Kaswa
ug,Katabanda
ug,Katabi
ug,Katabok
ug,Katagarukwa
ug,Katagurukwa
ug,Katagyengyera
ug,Katakekile
ug,Katakwi
ug,Katale
ug,Katale
ug,Katale
ug,Katambogo
ug,Katambwa
ug,Katamiro
ug,Katangira
ug,Katanjovu
ug,Katanoga
ug,Katara
ug,Katasula
ug,Katatemwa
ug,Katates
ug,Katebe
ug,Katebe
ug,Katebe
ug,Katebo
ug,Katego
ug,Katekwana
ug,Katele
ug,Katelema
ug,Katemba
ug,Katende
ug,Katenga
ug,Kateng
ug,Katenie
ug,Katente
ug,Katente
ug,Katente
ug,Kateragoto
ug,Katera
ug,Katera
ug,Katereke
ug,Katerema
ug,Kateta
ug,Kateta
ug,Katete
ug,Katete
ug,Katete
ug,Katiba
ug,Katikamu
ug,Katikamu
ug,Kati
ug,Katikekile
ug,Katik
ug,Katiko
ug,Katikwan
ug,Katimba
ug,Katine
ug,Katine
ug,Katinge
ug,Katini
ug,Katinyondo
ug,Katirio
ug,Katiriyo
ug,Katisizo
ug,Katiti
ug,Katobi
ug,Katobo
ug,Katoio
ug,Katojo
ug,Katojo
ug,Katoka
ug,Katoke
ug,Katoke
ug,Katoke
ug,Katola
ug,Katoliti
ug,Katoma
ug,Katoma
ug,Katoma
ug,Katoma
ug,Katoma
ug,Katongero
ug,Katop
ug,Katosi
ug,Katovu
ug,Katozho
ug,Katozho
ug,Katrini
ug,Katuba
ug,Katugo
ug,Katugo
ug,Katugo
ug,Katuke
ug,Katuku
ug,Katulikire
ug,Katulu
ug,Katungu
ug,Katungu
ug,Katungulu
ug,Katunguru
ug,Katunta
ug,Katuso
ug,Katuturi
ug,Katwe
ug,Katwe
ug,Katwe
ug,Kaukula
ug,Kaula
ug,Kaule
ug,Kauna
ug,Kaunde
ug,Kaungwe
ug,Kavugazo
ug,Kavugyizo
ug,Kavule
ug,Kavule
ug,Kavule
ug,Kavulo
ug,Kawaguzi
ug,Kawagwere
ug,Kawalira
ug,Kawanda
ug,Kawanda
ug,Kawanda
ug,Kawanga
ug,Kawanga
ug,Kawango
ug,Kawempe
ug,Kaweri
ug,Kawete
ug,Kaweweta
ug,Kawezike
ug,Kawini
ug,Kawinyi
ug,Kawojwa
ug,Kawoko
ug,Kawoko
ug,Kawolongoja
ug,Kawolongojo
ug,Kawu
ug,Kawukura
ug,Kawula
ug,Kawula
ug,Kawule
ug,Kawumu
ug,Kawungera
ug,Kayaga
ug,Kaya
ug,Kayango
ug,Kayanja
ug,Kayanja
ug,Kayanja
ug,Kayanta
ug,Kayebe
ug,Kayenje
ug,Kayera
ug,Kayera
ug,Kayina
ug,Kayini
ug,Kayolo
ug,Kayonga
ug,Kayonza
ug,Kayonza
ug,Kayonza
ug,Kayonza
ug,Kayonza
ug,Kayoro
ug,Kayoro
ug,Kayugi
ug,Kayunga
ug,Kayunga
ug,Kayunga
ug,Kayungu
ug,Kazi
ug,Kazi
ug,Kazinga
ug,Kazinga
ug,Kazinga
ug,Kazinga
ug,Kazinga
ug,Kazingo
ug,Kaziru
ug,Kazo
ug,Kazwama
ug,Kebisoni
ug,Keigosora
ug,Keihangara
ug,Kekale
ug,Kelak
ug,Kele
ug,Kelim
ug,Kelle
ug,Kem
ug,Kengera
ug,Keni
ug,Kenkebu
ug,Kenombero
ug,Kenshunga
ug,Kenyaia
ug,Kenyonyi
ug,Kereku
ug,Ketemba
ug,Khabutale
ug,Khabutola
ug,Khasyule
ug,Kiabahamba
ug,Kiakapere
ug,Kiana
ug,Kiani
ug,Kibale
ug,Kibale
ug,Kibale
ug,Kibale
ug,Kibale
ug,Kibale
ug,Kibale
ug,Kibale
ug,Kibamba
ug,Kibamba
ug,Kibambura
ug,Kibanda
ug,Kibanda
ug,Kibanga
ug,Kibanga
ug,Kibanga
ug,Kibanga Port
ug,Kibangya
ug,Kibangya
ug,Kibanyi
ug,Kibanyi
ug,Kibasi
ug,Kibbe
ug,Kibede
ug,Kibega
ug,Kibeja
ug,Kibengo
ug,Kibeto
ug,Kibibi
ug,Kibiito
ug,Kibimba
ug,Kibimba
ug,Kibindu
ug,Kibinga
ug,Kibingo
ug,Kibingo
ug,Kibiro
ug,Kibisi
ug,Kiboga
ug,Kiboga
ug,Kibojana
ug,Kibona
ug,Kibona
ug,Kibonwa
ug,Kibosi
ug,Kiboyo
ug,Kiboyo
ug,Kibubula
ug,Kibugenda
ug,Kibugo
ug,Kibuje
ug,Kibuji
ug,Kibuku
ug,Kibula
ug,Kibungo
ug,Kiburasaho
ug,Kibutamu
ug,Kibuto
ug,Kibuye
ug,Kibuye
ug,Kibuye
ug,Kibwa
ug,Kibwera
ug,Kibwiza
ug,Kichandi
ug,Kicheche
ug,Kichema
ug,Kichuchu
ug,Kichunda
ug,Kichwabugingo
ug,Kichwabugingo
ug,Kichwamba
ug,Kichwamba
ug,Kicwamba
ug,Kidada
ug,Kidda
ug,Kide
ug,Kidera
ug,Kidera
ug,Kidi Abuni
ug,Kidibya
ug,Kidilande
ug,Kidoko
ug,Kidola
ug,Kidoma
ug,Kidongole
ug,Kidugali
ug,Kidukulu
ug,Kidukulu
ug,Kiduru
ug,Kidwera
ug,Kifamba
ug,Kifunfugu
ug,Kifuyo
ug,Kigaga
ug,Kigalama
ug,Kigalama
ug,Kigalambi
ug,Kiganda
ug,Kiganda
ug,Kiganwa
ug,Kigaragara
ug,Kigarama
ug,Kigarama
ug,Kigarama
ug,Kigarama
ug,Kigasa
ug,Kigata
ug,Kigege
ug,Kige
ug,Kigembo
ug,Kigemere
ug,Kigenda
ug,Kigengere
ug,Kigezi
ug,Kiggi
ug,Kigimbi
ug,Kigiro
ug,Kigobagobe
ug,Kigogola
ug,Kigo
ug,Kigoma
ug,Kigomba
ug,Kigomero
ug,Kigondo
ug,Kigorobya
ug,Kigoto
ug,Kigowa
ug,Kigoya
ug,Kigugu
ug,Kigugu
ug,Kigugu
ug,Kigujula
ug,Kiguli
ug,Kiguli
ug,Kigulu
ug,Kiguma
ug,Kigumba
ug,Kigumba
ug,Kigumu
ug,Kigunda
ug,Kigunga
ug,Kigunga
ug,Kigungu
ug,Kiguza
ug,Kigwabya
ug,Kigwanya
ug,Kigwera
ug,Kigweri
ug,Kigweri
ug,Kigweri
ug,Kigwisa
ug,Kihanga
ug,Kihihi
ug,Kihi
ug,Kihoko
ug,Kihonzi
ug,Kihuha
ug,Kihura
ug,Kijaguro
ug,Kijaguza
ug,Kijaguzo
ug,Kijaguzo
ug,Kijaguzo
ug,Kijaka
ug,Kijako
ug,Kijangi
ug,Kijegere
ug,Kijiko
ug,Kijogojo
ug,Kijojomi
ug,Kijo
ug,Kijomoro
ug,Kijonjo
ug,Kijonjo
ug,Kijoro
ug,Kijujubere
ug,Kijumazi
ug,Kijumba
ug,Kijumba
ug,Kijumbi
ug,Kijunjubwa
ug,Kijura
ug,Kijwa
ug,Kijwara
ug,Kijwenge
ug,Kikagati
ug,Kikaja
ug,Kikakanya
ug,Kikalala
ug,Kikalala
ug,Kikamulo
ug,Kikandwa
ug,Kikandwa
ug,Kikandwa
ug,Kikangala
ug,Kikarara
ug,Kikendede
ug,Kikenene
ug,Kikoba
ug,Kikoboza
ug,Kikobwa
ug,Kikoge
ug,Kiko
ug,Kiko
ug,Kikoloto
ug,Kikoma
ug,Kikoma
ug,Kikoma
ug,Kikoma
ug,Kikoma
ug,Kikonda
ug,Kikondo
ug,Kikondo
ug,Kikonge
ug,Kikonge
ug,Kikonge
ug,Kikonge
ug,Kikongi
ug,Kikongoro
ug,Kikonoka
ug,Kikoroba
ug,Kikorongo
ug,Kikota
ug,Kikoyera
ug,Kikoyero
ug,Kikubampanga
ug,Kikubampanga
ug,Kikubanimba
ug,Kikube
ug,Kikube
ug,Kikube
ug,Kikubi
ug,Kikubi
ug,Kikukula
ug,Kikulula
ug,Kikumbya
ug,Kikungiri
ug,Kikungulu
ug,Kikungwe
ug,Kikunyu
ug,Kikusa
ug,Kikuta
ug,Kikuta
ug,Kikuto
ug,Kikwanya
ug,Kikwatambogo
ug,Kilak
ug,Kilak
ug,Kilanga
ug,Kileku
ug,Kilembe
ug,Kilembwe
ug,Kiligombe
ug,Kilinda
ug,Kilinya
ug,Kiluli
ug,Kilwamazi
ug,Kilyanongo
ug,Kilyokya
ug,Kimaga
ug,Kimaka
ug,Kimanto
ug,Kimanyedde
ug,Kimbaya
ug,Kimbeja
ug,Kimenga
ug,Kimengo
ug,Kimera
ug,Kimina
ug,Kimira
ug,Kimiru
ug,Kimole
ug,Kimoli
ug,Kimuli
ug,Kimuli
ug,Kinaga
ug,Kinaitakali
ug,Kinaku
ug,Kinambogo
ug,Kinanga
ug,Kinanira
ug,Kinena
ug,Kinkizi
ug,Kinogola
ug,Kinogozi
ug,Kinomo
ug,Kinoni
ug,Kinoni
ug,Kinoni
ug,Kinoni
ug,Kinoni
ug,Kinte
ug,Kinu
ug,Kinunka
ug,Kinwante
ug,Kinyabuddu
ug,Kinyabu
ug,Kinyala
ug,Kinyamatozho
ug,Kinyanga
ug,Kinyankende
ug,Kinyankendi
ug,Kinyantale
ug,Kinyara
ug,Kinyara
ug,Kinyasano
ug,Kinyemi
ug,Kinyogoga
ug,Kinyomozi
ug,Kipayo
ug,Kiraboha
ug,Kirabohwa
ug,Kiraka
ug,Kira
ug,Kira
ug,Kirama
ug,Kiramata
ug,Kiranga
ug,Kiranga
ug,Kirasa
ug,Kirawula
ug,Kireba
ug,Kireka
ug,Kireka
ug,Kireku
ug,Kirenga
ug,Kirewa
ug,Kirewe
ug,Kiriango
ug,Kirigombe
ug,Kirika
ug,Kiriki
ug,Kirila
ug,Kirima
ug,Kirimantogo
ug,Kirimia
ug,Kirimwa
ug,Kiringente
ug,Kiringo
ug,Kirinya
ug,Kiriolo
ug,Kirirema
ug,Kiriri
ug,Kiriyantama
ug,Kirolo
ug,Kirongo
ug,Kirongoro
ug,Kiroro
ug,Kirudu
ug,Kiruhura
ug,Kiru
ug,Kiruko
ug,Kiruli
ug,Kiruli
ug,Kirumba
ug,Kirumba
ug,Kirumi
ug,Kiruna
ug,Kirunda
ug,Kiruwa
ug,Kirwara
ug,Kirwaya
ug,Kiryamuli
ug,Kiryandongo
ug,Kiryandongo
ug,Kiryanga
ug,Kiryanga
ug,Kiryanjaji
ug,Kiryansa
ug,Kiryantama
ug,Kiryola
ug,Kiryowa
ug,Kisaasi
ug,Kisabwa
ug,Kisagala
ug,Kisagazi
ug,Kisaka
ug,Kisalabude
ug,Kisala
ug,Kisalama
ug,Kisalizi
ug,Kisalizi
ug,Kisalizi
ug,Kisamba
ug,Kisamba
ug,Kisamula
ug,Kisana
ug,Kisansya
ug,Kisanyi
ug,Kisarizi
ug,Kisaru
ug,Kisasi
ug,Kisawo
ug,Kisega
ug,Kiseitaka
ug,Kiseke
ug,Kisela
ug,Kisele
ug,Kisembwa
ug,Kisendwe
ug,Kisengwe
ug,Kisenyi
ug,Kisenyi
ug,Kishanzhe
ug,Kisiabi
ug,Kisigala
ug,Kisigazi
ug,Kisiki
ug,Kisimbiri
ug,Kisimoro
ug,Kisimula
ug,Kisinda
ug,Kisindye
ug,Kisiro
ug,Kisitala
ug,Kisizi
ug,Kisoga
ug,Kisoga
ug,Kisogo
ug,Kisojjo
ug,Kisojo
ug,Kisojo
ug,Kiso
ug,Kisoko
ug,Kisolo
ug,Kisoloza
ug,Kisomole
ug,Kisomoro
ug,Kisoro
ug,Kisote
ug,Kisozi
ug,Kisozi
ug,Kisozi
ug,Kisozi
ug,Kisozo
ug,Kisuba
ug,Kisubi
ug,Kisubi
ug,Kisubi
ug,Kisuga
ug,Kisu
ug,Kisuna
ug,Kisunga
ug,Kisuura
ug,Kiswa
ug,Kisweka
ug,Kiswera
ug,Kiswera
ug,Kiswere
ug,Kisya
ug,Kitabanyaga
ug,Kitabazi
ug,Kitagata
ug,Kitahulira
ug,Kitakomaga
ug,Kitala
ug,Kitaleba
ug,Kitamba
ug,Kitamiro
ug,Kitana
ug,Kitanda
ug,Kitanga
ug,Kitantalo
ug,Kitatya
ug,Kitavuja
ug,Kitawa
ug,Kitawemba
ug,Kitayunjwa
ug,Kitebe
ug,Kitebera
ug,Kiteezi
ug,Kitega
ug,Kitego
ug,Kitegwa
ug,Kitehe
ug,Kitela
ug,Kitemba
ug,Kitemba
ug,Kitembe
ug,Kitembo
ug,Kiteme
ug,Kiteme
ug,Kitemi
ug,Kitemu
ug,Kitemura
ug,Kitemuzi
ug,Kitende
ug,Kitenga
ug,Kiteng
ug,Kiten
ug,Kitera
ug,Kiteredde
ug,Kiterede
ug,Kiterera
ug,Kitezi
ug,Kitgum
ug,Kitgum Matidi
ug,Kitgumo
ug,Kitibya
ug,Kiti
ug,Kitoba
ug,Kitodha
ug,Kitogo
ug,Kitoja
ug,Kitojo
ug,Kitoke
ug,Kito
ug,Kito
ug,Kitoko
ug,Kitokolo
ug,Kitoma
ug,Kitoma
ug,Kitoma
ug,Kitongo
ug,Kitongore
ug,Kitontogolo
ug,Kitoto
ug,Kitovu
ug,Kitovu
ug,Kitovu
ug,Kitovu
ug,Kitozho
ug,Kitozho
ug,Kitshwamba
ug,Kitubulu
ug,Kitukiro
ug,Kituku
ug,Kitukutwe
ug,Kitumba
ug,Kitumba
ug,Kitumba
ug,Kitumba
ug,Kitumbezi
ug,Kituna
ug,Kitungwa
ug,Kitunku
ug,Kituntu
ug,Kituyo
ug,Kitwe
ug,Kitwe
ug,Kitwe
ug,Kityerera
ug,Kiulumba
ug,Kiumu
ug,Kiuna
ug,Kivanja
ug,Kivule
ug,Kiwaguzi
ug,Kiwala
ug,Kiwala
ug,Kiwalazi
ug,Kiwami
ug,Kiwanda
ug,Kiwanyi
ug,Kiwawu
ug,Kiwembi
ug,Kiwenda
ug,Kiwesa
ug,Kiwiza
ug,Kiwoga
ug,Kiwoko
ug,Kiwondogoto
ug,Kiwongoire
ug,Kiwula
ug,Kiwumala
ug,Kiwumu
ug,Kiwumula
ug,Kiwumulo
ug,Kiwumulo
ug,Kiwumulo
ug,Kiwumulo
ug,Kiwuniulo
ug,Kiwura
ug,Kiyaga
ug,Kiyange
ug,Kiyanja
ug,Kiyayula
ug,Kiyonga
ug,Kiyotosi
ug,Kiyumbakimu
ug,Kiyunga
ug,Kiyunga
ug,Kiyuni
ug,Kiyuni
ug,Kiyuya
ug,Kiyuyu
ug,Kiziba
ug,Kiziba
ug,Kiziba
ug,Kiziba
ug,Kiziba
ug,Kiziba
ug,Kizibu
ug,Kizigo
ug,Kizigo
ug,Kiziko
ug,Kizima
ug,Kizimugulu
ug,Kizinga
ug,Kizira
ug,Kiziranfambi
ug,Kiziranfumbi
ug,Kizito
ug,Kizuba
ug,Koa
ug,Koba
ug,Koboi
ug,Koboko
ug,Kobukongori
ug,Kobuku
ug,Kobwin
ug,Kochang
ug,Kochawinga
ug,Kochoge
ug,Kochokyo
ug,Koc
ug,Kodomu
ug,Koich
ug,Koka
ug,Kokeris
ug,Koko
ug,Kokolya
ug,Kokong
ug,Kokorio
ug,Kokotero
ug,Kokotu
ug,Kokumongole
ug,Kokwa
ug,Kolimai
ug,Kolimeri
ug,Koliri
ug,Kololo
ug,Koloser
ug,Koluba
ug,Kolyo
ug,Komi
ug,Komolo
ug,Komorang
ug,Komorok
ug,Konga
ug,Kongole
ug,Kongota
ug,Kopelo
ug,Kopungure
ug,Kopure
ug,Koputh
ug,Korengi
ug,Koreng
ug,Koro
ug,Koro
ug,Koroto
ug,Koryamo
ug,Kosh
ug,Kosoko
ug,Kosopotoit
ug,Kosti
ug,Kotabok
ug,Kotagas
ug,Kothoniok
ug,Kotido
ug,Kotiokot
ug,Kotiokoto
ug,Kotoba
ug,Kotulel
ug,Koya
ug,Koyi
ug,Kubala
ug,Kuchwiny
ug,Kude
ug,Kufu
ug,Kuju
ug,Kula
ug,Kulambiro
ug,Kulekule
ug,Kuluba
ug,Kulu
ug,Kuluva
ug,Kuluva Leper Settlement
ug,Kumba
ug,Kumi
ug,Kungo
ug,Kungu
ug,Kungu
ug,Kunguru
ug,Kuniro
ug,Kunswa
ug,Kutolo
ug,Kwaba
ug,Kwapa
ug,Kwata
ug,Kwatampola
ug,Kwera
ug,Kwera
ug,Kwibale
ug,Kwibale
ug,Kyabadazza
ug,Kyabagamba
ug,Kyabaganga
ug,Kyabagoye
ug,Kyabajonjo
ug,Kyabakaire
ug,Kyabakiri
ug,Kyabakuza
ug,Kyabaniamu
ug,Kyabanyoro
ug,Kyabasaja
ug,Kyabasajja
ug,Kyabasala
ug,Kyabasegu
ug,Kyabasita
ug,Kyabaune
ug,Kyabayanja
ug,Kyabazala
ug,Kyabeya
ug,Kyabigambire
ug,Kyabikere
ug,Kyabi
ug,Kyabinunga
ug,Kyabiri
ug,Kyabiyi
ug,Kyabojonjo
ug,Kyabona
ug,Kyabutaika
ug,Kyabuzigye
ug,Kyabweme
ug,Kyadobo
ug,Kyagazhu
ug,Kyaisimba
ug,Kyajinja
ug,Kyajongo
ug,Kyajubira
ug,Kyajunja
ug,Kyakabanda
ug,Kyakabaseke
ug,Kyakabira
ug,Kyakabunga
ug,Kyakachumu
ug,Kyakagongo
ug,Kyakajaba
ug,Kyakaja
ug,Kyakajanja
ug,Kyakajoba
ug,Kyakala
ug,Kyakalenzi
ug,Kyakasuku
ug,Kyakatebe
ug,Kyakatebe
ug,Kyakatuma
ug,Kyakidu
ug,Kyalubanga
ug,Kyalubanga
ug,Kyalugaba
ug,Kyalugabe
ug,Kyalugala
ug,Kyalugunju
ug,Kyalusowe
ug,Kyaluweza
ug,Kyamagoma
ug,Kyamahungu
ug,Kyamasansa
ug,Kyamatende
ug,Kyamayigale
ug,Kyambala
ug,Kyambaya
ug,Kyambobo
ug,Kyambogo
ug,Kyambogo
ug,Kyambogo
ug,Kyambogo
ug,Kyambogo
ug,Kyambogo
ug,Kyamiyingo
ug,Kyampise
ug,Kyampisi
ug,Kyampisi
ug,Kyampisi
ug,Kyampisi
ug,Kyampisi
ug,Kyampitsi
ug,Kyampoza
ug,Kyampuga
ug,Kyamuchope
ug,Kyamugabo
ug,Kyamugambanenda
ug,Kyamugenywa
ug,Kyamuhunga
ug,Kyamujumi
ug,Kyamukama
ug,Kyamukangara
ug,Kyamukonda
ug,Kyamulasa
ug,Kyamulibwa
ug,Kyamumali
ug,Kyamungabi
ug,Kyamungu
ug,Kyamusisi
ug,Kyamuswa
ug,Kyamutakasa
ug,Kyamutendo
ug,Kyamuyisa
ug,Kyanamugera
ug,Kyanamukaka
ug,Kyanamu
ug,Kyanamuwanga
ug,Kyanasoke
ug,Kyandalo
ug,Kyandyaga
ug,Kyanfuba
ug,Kyangabukama
ug,Kyangamwoyo
ug,Kyangumbwoyo
ug,Kyangwali
ug,Kyangwe
ug,Kyanika
ug,Kyanika
ug,Kyanja
ug,Kyanjali
ug,Kyanjojo
ug,Kyankoko
ug,Kyankole
ug,Kyankonoki
ug,Kyankonyo
ug,Kyankumba
ug,Kyansande
ug,Kyansi
ug,Kyantale
ug,Kyantama
ug,Kyanuna
ug,Kyanvubu
ug,Kyanya
ug,Kyanya
ug,Kyanyamwanga
ug,Kyanyaruhango
ug,Kyanyunja
ug,Kyaruhuga
ug,Kyaruhunga
ug,Kyarumba
ug,Kyarupasi
ug,Kyarusozi
ug,Kyasampawu
ug,Kyasenya
ug,Kyashemeire
ug,Kyatale
ug,Kyataruga
ug,Kyatarugo
ug,Kyatoko
ug,Kyato
ug,Kyato
ug,Kyavi
ug,Kyawole
ug,Kyawolo
ug,Kyazanga
ug,Kyaziza
ug,Kyebando
ug,Kyebando
ug,Kyebando
ug,Kyebando
ug,Kyebe
ug,Kyeb
ug,Kyebwera
ug,Kyeganywa
ug,Kyegegwa
ug,Kyegerekum
ug,Kyegonza
ug,Kyehinde
ug,Kyehunda
ug,Kyeibuza
ug,Kyeikuchu
ug,Kyeingira
ug,Kyeizhanga
ug,Kyeizhogombe
ug,Kyeizoba
ug,Kyeizobo
ug,Kyekumbya
ug,Kyelele
ug,Kyelima
ug,Kyelim
ug,Kyema
ug,Kyembadzi
ug,Kyembazzi
ug,Kyembugu
ug,Kyemeire
ug,Kyempisi
ug,Kyempitsi
ug,Kyenalugonjo
ug,Kyengeza
ug,Kyengeza
ug,Kyengeza
ug,Kyenjojo
ug,Kyenkobe
ug,Kyenkuku
ug,Kyensongaza
ug,Kyere
ug,Kyerima
ug,Kyerima
ug,Kyerim
ug,Kyerumye
ug,Kyesero
ug,Kyesimbi
ug,Kyesimira
ug,Kyesoweri
ug,Kyetume
ug,Kyetume
ug,Kyetume
ug,Kyetume
ug,Kyetw
ug,Kyezimbire
ug,Kyezioba
ug,Kyibega
ug,Kyihiro
ug,Kyobugombe
ug,Kyogo
ug,Kyojomanyi
ug,Kyoko
ug,Kyombya
ug,Kyondo
ug,Kyonjojo
ug,Kyonyo
ug,Kyonyo
ug,Kyosoweri
ug,Kyotera
ug,Kyotomanyi
ug,Kyungu
ug,Laboli
ug,Labongo
ug,Labori
ug,Ladonga
ug,Ladoto
ug,Lagute
ug,Laguti
ug,Lalachat
ug,Lale
ug,Lale
ug,Lale
ug,Lamila
ug,Laminabili
ug,Laminabil
ug,Lamogi
ug,Langi
ug,Laropi
ug,Lasachi
ug,Laufori
ug,Lazebu
ug,Leju
ug,Lewa
ug,Lima
ug,Lira
ug,Lira Palwo
ug,Lire
ug,Liri
ug,Liwa
ug,Lobe
ug,Lobule
ug,Lobul
ug,Lobuneit
ug,Lobuneyt
ug,Lochi
ug,Lodapal
ug,Lodonga
ug,Lodukan
ug,Lofumvwe
ug,Logeri
ug,Logiri
ug,Loini
ug,Loitanit
ug,Lokales
ug,Lokichar
ug,Loki
ug,Lokiporangatome
ug,Lokiragodo
ug,Lokitete
ug,Lokoma
ug,Lokopo
ug,Lokudet
ug,Lokung
ug,Lokwagippi
ug,Lokwakipi
ug,Lolachat
ug,Lolelia
ug,Lolim
ug,Lolito
ug,Lomaler
ug,Lomei
ug,Lomerimong
ug,Lomoruarei
ug,Lomukura
ug,Lomunga
ug,Longira
ug,Loolung
ug,Lopei
ug,Loporococho
ug,Loporokocho
ug,Lorengedwat
ug,Loreta
ug,Lorengidwat
ug,Lori
ug,Loro
ug,Loro
ug,Lothaa
ug,Lothagam
ug,Lothar
ug,Lotithan
ug,Lotome
ug,Lototuru
ug,Lotuturu
ug,Loyoro
ug,Lubaba
ug,Lubaba
ug,Lubaja
ug,Lubale
ug,Lubale
ug,Lubale
ug,Lubale
ug,Lubanda
ug,Lubanga
ug,Lubanja
ug,Lubanyi
ug,Lubanyi
ug,Lubaya
ug,Lubingo
ug,Lubira
ug,Lubira
ug,Lubira
ug,Lubirizi
ug,Lubumba
ug,Lubumba
ug,Lubumba
ug,Luchumu
ug,Ludara
ug,Luferri
ug,Lugaaga
ug,Lugaga
ug,Lugala
ug,Lugala
ug,Lugala
ug,Lugala
ug,Lugala
ug,Lugala
ug,Lugalama
ug,Lugalama
ug,Lugalambo
ug,Luga
ug,Lugando
ug,Lugando
ug,Luganzi
ug,Lugarama
ug,Lugazi
ug,Lugazi
ug,Lugazi
ug,Lugazi
ug,Lugazi
ug,Lugbari
ug,Lugologolo
ug,Lugolole
ug,Lugo
ug,Lugombe
ug,Lugongo
ug,Lugonjo
ug,Lugusulu
ug,Lugusulu
ug,Luguzi
ug,Lugyo
ug,Luhiza
ug,Luhizha
ug,Luhunga
ug,Lukaka
ug,Lukale
ug,Lukalu
ug,Lukaya
ug,Lukaya
ug,Lukerere
ug,Lukhonge
ug,Lukiri
ug,Lukiri
ug,Lukoge
ug,Lukolo
ug,Lukoma
ug,Lukoma
ug,Lukondo
ug,Lukondo
ug,Lukone
ug,Lukonge
ug,Lukoni
ug,Lukono
ug,Lukotaime
ug,Lukukulu
ug,Lukulavu
ug,Lukuma
ug,Lukumbi
ug,Lukumbi
ug,Lukungu
ug,Lukunyu
ug,Lukwemigo
ug,Lukyamu
ug,Lulangala
ug,Luleka
ug,Lule
ug,Lulenge
ug,Lulira
ug,Lulongo
ug,Luma
ug,Lumanyo
ug,Lumino
ug,Lumoto
ug,Lumuli
ug,Lunga
ug,Lunya
ug,Lunyo
ug,Lunyolya
ug,Lurujo
ug,Luruno
ug,Lusaka
ug,Lusalira
ug,Lusango
ug,Lusenke
ug,Lusenke
ug,Lusese
ug,Lusisi
ug,Lusiti
ug,Lutale
ug,Lutengo
ug,Lutengo
ug,Lutete
ug,Lutete
ug,Lutobo
ug,Lutoma
ug,Lutoma
ug,Lutoma
ug,Lutoma
ug,Lutoma
ug,Lutoto
ug,Lutumba
ug,Lutunku
ug,Lututuru
ug,Luunga
ug,Luunga
ug,Luwala
ug,Luwala
ug,Luwami
ug,Luwanga
ug,Luwanga
ug,Luwero
ug,Luwoko
ug,Luwube
ug,Luwunga
ug,Luwunga
ug,Luwunga
ug,Luya
ug,Luyanzi
ug,Luyira
ug,Luzinga
ug,Luzira
ug,Lwabagabo
ug,Lwabakeya
ug,Lwabijubwa
ug,Lwabiyata
ug,Lwaboba
ug,Lwaboba
ug,Lwabola
ug,Lwabyata
ug,Lwagulwe
ug,Lwakaka
ug,Lwakanogo
ug,Lwakhakha
ug,Lwakoke
ug,Lwakyomba
ug,Lwala
ug,Lwala
ug,Lwala
ug,Lwamabala
ug,Lwamachunda
ug,Lwamagwa
ug,Lwamangu
ug,Lwamanyonyi
ug,Lwamanyonyi
ug,Lwamata
ug,Lwamatama
ug,Lwamatovu
ug,Lwamaungu
ug,Lwamawungu
ug,Lwamba
ug,Lwamba
ug,Lwamboga
ug,Lwambogo
ug,Lwambogo
ug,Lwampalala
ug,Lwampanga
ug,Lwamsinga
ug,Lwamugolode
ug,Lwamvubu
ug,Lwamwende
ug,Lwanama
ug,Lwanga
ug,Lwanda
ug,Lwanga
ug,Lwangosia
ug,Lwanika
ug,Lwanjuki
ug,Lwankoli
ug,Lwankonge
ug,Lwankoni
ug,Lwannunda
ug,Lwansasi
ug,Lwantale
ug,Lwantobo
ug,Lwanyonyi
ug,Lwanzoji
ug,Lwasamaire
ug,Lwasamarie
ug,Lwatama
ug,Lwaweba
ug,Lwebali
ug,Lwebigoye
ug,Lwebikere
ug,Lwebisya
ug,Lwelu
ug,Lwemikoma
ug,Lwemivubo
ug,Lwemiyaga
ug,Lwemizimu
ug,Lwemo
ug,Lwempuno
ug,Lwemukoma
ug,Lwengo
ug,Lwengo
ug,Lwenkanaga
ug,Lwenkanja
ug,Lwenshanku
ug,Lwensinga
ug,Lwensunga
ug,Lwentale
ug,Lwentenga
ug,Lwentobo
ug,Lwentondo
ug,Lwerai
ug,Lweshe
ug,Lwetama
ug,Lwezo
ug,Lwogelo
ug,Lwotoma
ug,Lyakajula
ug,Lyakiremba
ug,Lyamachunda
ug,Lyamutundwe
ug,Lyangaha
ug,Lyangha
ug,Lyangoma
ug,Lyangoma
ug,Lyantonde
ug,Lyezere
ug,Maanyi
ug,Mabale
ug,Mabale
ug,Mabale
ug,Mabanga
ug,Mabare
ug,Mabare
ug,Mabindi
ug,Mabindo
ug,Mabindo
ug,Mabira
ug,Mabira
ug,Mabira
ug,Mabirizi
ug,Mabona
ug,Mabuye
ug,Machobi
ug,Machodi
ug,Machowango
ug,Machumu
ug,Madda
ug,Maddu
ug,Madibira
ug,Madi Opei
ug,Madudu
ug,Madudu
ug,Madu
ug,Maduma
ug,Madwa
ug,Mafubira
ug,Mafuga
ug,Magabbi
ug,Magabi
ug,Magada
ug,Magada
ug,Magala
ug,Magala
ug,Magalama
ug,Magale
ug,Magamaga
ug,Magara
ug,Magege
ug,Magenya
ug,Magigye
ug,Magera
ug,Magiri
ug,Magoggo
ug,Magogo
ug,Magola
ug,Magola
ug,Magola
ug,Magoma
ug,Magonga
ug,Magoro
ug,Magosi
ug,Magunga
ug,Magwa
ug,Magwa
ug,Magya
ug,Magyo
ug,Mahagi Port
ug,Mahala
ug,Mahangwe
ug,Mahega
ug,Mahondo
ug,Mahyoro
ug,Maigwe
ug,Mailye
ug,Mainze
ug,Mairikiti
ug,Mairye
ug,Maiyuge
ug,Majanji
ug,Majeru
ug,Makando
ug,Makerere
ug,Makina
ug,Makindu
ug,Makindye
ug,Makiro
ug,Makoba
ug,Makole
ug,Mako
ug,Makoma
ug,Makomi
ug,Makondo
ug,Makondo
ug,Makonge
ug,Makonzi
ug,Makonzi
ug,Makota
ug,Makukulu
ug,Makukulu
ug,Makukulu
ug,Makulubita
ug,Makurubita
ug,Makutu
ug,Malamagambo
ug,Malangala
ug,Malembo
ug,Malera
ug,Maliba
ug,Malima
ug,Maliri
ug,Maliye
ug,Malombe
ug,Malongo
ug,Malongwe
ug,Malugulya
ug,Mamba
ug,Mambugu
ug,Mamirimi
ug,Mamunye
ug,Mamuyoga
ug,Mangaliba
ug,Mango
ug,Mankamba
ug,Manyama
ug,Manya
ug,Manyami
ug,Manyi
ug,Manywa
ug,Maraca
ug,Maracha
ug,Margherita
ug,Maroto
ug,Maruki
ug,Masaba
ug,Masaba
ug,Masafu
ug,Masajja
ug,Masaka
ug,Masaka
ug,Masaka
ug,Masaka
ug,Maseke
ug,Maseruka
ug,Maseruku
ug,Masese
ug,Masheruka
ug,Masinai
ug,Masindi
ug,Masindi Port
ug,Masinga
ug,Masita
ug,Masode
ug,Masooli
ug,Masuka
ug,Masuna
ug,Mataka
ug,Matakojo
ug,Matale
ug,Matale
ug,Matale
ug,Mate
ug,Matembe
ug,Matete
ug,Matiri
ug,Matovu
ug,Matuga
ug,Matugo
ug,Matuwa
ug,Maule
ug,Mauma
ug,Maundo
ug,Mavubwe
ug,Mavura
ug,Mawanda
ug,Mawanga
ug,Mawanga
ug,Mawero
ug,Mawoito
ug,Mawoto
ug,Mawungwe
ug,Mayangayanga
ug,Mayanja
ug,Mayenze
ug,Mayuge
ug,Mayugi
ug,Maziba
ug,Mazigo
ug,Mazimasa
ug,Mbagani
ug,Mbaja
ug,Mbalala
ug,Mbale
ug,Mbale
ug,Mbale
ug,Mbale
ug,Mbali
ug,Mbalye
ug,Mbaraka
ug,Mbarara
ug,Mbaro
ug,Mbika
ug,Mbirabira
ug,Mbiridzi
ug,Mbirizi
ug,Mbirizi
ug,Mboera
ug,Mbogwe
ug,Mbulakati
ug,Mbula
ug,Mbula
ug,Mbulamuti
ug,Mbulamuti
ug,Mbulemuti
ug,Mbute
ug,Mbuya
ug,Mbuya
ug,Media
ug,Mela
ug,Memere
ug,Mengo
ug,Mengo
ug,Merama
ug,Mera
ug,Meri
ug,Meru
ug,Merumeru
ug,Metuli
ug,Metu
ug,Michu
ug,Micu
ug,Midia
ug,Midigo
ug,Miduma
ug,Migade
ug,Migera
ug,Migingye
ug,Miginye
ug,Mikyerere
ug,Milia
ug,Milimili
ug,Milimil
ug,Milondo
ug,Minakulu
ug,Mindi
ug,Mingoro
ug,Minyinya
ug,Mirambi
ug,Mirambi
ug,Mirambi
ug,Mirebi
ug,Mirembe
ug,Mirembe
ug,Mirije
ug,Miroi
ug,Mirongo
ug,Mirongo
ug,Mirugwe
ug,Mirya
ug,Misanga
ug,Misanvu
ug,Misebe
ug,Misenyi
ug,Misigi
ug,Misindye
ug,Misinga
ug,Misozi
ug,Misulangoma
ug,Mitala Maria
ug,Mitandi
ug,Mite
ug,Miti
ug,Mitiyana
ug,Mitiyomere
ug,Mitoma
ug,Mitoma
ug,Mitwebiri
ug,Mityana
ug,Mityebili
ug,Mizindalo
ug,Mizinda
ug,Mjanji
ug,Mkongoro
ug,Mocha
ug,Mogosi
ug,Mohokya
ug,Moicha
ug,Moliring
ug,Molitar
ug,Molo
ug,Molotok
ug,Momeri
ug,Mongiro
ug,Moniko
ug,Moni
ug,Morkisuwa
ug,Moroto
ug,Moruita
ug,Morulem
ug,Morunera
ug,Morungaro
ug,Morungatuny
ug,Morungatuny
ug,Morungatwing
ug,Morungole
ug,Morunyang
ug,Motoi
ug,Moya
ug,Moya
ug,Moyiga
ug,Moyo
ug,Mpabye
ug,Mpalo
ug,Mpama
ug,Mpama
ug,Mpambire
ug,Mpambwa
ug,Mpami
ug,Mpangala
ug,Mpanga
ug,Mpanga
ug,Mpanga
ug,Mpanga
ug,Mparangasi
ug,Mparo
ug,Mparo
ug,Mparo
ug,Mpata
ug,Mpata
ug,Mpembwe
ug,Mpenja
ug,Mpenja
ug,Mpigi
ug,Mpigi
ug,Mpiita
ug,Mpirigwa
ug,Mpogo
ug,Mpogo
ug,Mpoma
ug,Mpoma
ug,Mpondwe
ug,Mpondwe
ug,Mpongo
ug,Mpongo
ug,Mpotwe
ug,Mpugwe
ug,Mpulira
ug,Mpumiro
ug,Mpumudde
ug,Mpumudde
ug,Mpumude
ug,Mpumu
ug,Mpunda
ug,Mpunde
ug,Mpunge
ug,Mpungwe
ug,Mpute
ug,Mubanda
ug,Mubanzi
ug,Mubende
ug,Mubendi
ug,Mubogo
ug,Mubuku
ug,Mubumba
ug,Mubusechera
ug,Muchubwa
ug,Muchunchu
ug,Mucukula
ug,Mucwini
ug,Mudochi
ug,Muduma
ug,Muduma
ug,Muduuma
ug,Muengula
ug,Muengura
ug,Mugadi
ug,Mugalama
ug,Mugalama
ug,Mugalike
ug,Mugamba
ug,Mugeri
ug,Muggya
ug,Mugomba
ug,Mugongo
ug,Mugore
ug,Mugoye
ug,Mugoye
ug,Mugulaku
ug,Muguluku
ug,Mugulu
ug,Mugulu
ug,Mugulu
ug,Mugungulu
ug,Muguruka
ug,Mugushu
ug,Mugusu
ug,Muhanga
ug,Muhoire
ug,Muhokya
ug,Muhororo
ug,Muhumbu
ug,Muinaina
ug,Muinami
ug,Muiscoe
ug,Mujulugo
ug,Mujunwa
ug,Mujunwa
ug,Mujuzi
ug,Mukerenge
ug,Mukifumbiro
ug,Mukobe
ug,Mukoko
ug,Mukoko
ug,Muko
ug,Muko
ug,Mukongoro
ug,Mukoni
ug,Mukoni
ug,Mukono
ug,Mukono
ug,Mukora
ug,Mukuju
ug,Mukuju
ug,Mukukute
ug,Mukungwe
ug,Mukunyu
ug,Mukura
ug,Mukura
ug,Mukura
ug,Mukura West
ug,Mukyerere
ug,Mukyibara
ug,Mulabe
ug,Mulagi
ug,Mulagi
ug,Mulago
ug,Mulamba
ug,Mulanda
ug,Mulazi
ug,Mulema
ug,Mulemba
ug,Mulingirire
ug,Muliri
ug,Mulondo
ug,Mulugando
ug,Mulundu
ug,Mumasole
ug,Muhangi
ug,Muhito
ug,Mundeme
ug,Mundade
ug,Mundindi
ug,Mundenge
ug,Mungenyi
ug,Munihoro
ug,Munkasi
ug,Munteme
ug,Munsa
ug,Muntu
ug,Munyonyo
ug,Murama
ug,Murama
ug,Murambo
ug,Murami
ug,Murema
ug,Murubale
ug,Murut
ug,Murukunyu
ug,Musaba
ug,Musalala
ug,Musa
ug,Musansala
ug,Musenyi
ug,Musenyi
ug,Museru
ug,Musese
ug,Mushanga
ug,Mushongero
ug,Musima
ug,Musini
ug,Musojo
ug,Musoma
ug,Musunga
ug,Mutai
ug,Mutakata
ug,Mutat
ug,Mutetema
ug,Mutir
ug,Mutoke
ug,Mutolere
ug,Mutondo
ug,Mutonto
ug,Mutozho
ug,Mutozho
ug,Mutufu
ug,Mutukula
ug,Mutukura
ug,Mutumba
ug,Mutunda
ug,Mutungo
ug,Muwangi
ug,Muwanya
ug,Muwema
ug,Muwolwe
ug,Muyebe
ug,Muyembe
ug,Muyenje
ug,Muyenje
ug,Muyogo
ug,Muyumbu
ug,Muzilandulu
ug,Muzinda
ug,Muzira
ug,Muzizi
ug,Mvepi
ug,Mwalamba
ug,Mwameri
ug,Mwanga
ug,Mwangi
ug,Mwangi
ug,Mwelo
ug,Mwenakuba
ug,Mwengura
ug,Mwera
ug,Mwera
ug,Mwerasandu
ug,Mwererwe
ug,Mweri
ug,Mweruka
ug,Mweya Lodge
ug,Mweya
ug,Mweza
ug,Mweza
ug,Mwezi
ug,Mwibale
ug,Mwikamiro
ug,Mwirasandu
ug,Mwisi
ug,Mwizi
ug,Mwogo
ug,Myanzi
ug,Naadoy
ug,Naama
ug,Naam Okora
ug,Nababirye
ug,Nabakono
ug,Nabalanga
ug,Nabibungo
ug,Nabieso
ug,Nabiganda
ug,Nabigasa
ug,Nabigoye
ug,Nabikenke
ug,Nabilatuk
ug,Nabingora
ug,Nabinyonyi
ug,Nabirere
ug,Nabirumba
ug,Nabisanke
ug,Nabisoga
ug,Nabiswa
ug,Nabiswera
ug,Nabitakuli
ug,Nabitama
ug,Nabitanga
ug,Nabitayo
ug,Nabitende
ug,Nabitende
ug,Nabitete
ug,Nabitete
ug,Nabiti
ug,Nabitula
ug,Nabitula
ug,Nabityanka
ug,Nabiwigulu
ug,Nabiwugulu
ug,Nabiyagi
ug,Naboa
ug,Nabubare
ug,Nabubya
ug,Nabugabo
ug,Nabugalo
ug,Nabukalu
ug,Nabulagala
ug,Nabulesa
ug,Nabulezi
ug,Nabuli
ug,Nabumali
ug,Nabusanke
ug,Nabuswera
ug,Nabutaka
ug,Nabutaka
ug,Nabuta
ug,Nabuwama
ug,Nabuwigulu
ug,Nabuyoga
ug,Nabwendo
ug,Nabwere
ug,Nabweru
ug,Nabweyo
ug,Nabweyo
ug,Nabyeso
ug,Nabyoto
ug,Nacheke
ug,Nadangira
ug,Nadangira
ug,Nadiang
ug,Nadiket
ug,Nadunget
ug,Nafumba
ug,Nagalama
ug,Nagana
ug,Nagela
ug,Nagoje
ug,Nagojje
ug,Nagongera
ug,Nagulu
ug,Nagunga
ug,Naibiri
ug,Naigana
ug,Naigobia
ug,Naigot
ug,Nairolwa
ug,Naisamula
ug,Naitakwai
ug,Naja
ug,Najembe
ug,Najeneti
ug,Najineti
ug,Najneti
ug,Najumba
ug,Nakaai
ug,Nakabala
ug,Nakabala
ug,Nakabale
ug,Nakabale
ug,Nakabanga
ug,Nakabimba
ug,Nakabira
ug,Nakabiso
ug,Nakabugu
ug,Nakadindiri
ug,Nakagyo
ug,Nakaiita
ug,Nakakabala
ug,Nakalala
ug,Nakalama
ug,Nakalama
ug,Nakaliro
ug,Nakaloke
ug,Nakalongo
ug,Nakanyonyi
ug,Nakapelo
ug,Nakapiripirit
ug,Nakasajja
ug,Nakasejere
ug,Nakaseke
ug,Nakasenyi
ug,Nakaseta
ug,Nakaseta
ug,Nakaseta
ug,Nakaseta
ug,Nakasetwa
ug,Nakasigo
ug,Nakasongola
ug,Nakaswa
ug,Nakatabo
ug,Nakatete
ug,Nakatete
ug,Nakatete
ug,Nakatete
ug,Nakatit
ug,Nakatogo
ug,Nakatogo
ug,Nakatoke
ug,Nakatoma
ug,Nakato
ug,Nakato
ug,Nakatyaba
ug,Nakauka
ug,Nakawaiza
ug,Nakawala
ug,Nakawa
ug,Nakawa
ug,Nakawa
ug,Nakawere
ug,Nakawomeka
ug,Nakawungu
ug,Nakayonza
ug,Nakazigo
ug,Nakazinga
ug,Nakhayaka
ug,Nakhupa
ug,Nakibanga
ug,Nakibano
ug,Nakibembe
ug,Nakibengo
ug,Nakibungulia
ug,Nakifulube
ug,Nakifuma
ug,Nakigalala
ug,Nakigga
ug,Nakigo
ug,Nakigo
ug,Nakigoza
ug,Nakigudo
ug,Nakikoma
ug,Nakiloro
ug,Nakiojo
ug,Nakirimira
ug,Nakisa
ug,Nakishenyi
ug,Nakiso
ug,Nakisunga
ug,Nakiswiga
ug,Nakitokolo
ug,Nakitokolo
ug,Nakitokolo
ug,Nakitoma
ug,Nakivumbi
ug,Nakiwate
ug,Nakiwogo
ug,Nakiyaga
ug,Nakiziba
ug,Nakongolo
ug,Nakorimoru
ug,Nakotimoru
ug,Nakukuba
ug,Nakulo
ug,Nakupa
ug,Nakwaya
ug,Nakwero
ug,Nakyangwa
ug,Nakyenyi
ug,Nakyesanja
ug,Nalakonge
ug,Naliba
ug,Nalondo
ug,Nalondo
ug,Nalubabwe
ug,Nalubale
ug,Nalubembe
ug,Nalubobya
ug,Naluboyo
ug,Nalubude
ug,Nalukange
ug,Naluko
ug,Nalukonge
ug,Nalulongo
ug,Nalusomba
ug,Naluvule
ug,Naluvule
ug,Naluwanda
ug,Nalweyo
ug,Namabale
ug,Namabere
ug,Namabuga
ug,Namachumu
ug,Namadope
ug,Namadzi
ug,Namagabi
ug,Namaganda
ug,Namagera
ug,Namagunga
ug,Namagusa
ug,Namaiba
ug,Namaiba
ug,Namakoba
ug,Namakoko
ug,Namakoko
ug,Namakomo
ug,Namakonko
ug,Namakunyu
ug,Namalege
ug,Namalemba
ug,Namalemba
ug,Namalere
ug,Namalere
ug,Namaliga
ug,Namaliira
ug,Namalimba
ug,Namalinda
ug,Namalira
ug,Namalu
ug,Namalwa
ug,Nama
ug,Nama
ug,Namansenda
ug,Namanyama
ug,Namasagali
ug,Namasale
ug,Namasawo
ug,Namasiga
ug,Namasoga
ug,Namasuba
ug,Namasuba
ug,Namasuka
ug,Namasumbi
ug,Namataba
ug,Namataba
ug,Namatagonya
ug,Namatala
ug,Namawagya
ug,Namawa
ug,Namawogya
ug,Namayuge
ug,Namayumba
ug,Namayunju
ug,Namazala
ug,Namaziba
ug,Namazzi
ug,Nambabi
ug,Nambaju
ug,Nambaju
ug,Nambale
ug,Nambale
ug,Nambale
ug,Namba
ug,Nambere
ug,Nambeya
ug,Namboko
ug,Nambola
ug,Nambo
ug,Nambula
ug,Namigoye
ug,Namika
ug,Naminage
ug,Namindo
ug,Namirembe
ug,Namirembe
ug,Namiryango
ug,Namisango
ug,Namisu
ug,Namisuni
ug,Nampanga
ug,Nampiki
ug,Nampiki
ug,Nampongerwa
ug,Nampunge
ug,Nampunge
ug,Nampyanga
ug,Namufuma
ug,Namuganga
ug,Namuganga
ug,Namugobo
ug,Namugongo
ug,Namugongo
ug,Namugongo
ug,Namuja
ug,Namukago
ug,Namukoge
ug,Namukoko
ug,Namukonge
ug,Namukongo
ug,Namukozi
ug,Namukuma
ug,Namukunyu
ug,Namulaba
ug,Namulanda
ug,Namulanda
ug,Namulekya
ug,Namulikya
ug,Namulikya
ug,Namulo
ug,Namulonge
ug,Namulungu
ug,Namungalwe
ug,Namungo
ug,Namunsi
ug,Namunyagwe
ug,Namunye
ug,Namunyingi
ug,Namunyuma
ug,Namunyumya
ug,Namuro
ug,Namusale
ug,Namusa
ug,Namusansula
ug,Namusikizi
ug,Namusisi
ug,Namusita
ug,Namusuka
ug,Namutamba
ug,Namutumba
ug,Namutya
ug,Namuzikiza
ug,Namwandala
ug,Namwendwa
ug,Namwezi
ug,Namwiwa
ug,Nananga
ug,Nanderema
ug,Nandere
ug,Nandwa
ug,Nangabo
ug,Nangala
ug,Nanga
ug,Nangwa
ug,Nangya
ug,Nanjwenge
ug,Nankandulo
ug,Nankodo
ug,Nankoma
ug,Nankondo
ug,Nankongolo
ug,Nanoko
ug,Nansagazi
ug,Nansanga
ug,Nanseke
ug,Nansimbi
ug,Nansololo
ug,Nansololo
ug,Nansuga
ug,Nansuma
ug,Nantamali
ug,Nantove
ug,Nanula
ug,Napararo
ug,Napiananya
ug,Napianyenya
ug,Napopongo
ug,Napumpum
ug,Napyenenya
ug,Nariam
ug,Narithal
ug,Nariwo
ug,Nasembe
ug,Nasigirya
ug,Nasiralo
ug,Natonko
ug,Natoto
ug,Natwana
ug,Nawaikoke
ug,Nawaikona
ug,Nawaka
ug,Nawambiri
ug,Nawambwa
ug,Nawampanda
ug,Nawampandu
ug,Nawampiti
ug,Nawanago
ug,Nawandala
ug,Nawandyo
ug,Nawangaiza
ug,Nawangaiza
ug,Nawangisa
ug,Nawangoma
ug,Nawango
ug,Nawankonge
ug,Nawansega
ug,Nawantale
ug,Nawantumbi
ug,Nawanyago
ug,Nawire
ug,Naziba
ug,Nazigo Mission
ug,Nazigo
ug,Nchwera
ug,Ncucwe
ug,Ndago
ug,Ndaiga
ug,Ndalagi
ug,Ndalike
ug,Ndalike
ug,Ndandamire
ug,Ndeba
ug,Ndeba
ug,Ndede
ug,Ndego
ug,Ndeizha
ug,Ndeje
ug,Ndeke
ug,Ndere
ug,Ndese
ug,Ndibata
ug,Ndibulungi
ug,Ndirawelu
ug,Ndolo
ug,Ndolwa
ug,Ndorwa
ug,Ndoya
ug,Ndriba
ug,Ndudu
ug,Ndugu
ug,Ndulya
ug,Nebbi
ug,Nebi
ug,Nemba
ug,Nfuka
ug,Ngai
ug,Ngalamo
ug,Ngaliama
ug,Ngal
ug,Ngando
ug,Ngangi
ug,Nganjo
ug,Ngarama
ug,Ngar
ug,Ngenge
ug,Ngenge
ug,Ngereko
ug,Ngeta
ug,Ngeye
ug,Ngobo
ug,Ngodingodi
ug,Ngogole
ug,Ngogolo
ug,Ngogwe
ug,Ngohyobia
ug,Ngole
ug,Ngololiet
ug,Ngomanene
ug,Ngoma
ug,Ngoma
ug,Ngoma
ug,Ngoma
ug,Ngomba
ug,Ngombe
ug,Ngongolo
ug,Ngono
ug,Ngonyboke
ug,Ngora
ug,Ngora
ug,Ngoratok
ug,Ngotokwe
ug,Ngoyo
ug,Ngozi
ug,Ngugo
ug,Ngulamo
ug,Ngulukilo
ug,Ngulu
ug,Nguruwa
ug,Niapea
ug,Ninzi
ug,Nitakwai
ug,Njalarwe
ug,Njara
ug,Njara
ug,Njaza
ug,Njereka
ug,Njeru
ug,Njeru
ug,Njeru
ug,Njokero
ug,Njoya
ug,Njwejwe
ug,Nkaiza
ug,Nkaja
ug,Nkalwe
ug,Nkampa
ug,Nkanda
ug,Nkanga
ug,Nkanja
ug,Nkanya
ug,Nkenge
ug,Nkinga
ug,Nkingo
ug,Nkokonjeru
ug,Nkoko
ug,Nkoko
ug,Nkoma
ug,Nkoma
ug,Nkoma
ug,Nkoma
ug,Nkombe
ug,Nkondo
ug,Nkondo
ug,Nkondo
ug,Nkone
ug,Nkonge
ug,Nkonge
ug,Nkongora
ug,Nkongoro
ug,Nkoni
ug,Nkoni
ug,Nkopo
ug,Nkote
ug,Nkozi
ug,Nkudumali
ug,Nkuke
ug,Nkuluze
ug,Nkulwe
ug,Nkumba
ug,Nkundente
ug,Nkungere
ug,Nkungwe
ug,Nkunyu
ug,Nkuzongire
ug,Nkwirwa
ug,Noko
ug,Nombe
ug,Nombe
ug,Nombi
ug,Nongo
ug,Nonoko
ug,Nonve
ug,Nori
ug,Nozi
ug,Nsabwe
ug,Nsagu
ug,Nsala
ug,Nsambwe
ug,Nsambya
ug,Nsambya
ug,Nsambya
ug,Nsamule
ug,Nsamu
ug,Nsangala
ug,Nsangi
ug,Nsangira
ug,Nsango
ug,Nsango
ug,Nsanja
ug,Nsano
ug,Nsanvu
ug,Nsasa
ug,Nsavu
ug,Nseke
ug,Nsenya
ug,Nsese
ug,Nshungezi
ug,Nsiika
ug,Nsika
ug,Nsiki
ug,Nsikisi
ug,Nsimbe
ug,Nsinze
ug,Nske
ug,Nsola
ug,Nsololo
ug,Nsolo
ug,Nsolo
ug,Nsomba
ug,Nsone
ug,Nsonga
ug,Nsongezi
ug,Nsonyira
ug,Nsororo
ug,Nsororo
ug,Nsotoka
ug,Nsozibiri
ug,Nsozinga
ug,Nsozi
ug,Nsube
ug,Nsube
ug,Nsumba
ug,Nswanjere
ug,Ntabwe
ug,Ntakafunvu
ug,Ntalagi
ug,Ntala
ug,Ntale
ug,Ntandi
ug,Ntanzi
ug,Ntarama
ug,Ntarama
ug,Ntenjeru
ug,Ntenjeru
ug,Ntimba
ug,Ntirizi
ug,Ntoke
ug,Ntoroko
ug,Ntovu
ug,Ntunda
ug,Ntungamo
ug,Ntungamo
ug,Ntungu
ug,Ntuntu
ug,Ntuntu
ug,Ntusi
ug,Ntwetwe
ug,Nula
ug,Numulongo
ug,Nvio
ug,Nvuba
ug,Nvubu
ug,Nvunano
ug,Nvunwa
ug,Nweruka
ug,Nwoya
ug,Nyaada
ug,Nyabani
ug,Nyabasaja
ug,Nyabichenche
ug,Nyabigaga
ug,Nyabihara
ug,Nyabihoko
ug,Nyabirongo
ug,Nyabisirira
ug,Nyabisisira
ug,Nyabitale
ug,Nyabitete
ug,Nyabubale
ug,Nyabugando
ug,Nyabuhama
ug,Nyabuhikye
ug,Nyaburama
ug,Nyabusenyi
ug,Nyabushozi
ug,Nyabusokoma
ug,Nyabwina
ug,Nyachera
ug,Nyafumura
ug,Nyahuka
ug,Nyaihanga
ug,Nyai
ug,Nyakabande
ug,Nyakabanga
ug,Nyakabingo
ug,Nyakabingo
ug,Nyakabingo
ug,Nyakabirizi
ug,Nyakabungo
ug,Nyakabungo
ug,Nyakagando
ug,Nyakagango
ug,Nyakageme
ug,Nyakagera
ug,Nyakageyi
ug,Nyakagey
ug,Nyakagongo
ug,Nyakagyeme
ug,Nyakakoni
ug,Nyakalembe
ug,Nyakalengija
ug,Nyakasalala
ug,Nyakasenyi
ug,Nyakashaka
ug,Nyakashashara
ug,Nyakashuli
ug,Nyakasozi
ug,Nyakasunsa
ug,Nyakasura
ug,Nyakatonzi
ug,Nyakatuntu
ug,Nyakayojo
ug,Nyakibale
ug,Nyakibere
ug,Nyakibingo
ug,Nyakigandu
ug,Nyakigugwe
ug,Nyakigumba
ug,Nyakigyera
ug,Nyakihita
ug,Nyakinengo
ug,Nyakinoni
ug,Nyakinoni
ug,Nyakiriro
ug,Nyakisamve
ug,Nyakisanju
ug,Nyakisa
ug,Nyakishenie
ug,Nyakishenyi
ug,Nyakishozo
ug,Nyakoi
ug,Nyako
ug,Nyakwai
ug,Nyalai
ug,Nyalubale
ug,Nyalubanga
ug,Nyalusanje
ug,Nyalushanje
ug,Nyalutembe
ug,Nyamabale
ug,Nyamabuga
ug,Nyamagana
ug,Nyamagita
ug,Nyamakukuro
ug,Nyamatete
ug,Nyamatozho
ug,Nyambogo
ug,Nyamenzi
ug,Nyamiaga
ug,Nyamiaga
ug,Nyamisasa
ug,Nyamitanga
ug,Nyamiyaga
ug,Nyamiyanzha
ug,Nyamufumura
ug,Nyamugura
ug,Nyamuliro
ug,Nyamunyobwa
ug,Nyamusana
ug,Nyamushasha
ug,Nyandago
ug,Nyanda
ug,Nyanga
ug,Nyanga
ug,Nyanga
ug,Nyangeya
ug,Nyangilia
ug,Nyangoma
ug,Nyankonde
ug,Nyankwanzi
ug,Nyantungo
ug,Nyantungu
ug,Nyapea
ug,Nyarabur
ug,Nyara
ug,Nyaraolum
ug,Nyaravur
ug,Nyarubara
ug,Nyarujoje
ug,Nyarukika
ug,Nyarukonge
ug,Nyarusiza
ug,Nyarutoma
ug,Nyarwezika
ug,Nyaute
ug,Nyawiega
ug,Nyegeza
ug,Nyemera
ug,Nyendo
ug,Nyenga
ug,Nyenje
ug,Nyero
ug,Nyimbwa
ug,Nyio
ug,Nyiovura
ug,Nyiro
ug,Nyize
ug,Nyondo
ug,Nyongozi
ug,Nyou
ug,Nzalo
ug,Nzheru
ug,Nziro
ug,Obaki
ug,Obalang
ug,Obirai
ug,Obisa
ug,Obongi
ug,Oboruboru
ug,Obuje
ug,Obulayi
ug,Obule
ug,Obulingorok
ug,Obulubulu
ug,Obure
ug,Obure
ug,Oburi
ug,Oburi
ug,Obwim
ug,Obwin
ug,Obyango
ug,Obyonyo
ug,Ochakai
ug,Ochal
ug,Ochamayom
ug,Ochamayon
ug,Ochanga
ug,Ochanip
ug,Ochebu
ug,Ocheko
ug,Ochelei
ug,Ocherakori
ug,Ocherakuru
ug,Ochero
ug,Ochini
ug,Ochoka
ug,Ochokuchani
ug,Ocholokoboi
ug,Ochomai
ug,Ochorioramunyait
ug,Ochuloi
ug,Ocodri
ug,Ocwalo
ug,Odapakole
ug,Odekere
ug,Oderai
ug,Odera
ug,Odiak
ug,Odina
ug,Oding
ug,Odoi
ug,Odoit
ug,Odokayi
ug,Odom
ug,Odon
ug,Odoon
ug,Odoti
ug,Odravu
ug,Odro
ug,Odungura
ug,Odwarat
ug,Odyedo
ug,Ofaka
ug,Offaka
ug,Offake
ug,Offude
ug,Ofude
ug,Ogalayi
ug,Ogalitome
ug,Ogangai
ug,Ogange
ug,Ogingai
ug,Ogisa
ug,Ogoko
ug,Ogoma
ug,Ogomo
ug,Ogongola
ug,Ogongora
ug,Ogongoro
ug,Ogorai
ug,Ogosai
ug,Ogosoi
ug,Ogua
ug,Ogujebbe
ug,Ogujebe
ug,Ogulebe
ug,Ogur
ug,Ogurutu
ug,Ogwam
ug,Ogwapesuru
ug,Ogwil
ug,Ojaa
ug,Ojemai
ug,Ojemoru
ug,Ojingai
ug,Ojok
ug,Ojomi
ug,Ojom
ug,Ojota
ug,Ojukot
ug,Okadarya
ug,Okalara
ug,Okapel
ug,Okawo
ug,Okayo
ug,Okayu
ug,Okeritok
ug,Okeyo
ug,Okeyu
ug,Okidetok
ug,Okimenga
ug,Okoboi
ug,Okocho
ug,Okodu
ug,Okokolaka
ug,Okokorio
ug,Okolimeri
ug,Okolim
ug,Okollo
ug,Okolonga
ug,Okolo
ug,Okomi
ug,Okotu
ug,Okoyu
ug,Okuba
ug,Okubu
ug,Okude
ug,Okulenya
ug,Okume
ug,Okumeri
ug,Okum
ug,Okunguro
ug,Okurao
ug,Okutoi
ug,Okwangai
ug,Okwangalete
ug,Okworo
ug,Olaicho
ug,Olaki
ug,Old Dufile
ug,Old Entebbe
ug,Old Nariam
ug,Oleba
ug,Olechoi
ug,Olecoi
ug,Oleiba
ug,Olejova
ug,Olekai
ug,Oleka
ug,Oleko
ug,Olelai
ug,Olelpek
ug,Olemai
ug,Olerai
ug,Olerayi
ug,Olevu
ug,Olianai
ug,Oliavu
ug,Olilim
ug,Olilim
ug,Olio
ug,Oliyo
ug,Olobai
ug,Olobai
ug,Olobodagi
ug,Olobo
ug,Olomel
ug,Olomon
ug,Oloroi
ug,Olovu
ug,Oluffe
ug,Olukuchoko
ug,Oluku
ug,Olumoto
ug,Olupe
ug,Olupe
ug,Oluvu
ug,Olwa
ug,Olwerai
ug,Olwit
ug,Olyeko
ug,Omagara
ug,Omarai
ug,Omatakire
ug,Omateng
ug,Omatikile
ug,Ombache
ug,Ombachi
ug,Ombatini
ug,Omidi
ug,Omid
ug,Ominya
ug,Omirimiri
ug,Omito
ug,Omiya Anyma
ug,Omiya Pachua
ug,Omoce
ug,Omoche
ug,Omodoi
ug,Omodoi
ug,Omogo
ug,Omoloko
ug,Omolotok
ug,Omomeri
ug,Omoro
ug,Omoro
ug,Omotoi
ug,Omoyo
ug,Omubugoigo
ug,Omudoi
ug,Omugei
ug,Omugenya
ug,Omugo
ug,Omukaguha
ug,Omulala
ug,Omunkunyu
ug,Omunyiri
ug,Omunyir
ug,Omuruyenzhe
ug,Omurwera
ug,Omuryei
ug,Omutoi
ug,Omurwesigilo
ug,Omuturo
ug,Omwinero
ug,Omwono
ug,Omyemya
ug,Onari
ug,Onder
ug,Ongariama
ug,Ongino
ug,Ongoko
ug,Ongoratok
ug,Ongoro
ug,Ongorumu
ug,Ongowoni
ug,Ongunai
ug,Onigo
ug,Oningo
ug,Onom
ug,Onyunyu
ug,Opa
ug,Opapai
ug,Operepe
ug,Opiai
ug,Opika
ug,Opilitok
ug,Opiyai
ug,Opiya
ug,Opoki
ug,Opokoro
ug,Opokyam
ug,Opotipot
ug,Opot
ug,Opurei
ug,Oputi
ug,Opuyo
ug,Opwateta
ug,Oqujebe
ug,Oraba
ug,Orape
ug,Oregiya
ug,Oreko
ug,Oriama
ug,Oribu
ug,Oridi
ug,Oriebai
ug,Orijini
ug,Oringini
ug,Oringo
ug,Oriyoyi
ug,Orom
ug,Oruada
ug,Orubare
ug,Orumo
ug,Orungo
ug,Orupe
ug,Oryang
ug,Oryawo
ug,Osia
ug,Osopotoit
ug,Osuguru
ug,Osukuru
ug,Oswam
ug,Otatai
ug,Otimong
ug,Otira
ug,Otome
ug,Otravu
ug,Otrevu
ug,Otuambari
ug,Otuboi
ug,Otwal
ug,Oukoto
ug,Ousuko
ug,Ovujo
ug,Owafa
ug,Owaffa
ug,Oweko
ug,Owerai
ug,Owinyi
ug,Owiny
ug,Owolo
ug,Owolo
ug,Oyalakwe
ug,Oyama
ug,Oyelomon
ug,Oyeyu
ug,Oyomai
ug,Oyu
ug,Pabone
ug,Paboni
ug,Pabo
ug,Pacego
ug,Pachara
ug,Pachwa
ug,Pacwach
ug,Pader
ug,Pader Palwo
ug,Padibe
ug,Padombo
ug,Padwot
ug,Paetho
ug,Pagak
ug,Pagei
ug,Pagwata
ug,Paicho
ug,Paicing
ug,Paidha
ug,Pai-ida
ug,Paila
ug,Paimol
ug,Pajimu
ug,Pajule
ug,Pajulu
ug,Pajwenda
ug,Pakadha
ug,Pakanyi
ug,Pakeli
ug,Pakelle
ug,Pako
ug,Pakuba
ug,Pakwach East
ug,Pakwach
ug,Pakwero
ug,Pakwinyo
ug,Pakwi
ug,Pakwiyo
ug,Palabek
ug,Palango
ug,Palaro
ug,Palaro
ug,Palatao
ug,Palatau
ug,Palatau
ug,Palisa
ug,Palissa
ug,Pallisa
ug,Paloga
ug,Paludar
ug,Pamach
ug,Pamangara
ug,Pamdero
ug,Pamenya
ug,Paminya
ug,Pamora
ug,Pamot
ug,Pamvara
ug,Pamwa
ug,Pandera
ug,Panduru
ug,Pangere
ug,Pangero
ug,Panget
ug,Panvangara
ug,Panyamur
ug,Panyangara
ug,Panyango
ug,Panyigoro
ug,Panyimur
ug,Papai
ug,Parabongo
ug,Parabong
ug,Parabong
ug,Parajwoki
ug,Paraka
ug,Paranga
ug,Paranga
ug,Para
ug,Paripari
ug,Paroketto
ug,Parombo
ug,Parongo
ug,Parrabong
ug,Patiko
ug,Patonga
ug,Patongo
ug,Patwenda
ug,Pawaa
ug,Pawa
ug,Pawel
ug,Pawe
ug,Pawong
ug,Pawor
ug,Paya
ug,Payida
ug,Payongo
ug,Peduru
ug,Pei
ug,Peipei
ug,Pepei
ug,Peta
ug,Peta
ug,Petete
ug,Pigire
ug,Pilitok
ug,Pingire
ug,Pingiri
ug,Pirre
ug,Podati
ug,Podia
ug,Podoti
ug,Poke
ug,Pokia
ug,Poko
ug,Pokwero
ug,Port Bell
ug,Port Lari
ug,Powaa
ug,Pumit
ug,Puno Atar
ug,Pupu
ug,Puranga
ug,Purongo
ug,Putanga
ug,Pweteta
ug,Ragem
ug,Rakai
ug,Rengen
ug,Rhino Camp
ug,Rigbo
ug,Risai
ug,Robaya
ug,Rogem
ug,Rom
ug,Ruamuhama
ug,Ruangi
ug,Rubaare
ug,Rubabu
ug,Rubanda
ug,Rubanga
ug,Rubare
ug,Rubaya
ug,Rubaya
ug,Rubaya
ug,Rubeya
ug,Rubindi
ug,Rubingo
ug,Rubirizi
ug,Rubirizi
ug,Rubona
ug,Rubongi
ug,Ruborogota
ug,Ruborogoto
ug,Rubuguli
ug,Rubunu
ug,Rubu
ug,Rubuzigye
ug,Ruchenche
ug,Ruchwemigo
ug,Ruerere
ug,Rugaga
ug,Rugando
ug,Rugando
ug,Rugarama
ug,Rugendabalo
ug,Rugongo
ug,Rugonjo
ug,Rugyeyo
ug,Ruhama
ug,Ruhandagazi
ug,Ruhanga
ug,Ruhara
ug,Ruhendwa
ug,Ruhengere
ug,Ruhenoere
ug,Ruhinda
ug,Ruhira
ug,Ruhiri
ug,Ruhobo
ug,Ruhoho
ug,Ruhoko
ug,Ruizi
ug,Rukinga
ug,Rukiri
ug,Rukoki
ug,Rukoma
ug,Rukondo
ug,Rukoni
ug,Rukukuru
ug,Rukungire
ug,Rukungiri
ug,Rumbaire
ug,Rumira
ug,Rumogi
ug,Rumog
ug,Runga
ug,Rupa
ug,Ruragara
ug,Rurandura
ug,Ruruku
ug,Rusekere
ug,Rushambia
ug,Rushambya
ug,Rushasha
ug,Rushenyi
ug,Rushere
ug,Rushoroza
ug,Rushozi
ug,Ruswa
ug,Rusya
ug,Rutale
ug,Rutenga
ug,Rutete
ug,Ruti
ug,Rutokye
ug,Rutoma
ug,Rutoma
ug,Rutoma
ug,Rutoma
ug,Rutoma
ug,Rutoma
ug,Rutonde
ug,Rutooma
ug,Ruyanga
ug,Ruyanja
ug,Rwagimba
ug,Rwahi
ug,Rwaitengya
ug,Rwakororo
ug,Rwamabale
ug,Rwamabale
ug,Rwamabondo
ug,Rwamahwa
ug,Rwamakukuru
ug,Rwamanja
ug,Rwamawha
ug,Rwamucucu
ug,Rwamuhama
ug,Rwamuhara
ug,Rwamunku
ug,Rwanamira
ug,Rwanga
ug,Rwantsinga
ug,Rwanyamahembe
ug,Rwanyampazi
ug,Rwanzha
ug,Rwanzu
ug,Rwashamaire
ug,Rwawurumba
ug,Rwebikwato
ug,Rwebisengo
ug,Rwebishengo
ug,Rweibare
ug,Rweibumba
ug,Rweichiniro
ug,Rwekunye
ug,Rwembwa
ug,Rwempogo
ug,Rwempungu
ug,Rwendama
ug,Rwene
ug,Rwengoha
ug,Rwengoma
ug,Rwengo
ug,Rwengwe
ug,Rwengwe
ug,Rwenjaza
ug,Rwenjura
ug,Rwenkondo
ug,Rwenkuba
ug,Rwenkuba
ug,Rwensama
ug,Rwenshama
ug,Rwensinga
ug,Rwensunga
ug,Rwentanga
ug,Rwentobo
ug,Rwera
ug,Rwesirabo
ug,Rwihingo
ug,Rwobusisi
ug,Rwoho
ug,Rwomuhoro
ug,Ryabagoma
ug,Ryakagongo
ug,Ryamurunga
ug,Ryamurungu
ug,Ryangabi
ug,Ryeru
ug,Sabei
ug,Sagala
ug,Sakabusolo
ug,Sakabusolo
ug,Sakabusolo
ug,Saka
ug,Salalira
ug,Salama
ug,Salami
ug,Salamito
ug,Sala
ug,Sala
ug,Sama
ug,Sambwe
ug,Sanga
ug,Sanga
ug,Sango
ug,Sanje
ug,Sapiri
ug,Sasasa
ug,Sazike
ug,Sazi
ug,Sebanda
ug,Sebei
ug,Seenene
ug,Seeta
ug,Seeta
ug,Seganga
ug,Segero
ug,Seja
ug,Sekamuli
ug,Sekanyonyi
ug,Sembabule
ug,Sempa
ug,Sempaya
ug,Semuto
ug,Senene
ug,Senge
ug,Sentema
ug,Senyi
ug,Serenge
ug,Serere
ug,Sere
ug,Serinya
ug,Serinya
ug,Seseme
ug,Sese
ug,Sesiriba
ug,Seta
ug,Seta
ug,Shuku
ug,Sifuyo
ug,Siggi
ug,Sigogwesere
ug,Sikakoko
ug,Sikuda
ug,Sikunga
ug,Sikye
ug,Silobera
ug,Simba
ug,Simbli
ug,Simu
ug,Singya
ug,Sinya
ug,Sinye
ug,Sinyo
ug,Sinyu
ug,Sipi
ug,Siroko
ug,Sironko
ug,Sisa
ug,Situi
ug,Sobya
ug,Sogolelo
ug,Sokolo
ug,Solokho
ug,Soloko
ug,Sona
ug,Sonda
ug,Sonde
ug,Soni
ug,Sonso
ug,Sopsop
ug,Soroti
ug,Ssenya
ug,Suam
ug,Suguro
ug,Suguru
ug,Sugu
ug,Suhesi
ug,Sukulu
ug,Sunga
ug,Sunga
ug,Sunga
ug,Sunga
ug,Sunga
ug,Suni
ug,Supa
ug,Swagere
ug,Taan
ug,Taan Valley
ug,Tabagonyi
ug,Tabagony
ug,Taba
ug,Tademeri
ug,Takajunge
ug,Tamu
ug,Tangala
ug,Tara
ug,Tarogali
ug,Tata
ug,Tebalowoza
ug,Te'bito
ug,Teboke
ug,Tegaligwa
ug,Tegeress
ug,Teginya
ug,Teilwa
ug,Tekala
ug,Tekela
ug,Telamot
ug,Temangalo
ug,Tente
ug,Te'okoto
ug,Te Okot
ug,Te Okuto
ug,Terego
ug,Terinyi
ug,Tiling
ug,Tilling
ug,Timba
ug,Tira
ug,Tira
ug,Tiriri
ug,Titim
ug,Tokaru
ug,Tolwe
ug,Toma
ug,Tomi
ug,Tomi
ug,Tondegejelako
ug,Tondegejerako
ug,Tondola
ug,Tondolo
ug,Tongo
ug,Tonya
ug,Toroma
ug,Torome
ug,Tororo
ug,Torote
ug,Toskin
ug,Ttaba
ug,Tuba
ug,Tugumo
ug,Tugumu
ug,Tula
ug,Tumba
ug,Tumbo
ug,Turukang
ug,Turupok
ug,Turutoko
ug,Tuskini
ug,Twalek
ug,Tweyanze
ug,Tyabire
ug,Uchebu
ug,Udanopi
ug,Udupi
ug,Ukadakya
ug,Ukiti
ug,Ukuti
ug,Ulepi
ug,Uleppi
ug,Uluko
ug,Umia Anyema
ug,Umia Anyima
ug,Umia
ug,Umi
ug,Unyama
ug,Usuku
ug,Utrutru
ug,Utumbari
ug,Uzu
ug,Villa Maria
ug,Virika
ug,Vukula
ug,Vumba
ug,Vumba
ug,Vumba
ug,Vumba
ug,Vumbe
ug,Vura
ug,Vurra
ug,Vur
ug,Waal
ug,Wabibo
ug,Wabigali
ug,Wabigalo
ug,Wabinwa
ug,Wabinyonyi
ug,Wabisisa
ug,Wabisise
ug,Wabisi
ug,Wabitoki
ug,Wabiyinja
ug,Wabukala
ug,Wabulenga
ug,Wabulungu
ug,Wabusana
ug,Wabusana
ug,Wadelai
ug,Wagala
ug,Wagodo
ug,Wahusana
ug,Waibalaibi
ug,Waibuga
ug,Waigala
ug,Waigalo
ug,Waikalakaka
ug,Waina
ug,Wainya
ug,Wairaka
ug,Waiswa
ug,Wajala
ug,Wakasimba
ug,Wakasimba
ug,Wakatanga
ug,Waka
ug,Wakawungu
ug,Wakayiba
ug,Wakisani
ug,Wakiso
ug,Wakiso
ug,Wakisu
ug,Waki
ug,Wakyato
ug,Walabungo
ug,Walasi
ug,Walukota
ug,Walukuba
ug,Waluvule
ug,Walykubya
ug,Wamala
ug,Wamfuru
ug,Wampendo
ug,Wampologoma
ug,Wamukende
ug,Wamulongo
ug,Wamusenyi
ug,Wananda
ug,Wandagi
ug,Wandala
ug,Wandegeya
ug,Wandica
ug,Wandi
ug,Wandulu
ug,Wanfufu
ug,Wangale
ug,Wangali
ug,Wangkwar
ug,Wangobo
ug,Wangobo
ug,Wango
ug,Wanjagi
ug,Wankaka
ug,Wankata
ug,Wanseko
ug,Wansolo
ug,Wanya
ug,Warr
ug,War
ug,Wasa
ug,Watoke
ug,Watuba
ug,Watuba
ug,Watuba
ug,Wekomire
ug,Werai
ug,Wera
ug,Wesunire
ug,Wiawer
ug,Wigweng
ug,Wila
ug,Wiria
ug,Wobolenzi
ug,Wobulenzil
ug,Wobulenzi
ug,Wolo
ug,Wol
ug,Woro
ug,Wunga
ug,Yamu
ug,Yaule
ug,Yenga
ug,Yidu
ug,Yingo
ug,Yivu
ug,Yole
ug,Yoyo
ug,Yumbe
ug,Zaipi
ug,Zanyiro
ug,Zeio
ug,Zengebe
ug,Zeu
ug,Ziba
ug,Ziba
ug,Zigoti
ug,Zigulu
ug,Zimudi
ug,Zimwe
ug,Zintengese
ug,Zintengeze
ug,Zira
ug,Zirobwe
ug,Ziru
ug,Zombo
