uy,18 de Julio
uy,19 de Abril
uy,25 de Agosto
uy,25 de Mayo
uy,Abayuba
uy,Abrojal
uy,Aceguá
uy,Achar
uy,Achiras
uy,Acosta
uy,Agraciada
uy,Aguada
uy,Aguas Buenas
uy,Aguas Corrientes
uy,Águila
uy,Águila
uy,Aguirre
uy,Ahogados
uy,Aiguá
uy,Albisu
uy,Aldecoa
uy,Alejandrina
uy,Alejandro Gallinal
uy,Algorta
uy,Allende
uy,Amaro
uy,Anastasia
uy,Andresito
uy,Ansina
uy,Arapey
uy,Araújo
uy,Arbolito
uy,Arbolito
uy,Arenal
uy,Arenal
uy,Arenales
uy,Arenitas Blancas
uy,Arévalo
uy,Arriera
uy,Arroyo Aguila
uy,Arroyo Blanco
uy,Arroyo de la Virgen
uy,Arroyo Grande
uy,Arroyo Malo
uy,Arroyo María Cejas
uy,Arroyo Seco
uy,Arrozal Treinta y Tres
uy,Arrozal Victoria
uy,Artigas
uy,Artigas
uy,Artilleros
uy,Atlántida
uy,Averías
uy,Balneario Bella Italia
uy,Balneario Chacarita
uy,Balneario Flor de Maroñas
uy,Balneario Floresta
uy,Balneario Nuevo Paris
uy,Balneario Piedras Blancas
uy,Balneario Solís
uy,Baltasar Brum
uy,Bañado de Medina
uy,Bañado de Rocha
uy,Barker
uy,Barra de Carrasco
uy,Barra de Maldonado
uy,Barrancas
uy,Barra Tapado
uy,Barrio de Bella Vista
uy,Barrio de Capurro
uy,Batlle y Ordoñez
uy,Batoví
uy,Baygorria
uy,Beisso
uy,Belén
uy,Bella Aurora
uy,Bellaco
uy,Bella Italia
uy,Bella Unión
uy,Bella Vista
uy,Bella Vista
uy,Belveder
uy,Bernabé Rivera
uy,Berruti
uy,Biassini
uy,Bifurcación
uy,Blanquillo
uy,Blanquillo
uy,Blanquillos
uy,Boca del Rosario
uy,Bolívar
uy,Boné
uy,Borracho
uy,Brigadier General Diego Lamas
uy,Buceo
uy,Buenahora
uy,Buena Unión
uy,Buena Vista
uy,Buricayupí
uy,Cabellos
uy,Cabo Polonio
uy,Calera
uy,Camaño
uy,Cambará
uy,Came
uy,Campamento
uy,Campana
uy,Campo de Todos
uy,Cañada Chica
uy,Cañada del Pueblo
uy,Cañada Nieto
uy,Cañada Paraguaya
uy,Cañada Sauce
uy,Cañas
uy,Cañas
uy,Cañas
uy,Candil
uy,Canelones
uy,Cañitas
uy,Cantera del Minuano
uy,Capilla de Farruco
uy,Canepa
uy,Capilla del Sauce
uy,Capilla Farruco
uy,Cap. Juan A. Artigas
uy,Capurro
uy,Caraballo
uy,Caraguatá
uy,Caraguatá
uy,Cardal
uy,Cardona
uy,Capurro
uy,Cardoso
uy,Cardozo Chico
uy,Cardozo
uy,Carlos Reyles
uy,Carmelo
uy,Carmen
uy,Carmen del Durazno
uy,Carpintería
uy,Carpintería
uy,Carqueja
uy,Carrasco
uy,Casa Blanca
uy,Casas Blancas
uy,Castillo
uy,Castillos
uy,Castillos
uy,Casupá
uy,Cayetano
uy,Cebollatí
uy,Ceferino
uy,Ceibal
uy,Celeste
uy,Centro
uy,Centurión
uy,Cerrezuelo
uy,Cerrillada
uy,Cerrillada
uy,Cerrillos
uy,Cerrito
uy,Cerro Alegre
uy,Cerro Batoví
uy,Cerro Caqueira
uy,Cerro Chato
uy,Cerro Chato
uy,Cerro Chato
uy,Cerro Colorado
uy,Cerro Convento
uy,Cerro de las Armas
uy,Cerro de las Cuentas
uy,Cerro Pastoreo
uy,Cerro Pelado del Este
uy,Cerro San Jorge
uy,Cerros Blancos
uy,Cerros de los Rochas
uy,Cerro Vera
uy,Chacarita
uy,Chamberlain
uy,Chamizo
uy,Chamizo
uy,Chapicuy
uy,Charqueada
uy,Chilcas
uy,Chuy
uy,Chuy
uy,Ciudad de la Colonia del Sacramento
uy,Ciudad de la Florida
uy,Ciudad del Salto
uy,Ciudad de Melo
uy,Ciudad de Mercedes
uy,Ciudad de Minas
uy,Ciudad de Montevideo
uy,Ciudad de Paysandú
uy,Ciudad de Rocha
uy,Ciudad de San José
uy,Ciudad Viaje
uy,Clara
uy,Coion
uy,Colla
uy,Colón
uy,Colón
uy,Colonia 19 de Abril
uy,Colonia América
uy,Colonia Arrué
uy,Colonia
uy,Colonia del Sacramento
uy,Colonia Diecinueve de Abril
uy,Colonia Dieciocho de Julio
uy,Colonia Española
uy,Colonia Esperanza
uy,Colonia Estrella
uy,Colonia Jefferies
uy,Colonia Lavalleja
uy,Colonia Miguelete
uy,Colonia Nicolich
uy,Colonia Nuevo Paysandú
uy,Colonia Ombúes de Lavalle
uy,Colonia Piamontesa
uy,Colonia Pintado
uy,Colonia Rosario
uy,Colonia Rossell y Rius
uy,Colonia San Javier
uy,Colonia Suiza
uy,Colonia Valdense
uy,Conchillas
uy,Conciliación
uy,Concordia
uy,Conde
uy,Constancia
uy,Constitución
uy,Constitution
uy,Coquimbo
uy,Cordón
uy,Coronilla
uy,Coronilla
uy,Corral de Piedra
uy,Corrales
uy,Corrales
uy,Correa
uy,Cortume
uy,Costa de las Víboras
uy,Costa de San Gregorio
uy,Costa de San José
uy,Costa de San Luis
uy,Costa de Víboras
uy,Costas de San José
uy,Cruz de los Caminos
uy,Cruz de los Caminos
uy,Cruz de Piedra
uy,Cuaró
uy,Cuaró
uy,Cuchilla Caraguatá
uy,Cuchilla de Cuadra
uy,Cuchilla del Ombú
uy,Cuchilla del Perdido
uy,Cuchilla de Peralta
uy,Cuchilla Grande
uy,Cuchilla Manguera
uy,Cufré
uy,Cuñapirú
uy,Curticeras
uy,Curtina
uy,Darwin
uy,Daymán
uy,De los Pastores
uy,Delta del Tigre
uy,Díaz
uy,Diecinueve de Abril
uy,Dieciocho de Julio
uy,Diez y Ocho de Julio
uy,Doctor Francisco Soca
uy,Doctor Soca
uy,Dolores
uy,Drabble
uy,Drable
uy,Duranzo
uy,Duraznito
uy,Durazno
uy,Echevarría
uy,Echeverría
uy,Echeverry
uy,Ecilda Paullier
uy,Egaña
uy,El Borracho
uy,El Caño
uy,El Catete
uy,El Ceibo
uy,El Cerro
uy,El Chaco
uy,El Chaco
uy,El Chajá
uy,El Chuy
uy,El Dorado
uy,El Eucaliptus
uy,El General
uy,El Horno
uy,El Hueco
uy,El Infiernillo
uy,El Maturrango
uy,El Oratorio
uy,El Sauce
uy,El Semillero
uy,El Tala
uy,El Tarugo
uy,El Topador
uy,El Tropiezo
uy,Empalme Olmos
uy,Empalme Sauce
uy,Enrique Martinez
uy,E. Robo
uy,Escudero
uy,Española Colonia Agrícola
uy,Esperanza
uy,Espinillar
uy,Espinillo
uy,Estación Ataques
uy,Estación Casupá
uy,Estación Esperanza
uy,Estación Garzón
uy,Estación Goñi
uy,Estación Isla Cabello
uy,Estación Isla de Cabello
uy,Estación Migues
uy,Estación Olmos
uy,Estación Porvenir
uy,Estanzuela
uy,Eucaliptus
uy,Fagúndez
uy,Falagian
uy,Faro del Polonio
uy,Faro de Polonio
uy,Federaciõn
uy,Fernández
uy,Fernández
uy,Ferreira
uy,Ferrer
uy,Ferro Carril
uy,Flor de Maroñas
uy,Florencio Sánchez
uy,Florentino
uy,Floresta
uy,Florida
uy,Fraile Muerto
uy,Francisco Soca
uy,Franquia
uy,Fray Bentos
uy,Frayle Muerto
uy,Fray Marcos
uy,Garibaldi
uy,Garzón
uy,General Borges
uy,General Enrique Martínez
uy,Gerona
uy,Gervasio
uy,Godoy
uy,Goní
uy,González
uy,González
uy,Goyo Martinez
uy,Grecco
uy,Greco
uy,Gregorio Aznárez
uy,Guadalupe
uy,Guaviyú
uy,Guaviyú
uy,Guayabos
uy,Guerrero
uy,Guichón
uy,Heriberto
uy,Horqueta de Castillos
uy,Horqueta
uy,Hospital
uy,Illescas
uy,Independencia
uy,Independencia
uy,Ingeniero Andreoni
uy,Ingeniero Eduardo García de Zúñiga
uy,Ingenio José Serrato
uy,Isidoro Noblía
uy,Isla Cabello
uy,Isla Cabellos
uy,Isla de Cabellos
uy,Isla Mala
uy,Isla Patrulla
uy,Ismael Cortinas
uy,Itapebí
uy,Itapeby
uy,Ituzaingó
uy,Ituzaingó
uy,Javier de Viana
uy,J.E. Rodo
uy,Jiménez
uy,J.L. Lacaze
uy,Joanicó
uy,Joaquín Suárez
uy,Joaquín Suárez
uy,José Batlle y Ordóñez
uy,José Enrique Rodó
uy,José Ignacio
uy,José Ignacio
uy,José Pedro Varela
uy,José P. Varela
uy,J.P. Varela
uy,J. Suarez
uy,J. Suárez
uy,Juan J. Castro
uy,Juan José Castro
uy,Juan Lacaze
uy,Juan L. Lacaze
uy,Juan Soler
uy,Julio María Sanz
uy,Kilómetro 71
uy,Kiyú
uy,La Alegría
uy,La Barra
uy,La Bolsa
uy,La Calavera
uy,La Calera
uy,La Charqueada
uy,La Chirca
uy,La Chiva
uy,La Ciudad de Colonia
uy,La Coronilla
uy,La Cruz
uy,La Cuchilla
uy,Ladrillos
uy,La Esperanza
uy,La Estanzuela
uy,La Floresta
uy,La Floresta
uy,La Florida
uy,La Hilera
uy,La Humedad
uy,La Lata
uy,La Macana
uy,La Mariscala
uy,La Mazamorra
uy,Lambaré
uy,La Micaela
uy,La Mina
uy,La Morcona
uy,La Paloma
uy,La Paloma
uy,La Paraguaya
uy,La Paz
uy,La Pedrera
uy,La Paz
uy,La Pedrera
uy,Lapuente
uy,La Querencia
uy,La Reforma
uy,Larrayos
uy,Larrosa
uy,Las Arenas
uy,Las Brujas
uy,Las Cañas
uy,Lascano
uy,Las Chircas
uy,Las Flores
uy,Las Flores
uy,Las Flores
uy,Las Flores
uy,Las Piedras
uy,Las Piedras
uy,Las Ratas
uy,Las Toscas
uy,Las Toscas
uy,Las Víboras
uy,Las Violetas
uy,Latorre
uy,La Tentaciõn
uy,La Unión
uy,Laura
uy,Laureles
uy,Laureles
uy,Laureles
uy,Lavaderos del Este
uy,Lavaderos
uy,Lavalleja
uy,Lavalleja
uy,Lavalleja
uy,Lazcano
uy,Liberfad
uy,Libertad
uy,Lluveras
uy,Lomas de Carmelo
uy,Lorenzo Geyres
uy,Los Agregados
uy,Los Ahogados
uy,Los Camejos
uy,Los Castros
uy,Los Ceballos
uy,Los Cerrillos
uy,Los Cerros de San Juan
uy,Los Coitinhos
uy,Los Cuadrado
uy,Los Feos
uy,Los Furtado
uy,Los Furtados
uy,Los Garcia
uy,Los Gomez
uy,Los Grozos
uy,Los Mezquitas
uy,Los Novillos
uy,Los Potreros
uy,Los Rodriguez
uy,Los Rosanos
uy,Los Silveyra
uy,Los Talas
uy,Los Talas
uy,Los Vásquez
uy,Lunarejo
uy,Machado
uy,Machado
uy,Maguna
uy,Mal Abriga
uy,Mal Abrigo
uy,Maldonado
uy,Manga
uy,Mangrullo
uy,Manguera
uy,María Albina
uy,María Cejas
uy,María Isabel
uy,Maria Isabel
uy,Marincho
uy,Mariscala
uy,Martín Chico
uy,Martinote
uy,Maroñas
uy,Masoller
uy,Mataojito
uy,Mataojo Chico
uy,Mataojo
uy,Mataojo
uy,Maturrango
uy,Maximo Tajes
uy,Mederos
uy,Medina
uy,Melo
uy,Menafra
uy,Mendizabal
uy,Mendoza Chico
uy,Mendoza
uy,Mercedes
uy,Merinos
uy,Miguelete
uy,Migues
uy,Miguez
uy,Minas de Corrales
uy,Minas de Zapucay
uy,Minas
uy,Minuano
uy,Minuano
uy,Minuano
uy,Moirones
uy,Molles Chico
uy,Molles del Pescado
uy,Molles
uy,Montes
uy,Montevideo Chico
uy,Montevideo Chico
uy,Montevideo
uy,Morató
uy,Mosquitos
uy,Musi
uy,Mouriño
uy,Nando
uy,Nico Pérez
uy,Novillos
uy,Nueva Carrara
uy,Nueva Helvecia
uy,Nueva Palmira
uy,Nuevo Berlín
uy,Nuevo París
uy,Olimar Santa Clara
uy,Olivera
uy,Olivera
uy,Olmos
uy,Ombúes de Lavalle
uy,Ombúes de Oribe
uy,Oratorio
uy,Ordeig
uy,Orgoroso
uy,Oribe
uy,Ovidio Morató
uy,Pablado Paso de Ceferino
uy,Padula
uy,Paguero
uy,Pajas Blancas
uy,Palma
uy,Palmar de Castillos
uy,Palmar de Quebracho
uy,Palmares de Castillos
uy,Palmares de Quebracho
uy,Palma Sola
uy,Palmitas
uy,Palomas
uy,Pan de Azúcar
uy,Pando
uy,Pantanosa de Cuadra
uy,Parada Herrería
uy,Parallé
uy,Paso Antolín
uy,Paso Ataques
uy,Paso Ceferino
uy,Paso Cementerio
uy,Paso de Antolín
uy,Paso de Ataques
uy,Paso de Carpintería
uy,Paso de Carrasco
uy,Paso de Ceferino
uy,Paso de la Cadena
uy,Paso de la Horqueta
uy,Paso de la Laguna
uy,Paso de las Carretas
uy,Paso de las Piedras
uy,Paso de las Piedras
uy,Paso de las Toscas
uy,Paso de Laureles
uy,Paso del Bañado
uy,Paso del Borracho
uy,Paso del Centurión
uy,Paso del Cerro
uy,Paso del León
uy,Paso del Molino
uy,Paso de los Carros
uy,Paso de los Mellizos
uy,Paso de los Toros
uy,Paso del Parque
uy,Paso del Potrero de Arerunguá
uy,Paso del Tapado
uy,Paso de Pache
uy,Paso de Piriz
uy,Paso de San Luis
uy,Paso Francos
uy,Paso Guaviyú del Arapey
uy,Paso Hondo del Arroyo Malo
uy,Paso Hondo
uy,Paso Molino
uy,Paso Pereira
uy,Paso Polanco del Yi
uy,Paso Potrero
uy,Paso Soca
uy,Paso Toscas
uy,Paso Tranqueras
uy,Passo de Ataques
uy,Pavón
uy,Paysandú
uy,Pedernal
uy,Pedrera
uy,Peñarol
uy,Peñarol
uy,Pepe Núñez
uy,Peralta
uy,Piamontesa
uy,Picada de Passano
uy,Piedra del Toro
uy,Piedra Pintada
uy,Piedras Blancas
uy,Piedras Coloradas
uy,Piedras de Afilar
uy,Piedra Sola
uy,Piedras
uy,Piedritas
uy,Pinchazo
uy,Piñera
uy,Pintado Colonia Agrícola
uy,Pintado Grande
uy,Pintado
uy,Pintos
uy,Pirarajá
uy,Piriápolis
uy,Plácido Rosas
uy,Platero
uy,Platón
uy,Playa Atlántida
uy,Poblacion Valentin
uy,Poblado Batoví
uy,Poblado Berruti
uy,Poblado Blanquillo
uy,Poblado Celeste
uy,Poblado Cerro Batoví
uy,Poblado Cerro Chato
uy,Poblado Cerro del Pastoreo
uy,Poblado Cuchilla Caraguata
uy,Poblado Cuchilla de la Manguera
uy,Poblado de Castro
uy,Poblado de Heriberto
uy,Poblado del Borracho
uy,Poblado del Hospital
uy,Poblado del Minuano
uy,Poblado del Minuano
uy,Poblado de los Cuadrados
uy,Poblado de los Morales
uy,Poblado de los Novillos
uy,Poblado del Sauce
uy,Poblado del Turupí
uy,Poblado Echeverry
uy,Poblado General Enrique Martinez
uy,Poblado Godoy
uy,Poblado Goyo Martínez
uy,Poblado Guaviyú
uy,Poblado La Chilca
uy,Poblado La Hilera
uy,Poblado La Humedad
uy,Poblado Lambari
uy,Poblado La Morcona
uy,Poblado Lapuente
uy,Poblado Las Arenas
uy,Poblado Las Chircas
uy,Poblado Las Flores
uy,Poblado Laura
uy,Poblado Laureles
uy,Poblado Laureles
uy,Poblado Lavalleja
uy,Poblado Los Coitinhos
uy,Poblado la Villa
uy,Poblado Los García
uy,Poblado Los Gómez
uy,Poblado Los Grozos
uy,Poblado Los Laureles
uy,Poblado Los Rodríguez
uy,Poblado los Silveira
uy,Poblado Martinote
uy,Poblado Mendizabal
uy,Poblado Moirones
uy,Poblado Montevideo Chico
uy,Poblado Paso de los Novillos
uy,Poblado Paso Hondo
uy,Poblado Rincón de Giloca
uy,Poblado Rincón de la Aldea
uy,Poblado Rincón de la Bolsa
uy,Poblado Rincón de la Laguna
uy,Poblado Rincón de los Muchadas
uy,Poblado Río Negro
uy,Poblado Rivera Chico
uy,Poblado Rolón
uy,Poblado San Benito
uy,Poblado San Ramón
uy,Poblado Sauce de Batoví
uy,Poblado Sause de Tranqueras
uy,Poblado Segarra
uy,Poblado Sosa
uy,Poblado Varese
uy,Poblado Vasquez
uy,Poblado Vichadero
uy,Poblado Zambullón
uy,Poblado Zapucay
uy,Pocitos
uy,Polanco de Ibargoyen
uy,Polanco del Yi
uy,Polanco
uy,Polanco Sur
uy,Polonio
uy,Porongos
uy,Porvenir
uy,Progreso
uy,Pueblito Arevalo
uy,Pueblo 18 de Julia
uy,Pueblo 19 de Abril
uy,Pueblo Achar
uy,Pueblo Cardozo
uy,Pueblo Cebollatí
uy,Pueblo Centenario
uy,Pueblo Conciliación
uy,Pueblo Constitución
uy,Pueblo Cuchilla
uy,Pueblo de Aiguá
uy,Pueblo de Arriba
uy,Pueblo de Barro
uy,Pueblo de la Arena
uy,Pueblo de la Paz
uy,Pueblo del Barro
uy,Pueblo del Carmen
uy,Pueblo del Sauce
uy,Pueblo de Nuestra Señora del Carmen
uy,Pueblo de San Vicente de Castillos
uy,Pueblo Ferrocarril
uy,Pueblo Isla Cabellos
uy,Pueblo Ituzaingó
uy,Pueblo Joaquín Suárez
uy,Pueblo Egaña
uy,Pueblo Juan L. Lacaze
uy,Pueblo la Agraciada
uy,Pueblo La Charqueada
uy,Pueblo Mouriño
uy,Pueblo Nuevo
uy,Pueblo Olimar
uy,Pueblo Sánchez Grande
uy,Pueblo Sanchez
uy,Pueblo Sauce
uy,Pueblo Scavino
uy,Pueblo Velázquez
uy,Pueblo Victoria
uy,Puerto Amaro
uy,Puerto de la Paloma
uy,Puerto del Inglés
uy,Puerto Gómez
uy,Puerto Platero
uy,Punta Carretas
uy,Punta del Este
uy,Puntas de Buricayupí
uy,Puntas de Cañada Grande
uy,Puntas de Cañas
uy,Puntas de Corrales
uy,Puntas del Arenal Chico
uy,Puntas del Arenal
uy,Puntas de las Cañas
uy,Puntas del Parao
uy,Puntas del Sauce
uy,Puntas del Tala
uy,Puntas de Maciel
uy,Puntas de Rolón
uy,Puntas de San Juan
uy,Puntas de Valdez
uy,Puntas Duraznito
uy,Puntas Tamanduá
uy,Quebracho
uy,Quebracho
uy,Queguay
uy,Quiebra Yugos
uy,Quintana
uy,Radial Conchillas
uy,Rafael Perazza
uy,Raigón
uy,Ramón Saravia
uy,Ramón Trigo
uy,Ramos
uy,Rancherío Tejera
uy,Real de San Carlos
uy,Real San Carlos
uy,Reboledo
uy,Reducto
uy,Reynold
uy,Riachuelo
uy,Riffó
uy,Rincón Aldea
uy,Rincón de Baygorria
uy,Rincón de Coronel
uy,Rincón de Cuadra
uy,Rincón de Giloca
uy,Rincón de Gutiérrez
uy,Rincón de la Aldea
uy,Rincón de la Bolsa
uy,Rincón de la Laguna
uy,Rincón del Bonete
uy,Rincón del Cololó
uy,Rincón de los Machado
uy,Rincón de los Negros
uy,Rincón de los Oliveras
uy,Rincón del Pino
uy,Rincón de Moraes
uy,Rincón de Pacheco
uy,Rincón de Pereyra
uy,Rincón de Py
uy,Rincón de Valentines
uy,Rincón de Velázquez
uy,Rincón de Vidal
uy,Rincón de Yaguarí
uy,Rincón
uy,Río Branco
uy,Río Negro
uy,Risso
uy,Rivera Chico
uy,Rivera
uy,Rocha
uy,Rodo
uy,Rodríguez
uy,Roja
uy,Rolón
uy,Rolón
uy,Rolón
uy,Rosario
uy,Rosas
uy,Rossell y Rius
uy,Saca Chispas
uy,Saca Chispas
uy,Sacramento
uy,Salamanca
uy,Salta
uy,Salto
uy,San Antonio
uy,San Antonio
uy,San Bautista
uy,San Benito
uy,San Carlos
uy,Sanchez Chico
uy,Sánchez Grande
uy,Sánchez
uy,San Dios
uy,San Eugenio
uy,San Félix
uy,San Fernando de Maldonado
uy,San Fructuoso
uy,San Gabriel
uy,San Gregorio de Polanco
uy,San Gregorio
uy,San Gregorio
uy,San Gregorio
uy,San Isidrio
uy,San Jacinto
uy,San Javier
uy,San Jorge
uy,San José de Cañas
uy,San José de las Cañas
uy,San José de Mayo
uy,San José
uy,San Juan Bautista
uy,San Juan
uy,San Luis Al Medio
uy,San Luis
uy,San Luis
uy,San Luis
uy,San Martín
uy,San Máximo
uy,San Pedro
uy,San Ramón
uy,San Servando
uy,Santa Bernardina
uy,Santa Catalina
uy,San Ramón
uy,Santa Clara del Olimar
uy,Santa Clara de Olimar
uy,Santa Clara
uy,Santa Ecilda
uy,Santa Ernestina
uy,Santa Fernandina
uy,Santa Isabel
uy,Santa Lucía
uy,Santa María del Pirarajá
uy,Santa María
uy,Santa Rosa del Cuareim
uy,Santa Rosa
uy,Santa Rosa
uy,Santa Teresa
uy,Santiago
uy,Santiago Vázquez
uy,Santo Domingo de Soriano
uy,San Vicente de Castillos
uy,Sarandí de Aceguá
uy,Sarandí de Barceló
uy,Sarandí de Cebollatí
uy,Sarandí de Cuaró
uy,Sarandí de Gutiérrez
uy,Sarandí del Yi
uy,Sarandí de Navarro
uy,Sarandí Grande
uy,Sarandí
uy,Sarandí
uy,Sarandí
uy,Sarandí
uy,Sarandí
uy,Sauce Batoví
uy,Sauce Buricayupí
uy,Sauce Chico de Laureles
uy,Sauce del Yí
uy,Sauce del Yi
uy,Sauce de Queguay
uy,Sauce de San Jorge
uy,Saucedo
uy,Sauce Queguay
uy,Sauce
uy,Sauce
uy,Sauce
uy,Sauce
uy,Sauce
uy,Sauce Solo de Río Negro
uy,Sauce Solo
uy,Sauce Tranqueras
uy,Sauzal
uy,Savago
uy,Sayago
uy,Scavino
uy,Segarra
uy,Sequeira
uy,Sierra de Lunarejo
uy,Soca
uy,Solís de Mataojo
uy,Solís Grande
uy,Solís
uy,Solís
uy,Soriano
uy,Sosa
uy,Soto
uy,Soto
uy,Soto
uy,Suárez
uy,Suárez
uy,Tacuarembó
uy,Tala
uy,Tamanduá
uy,Tambores
uy,Tapia
uy,Tarariras
uy,Tarugo
uy,Tarumán
uy,Termas del Arapey
uy,Tiatocura
uy,Tiatucurá
uy,Toledo
uy,Toledo
uy,Toledo
uy,Tomás Gomensoro
uy,Tomás Paz
uy,Topador
uy,Toro Negro
uy,Totoral
uy,Totoral
uy,Tranqueras
uy,Treinta y Tres
uy,Tres Árboles
uy,Tres Bocas
uy,Tres Bocas
uy,Tres Cerros
uy,Tres Cerros
uy,Tres Esquinas
uy,Tres Islas
uy,Trigo
uy,Trinidad
uy,Tropezón
uy,Tropiezo
uy,Tupambaé
uy,Turupí
uy,Unión
uy,Uruguay
uy,Valdense
uy,Valentines
uy,Valentín Grande
uy,Valentín
uy,Varese
uy,Vázquez
uy,Veinticinco de Agosto
uy,Veinticinco de Mayo
uy,Vejigas
uy,Velasquez
uy,Velázquez
uy,Veras
uy,Vera
uy,Vera
uy,Verdún
uy,Vergara
uy,Vichadero
uy,Vicheadero
uy,Victoria
uy,Vila
uy,Villa Alejandrina
uy,Villa Alesandrina
uy,Villa Borges
uy,Villa Colón
uy,Villa de Canelones
uy,Villa de Fray Bentos
uy,Villa de la Paz
uy,Villa de la Santísima Trinidad
uy,Villa de las Piedras
uy,Villa de la Trinidad
uy,Villa del Carmen
uy,Villa del Cerro
uy,Villa del Rosario
uy,Villa de Pando
uy,Villa de Porongos
uy,Villa de Rivera
uy,Villa de San Carlos
uy,Villa de San Fructuoso
uy,Villa de Soriano
uy,Villa de Tacuarembo
uy,Villa de Treinta y Tres
uy,Villa de Trinidad
uy,Villa Dolores
uy,Villa Don Bosco
uy,Villa Elisa
uy,Villa Española
uy,Villa Fray Bentos
uy,Villa García
uy,Villa General Borges
uy,Villa Independencia
uy,Villa Libertad
uy,Villa María Albina
uy,Villa Maria Isabel Isla de Patrulla
uy,Villa Maria
uy,Villa Muñoz
uy,Villa Nueva
uy,Villa Passano
uy,Villa Sarandí
uy,Villa Sara
uy,Villa Serrana
uy,Villa Vieja
uy,Villa Viñoles
uy,Viñolles
uy,Vuelta del Palmar
uy,Wenceslao Silveira
uy,Yacot
uy,Yaguan
uy,Yaguarí
uy,Young
uy,Zambullón
uy,Zanja Honda
uy,Zanja Honda
uy,Zapará
uy,Zapicán
uy,Zapucay
uy,Zapucay
