vc,Adelphi
vc,Arnos Vale
vc,Ashton
vc,Baiabu
vc,Barawally
vc,Barroualie
vc,Barrouallie
vc,Barrualli
vc,Bednoe
vc,Belle Vue
vc,Belmont
vc,Bequia
vc,Biabou
vc,Brighton
vc,Byera Village
vc,Brighton Village
vc,Caliaqua
vc,Calliagda
vc,Calliaqua
vc,Camden Park
vc,Chapmans
vc,Charlestown
vc,Chateaubelair
vc,Chauncey
vc,Cheltenham
vc,Clare Valley
vc,Clifton
vc,Cliftons
vc,Colonarie
vc,Derrick
vc,Dovers
vc,Dubois
vc,Edinboro
vc,Fancy
vc,Francois
vc,Friendly
vc,Friendship
vc,Georgetown
vc,Greathead
vc,Greiggs
vc,Hermitage
vc,Kingstown
vc,Kingstown Park
vc,Layou
vc,Liberty Lodge
vc,Lovell Village
vc,Mesopatamia
vc,Mesopotamia
vc,Montrose
vc,New Sandy Bay Village
vc,North Union
vc,O'Briens
vc,Old Wall
vc,Orange Hill
vc,Paget Farm
vc,Pembroke
vc,Peruvian Vale
vc,Port-Elisabeth
vc,Port Elizabeth
vc,Princes Town
vc,Questelles
vc,Rabaca
vc,Rabacca
vc,Rabaka
vc,Redemption
vc,Ribishi
vc,Richland Park
vc,Richmond
vc,Richmond Town
vc,Richmond Vale
vc,Rosehall
vc,Rutland Vale
vc,Rutland Vale Village
vc,Sans Souci
vc,South Rivers
vc,Spring Village
vc,Stubbs
vc,Tourama
vc,Troumaka
vc,Turema
vc,Union
vc,Vermont
vc,Wallibou
vc,Wallibu
vc,Waterloo
