vu,Aala
vu,Abanga
vu,Abatabanga
vu,Abatounbouliva
vu,Abatounbwabwa
vu,Abatouwai
vu,Abatvenou
vu,Abnetare
vu,Abouetare
vu,Abounanbay
vu,Abounatari
vu,Abounavahé
vu,Abowi
vu,Abuetare
vu,Abwatountora
vu,Abwatuntora
vu,Aïoua
vu,Aïowo
vu,Aiwos
vu,Aiwos Mission Station
vu,Akam
vu,Alavas
vu,Alélé
vu,Alémémer
vu,Aligu
vu,Alihak
vu,Alolo
vu,Alowarou
vu,Alowou
vu,Amalaboua
vu,Amata
vu,Ambao
vu,Ambousi
vu,Amio
vu,Amok
vu,Amseran
vu,Anabrou
vu,Anamé
vu,Anaouya
vu,Anap
vu,Anawamet
vu,Anégen
vu,Anelbounbékè
vu,Anelgaohat
vu,Anelgauhal
vu,Anelgauhat
vu,Anelghowhat
vu,Anémdanaè
vu,Anémek
vu,Anitchawo
vu,Anowounamalo
vu,Anowounoouras
vu,Antaripoï
vu,Anwaré
vu,Aop
vu,Aouloua
vu,Aoutili
vu,Apopo
vu,Arasa
vu,Aratoa
vu,Aravida
vu,Ariaou
vu,Aroka
vu,Arong
vu,Asé
vu,Assen
vu,Assoué
vu,Assourou
vu,Aronbalato
vu,Ataboulou
vu,Atangouroua
vu,Atavoa
vu,Atsaritibi
vu,Atsoma
vu,Aulua
vu,Avatouna
vu,Aviliana
vu,Avira
vu,Avire
vu,Avounbaka
vu,Avtitnan
vu,Baagwergwèr
vu,Baalap
vu,Baga
vu,Baïtora
vu,Bakakara
vu,Balago
vu,Banhoul
vu,Baréréo
vu,Barik
vu,Barksal
vu,Barvet
vu,Batambon
vu,Batambou
vu,Batarhoumbou
vu,Batarlilip
vu,Bat
vu,Batenfoutou
vu,Batin
vu,Batnavni
vu,Batouitano
vu,Batouna
vu,Batounaéré
vu,Batounaroutoul
vu,Batounboaen
vu,Batounklao
vu,Batounfaramb
vu,Batounlemak
vu,Batountalbarav
vu,Batvoubarav
vu,Baulap
vu,Beer
vu,Bellevue
vu,Bénamour
vu,Bénavoué
vu,Bénéhour
vu,Bétarara
vu,Bétel
vu,Bethel
vu,Béwéto
vu,Bigeïlan
vu,Bilbilou
vu,Bilibil
vu,Biloykoulouwan
vu,Bitar
vu,Boatpasis
vu,Bogor
vu,Bolès
vu,Boloa
vu,Bongabonga
vu,Bonkowia
vu,Borabor
vu,Boroumvor
vu,Bosao
vu,Boton
vu,Botvornov
vu,Bouéboué
vu,Bouégou
vu,Bouinii
vu,Bouisourou
vu,Boulhak
vu,Boumhaéham
vu,Bounahatsa
vu,Bounanbaga
vu,Bouniakoup
vu,Bounlap
vu,Bourbar
vu,Bouroumba
vu,Bouté-Bouté
vu,Boutmaraémojoro
vu,Boutmas
vu,Boutnavaga
vu,Bowé
vu,Brennwé
vu,Bucumba
vu,Bumboko
vu,Bunlap
vu,Burumba
vu,Bwatnapné
vu,Bwéhaltalam
vu,Bwélétaveureukon
vu,Centre
vu,Chinohouse
vu,Crépéta
vu,Dalops
vu,Dalotaropou
vu,Deuriv
vu,Dirihi
vu,Douane
vu,Douèn
vu,Douin Doui
vu,Dovin Doui
vu,Drivaï
vu,Duin Dui
vu,Ebao
vu,Eili
vu,Ekar
vu,Elia
vu,Ellarmo
vu,Emiotébin
vu,Emiotouan
vu,Emoa
vu,Empaoura
vu,Emua
vu,Endou
vu,Enfitana
vu,Engem
vu,Eniou
vu,Enkaro
vu,Enkoul
vu,Enouwakeur
vu,Enpinane
vu,Eouta
vu,Epantgoueï
vu,Epao
vu,EpÌang
vu,Epule
vu,Erano
vu,Erata
vu,Eren
vu,Erévoulay
vu,Espen
vu,Eton
vu,Etpouléo
vu,Éuta
vu,Evitawo
vu,Falan
vu,Falatasa
vu,Falibeur
vu,Fali
vu,Falimapkon
vu,Faloua
vu,Famban
vu,Fandoué
vu,Fanebal
vu,Fanla
vu,Fanouatatao
vu,Fanpatey
vu,Fanréréo
vu,Fantiékon
vu,Faréalapa
vu,Faroun
vu,Farsari
vu,Fartabo
vu,Féléa
vu,Fila
vu,Filakara
vu,Fingalato
vu,Finongi
vu,Fiourou
vu,Fisina
vu,Fona
vu,Fonteng
vu,Fontengro
vu,Fonwor
vu,Forari
vu,Foréas
vu,Fortsenal
vu,Founpat
vu,Fousroumbous
vu,Fwimambwetoli
vu,Fwimatal
vu,Fwimbérougou
vu,Gavigamana
vu,Gébénour
vu,Gniérenioumen
vu,Goulouf
vu,Goun
vu,Green Hill
vu,Grempo
vu,Halos
vu,Hangar
vu,Happy Land
vu,Harimal
vu,Hawor
vu,Hébel
vu,Hémébouer
vu,Hog Harbour
vu,Hokoua
vu,Hokua
vu,Holen
vu,Horrok
vu,Houbikou
vu,Hounnbank
vu,Iakobone
vu,Iaosaou
vu,Iaouwa
vu,Iasoa
vu,Ifo
vu,Ignal
vu,Iilé
vu,Ijeptzav
vu,Ikahakahak
vu,Ikaokao
vu,Ikaseukwi
vu,Ikeupo
vu,Ikiyoo
vu,Ikounala
vu,Ikounap
vu,Ikouroup
vu,Ilamré
vu,Iléreup
vu,Ileupouoou
vu,Iliwaba
vu,Ilisilis
vu,Ilpweutou
vu,Imaki
vu,Imalé
vu,Imareukak
vu,Imlao
vu,Imreang
vu,Imwafeun
vu,Imwapeul
vu,Imwareupo
vu,Imwaya
vu,Inap
vu,Inter
vu,Invanou
vu,Ioul
vu,Ipao
vu,Ipenyen
vu,Ipeukel
vu,Ipeukeul
vu,Ireupuow
vu,Iriré
vu,Isaka
vu,Isangel
vu,Isarkey
vu,Isavaï
vu,Isino
vu,Isowai
vu,Itakoma
vu,Itamotou
vu,Itounga
vu,Iwey
vu,Jasmori
vu,Kaïntsouro
vu,Kaïpiloa
vu,Kamel Léwawa
vu,Kaounoméikeur
vu,Kariamaoura
vu,Karo
vu,Katbol
vu,Kéké
vu,Kérembéi
vu,Kérémbitia
vu,Kérénaoura
vu,Kérénavura
vu,Kérentavou
vu,Kérépoua
vu,Kindou
vu,Koïmarama
vu,Kolé
vu,Konaékeun
vu,Konkon
vu,Korro
vu,Koulbaga
vu,Koulouwan
vu,Kouptana
vu,Kouroumanpé
vu,Kourourétapo
vu,Kranturoe
vu,Krantvroe
vu,Kuru
vu,Kwakéa
vu,Kwanglav
vu,Kwétégaveg
vu,Laanbek
vu,Labo
vu,Laborha
vu,Laboué
vu,Laboultamat
vu,Labwarou
vu,Ladhu
vu,Lahoénuwi
vu,Lakatoro
vu,Lakéréré
vu,Lakétam
vu,Lakinasouman
vu,Laknasoua
vu,Laladiva
vu,Lalaéré
vu,Lalbétaès
vu,Lalda
vu,Lalembou
vu,Lalembu
vu,Lalinda
vu,Laloupleïto
vu,Lalwori
vu,Lamak
vu,Lamalanga
vu,Lamamas
vu,Lamarakaï
vu,Lamaro
vu,Lamap
vu,Lamarou
vu,Lamboukouti
vu,Lamboulpatouey
vu,Lambwaen
vu,Lamengo
vu,Lametin
vu,LamÌinaora
vu,Lamniat
vu,Lamorou
vu,Lamorountoa
vu,Lamouéneuvel
vu,Lampétiar
vu,Lamwinaoura
vu,Langoutoïtoli
vu,LangromÌos
vu,Lankourou
vu,Lanour
vu,Lao
vu,Laoné
vu,Laonomoa
vu,Laosaké
vu,Laounalang
vu,Lapé
vu,Lapourépouré
vu,Lararomboha
vu,Larata
vu,Laratava
vu,Laravet
vu,Laravinambosvi
vu,Larawèt
vu,Larévet
vu,La Roseraie
vu,Larouanou
vu,Laroup
vu,Lasméa
vu,Lasoulé
vu,Lasoulépona
vu,Lasoulésoulé
vu,Latano
vu,Lativilan
vu,Latounoukaé
vu,Latouptoup
vu,Lavalsal
vu,Lavatavo
vu,Laven
vu,Lavonda
vu,Lavousi
vu,Lavoutou
vu,Lawaawa
vu,Lawe
vu,Lawénata
vu,Lawisa
vu,Léar
vu,Léblia
vu,Léboukouvini
vu,Leboung
vu,Léboutsousap
vu,Lebutt
vu,Lédavi
vu,Légal
vu,Léhunang
vu,Leïwoma
vu,Lékoual
vu,Le Lagon
vu,Lélé
vu,Lélislis
vu,Lélowalo
vu,Lélvah
vu,Lémalda
vu,Léman
vu,Lembinwen
vu,Lémèmbléké
vu,Lémettou
vu,Lémwelmwel
vu,Lénakel
vu,Lénaken
vu,Lénana
vu,Lénapouas
vu,Lenaükas
vu,Lénépin
vu,Lenmowet
vu,Lenok
vu,Lénor
vu,Lenwakmoul
vu,Lepersivir
vu,Léppa
vu,Lerasangoul
vu,Lératowo
vu,Léronron
vu,Lérourouk
vu,Les Allobroges
vu,Lésarmalras
vu,Lésasa
vu,Léséréplag
vu,Les Lagunes
vu,Lésoubélakan
vu,Létévenrar
vu,Létowaleue
vu,Létowopom
vu,Letut
vu,Leumanggoviati
vu,Leve
vu,Lével
vu,Léviamp
vu,Lévolvol
vu,Lewaïbilak
vu,Léwawa
vu,Lewelvaru
vu,Liékar
vu,Lihiouk
vu,Lihiwouk
vu,Likalia
vu,Likon
vu,Limalgan
vu,Limap
vu,Limbot
vu,Limdi
vu,Linarar
vu,Linboul
vu,Linèn
vu,Liro
vu,Litzlitz
vu,Loameul
vu,Loanengo
vu,Loarou
vu,Lobanga
vu,Lobatmas
vu,Loéafi
vu,Loélafomwa
vu,Loghvari
vu,Lokéarou
vu,Lokoten
vu,Lolbwavato
vu,Loldomaé
vu,Loliboulo
vu,Lolibwé
vu,Lolimari
vu,Lolimari
vu,Lolmambwéo
vu,Loloarou
vu,Lolobanga
vu,Loloikala
vu,Lolokalato
vu,Lolomangoua
vu,Lolomatwi
vu,Lolombivounié
vu,Lolominiou
vu,Lolonwélé
vu,Lolopinawa
vu,Lolopuépé
vu,Lolopuépué
vu,Lolopwépwé
vu,Lolosori
vu,Lolotingé
vu,Lolovangé
vu,Lolovélé
vu,Lolovotali
vu,Lolowaï
vu,Lolowarou
vu,Loloway
vu,Lolsaliwann
vu,Lolsanga
vu,Loltong
vu,Loluerkon
vu,Lomalanga
vu,Lomatéïwéï
vu,Lombaha
vu,Loméméti
vu,Lomtéhékeul
vu,Lomteuhéakal
vu,Lomwanapiep
vu,Lonasilian
vu,Lonbaha
vu,Lonbarnié
vu,Lonbilingdoun
vu,Lonboué
vu,Lonbouréoul
vu,Lonbwélo
vu,Londwa
vu,Loné
vu,Lonengwarao
vu,Loneowei
vu,Lonepan
vu,Lonépéyéwié
vu,Longangoua
vu,Longwarou
vu,Lonha
vu,Lonhao
vu,Lonlébi
vu,Lonmink
vu,Lononwei
vu,Lonorore
vu,Lonré
vu,Lonsal
vu,Lontigé
vu,Lonwaditari
vu,Lonwar
vu,Lonwel
vu,Lonyemyem
vu,Loonékiyawileung
vu,Loonélangat
vu,Loonélapeun
vu,Loonoo
vu,Loopa
vu,Loouanapouta
vu,Looukas
vu,Looukeureus
vu,Looulooupou
vu,Looumwanoumwan
vu,Loounaoula
vu,Loounapkamey
vu,Loounapkaülangeus
vu,Loounapkiko
vu,Loounatkey
vu,Loounékaweuk
vu,Loounémeloupang
vu,Loouniel
vu,Loounihm
vu,Loounimhapeun
vu,Looutel
vu,Looutopounga
vu,Loptoro
vu,Lorédiakarkar
vu,Loriéno
vu,Losokwarou
vu,Losoué
vu,Lotabone
vu,Lotapouna
vu,Lotawan
vu,Loua
vu,Louganville
vu,Loulep
vu,Louli
vu,Lounaragi
vu,Lounékoukwéou
vu,Louoïmalakaï
vu,Loupaléa
vu,Louri
vu,Lourou
vu,Lovénoué
vu,Loviarou
vu,Lovis
vu,Lovonolivo
vu,Lowaïnasasa
vu,Lowa
vu,Lowarhé
vu,Lowatmémèr
vu,Lowatoumbé
vu,Lowéao
vu,Lowékéwou
vu,Lowe
vu,Lowenof
vu,Lowérié
vu,Lowiravé
vu,Lowitawor
vu,Lowitava
vu,Lowiteul
vu,Lowosi
vu,Lowounbouga
vu,Lowoudbé
vu,Luganville Bay
vu,Lowountawor
vu,Luganville
vu,Maé
vu,Maat
vu,Maé
vu,Maé-Moraé
vu,Magam
vu,Makata
vu,Makatambo
vu,Makéoné
vu,Makéon
vu,Malaliou
vu,Malao
vu,Malaora
vu,Malapat
vu,Malboral
vu,Malfakal
vu,Malmariv
vu,Maloéta
vu,Malori
vu,Malouibakaranaé
vu,Maloutfol
vu,Malvér
vu,Malvouko
vu,Mandri
vu,Mangarisiou
vu,Mangorango
vu,Manpay
vu,Mapkinkin
vu,Manuro
vu,Mapoua
vu,Mapouna
vu,Maraé
vu,Marao
vu,Marchal
vu,Marembako
vu,Marino
vu,Maronron
vu,Marou
vu,Marow
vu,Maru
vu,Masalato
vu,Masol
vu,Mataé
vu,Matala
vu,Mataméa
vu,Matandan
vu,Matangui-Salembanga
vu,Matanpousa
vu,Matansao
vu,Matanvat
vu,Mataravi
vu,Matbopo
vu,Maté
vu,Maténoua
vu,Matié
vu,Matin'gi
vu,Mat
vu,Matnavando
vu,Matnavora
vu,Matoa
vu,Mavora
vu,Mbarévit
vu,Mégam
vu,Melbulbul
vu,Melcofé
vu,Mele
vu,Mélibwé
vu,Mélip
vu,Melsisi
vu,Meltébin
vu,Mélten
vu,Melto
vu,Melwar
vu,Membrémo
vu,Ménégoro
vu,Méraroua
vu,Méré
vu,Mériver
vu,Mésabolo
vu,Métadounkoul
vu,Métamli
vu,Métanwar
vu,Métarouk
vu,Métavèn
vu,Météo
vu,Métésari
vu,Milipe
vu,MÌosol
vu,Mission d' Aouloua
vu,Modi
vu,Moériou
vu,Mogam
vu,Mohoun'gha
vu,Moliitsi
vu,Molorhaï
vu,Mondoro
vu,Mon Exil
vu,Montmartre
vu,Morgrif
vu,Morioul
vu,Moriou
vu,Morouas
vu,Morou
vu,Mosina
vu,Moualakot
vu,Mourakawer
vu,Mouroubak
vu,Naano
vu,Nabagaaki
vu,Nabènbèné
vu,Nabounay
vu,Naboutariki
vu,Naboutouriki
vu,Nabutri
vu,Naéréré
vu,Nagap
vu,Nagataro
vu,Nagwingwim
vu,Naïngama
vu,Nakalato
vu,Nakéré
vu,Nakonrabonga
vu,Nakouita
vu,Namalao
vu,Namaous
vu,Namaram
vu,Namarao
vu,Namassari
vu,Namatasopa
vu,Namatooukou
vu,Nambaramout
vu,Nambia Tri
vu,Namoumou
vu,Namsafoura
vu,Nanaharoua
vu,Nanako
vu,Nanamorou
vu,Nandoro
vu,Nandouha
vu,Nangiré
vu,Nangouèr
vu,Nangouroua
vu,Nanguilé
vu,Nanoé
vu,Naoné
vu,Naoné
vu,Naouli
vu,Naous
vu,Napérol
vu,Napila
vu,Napil
vu,Napoua
vu,Napoul
vu,Naram
vu,Napor
vu,Narango
vu,Naréa
vu,Nareget
vu,Narouah
vu,Naroutoli
vu,Narouwo
vu,Narovorovo
vu,Nasagoro
vu,Nasanga
vu,Nasawa
vu,Natalou
vu,Natambu
vu,Natanopéta
vu,Natapao
vu,Natarimboé
vu,Natavoa
vu,Natchino
vu,Natourouk
vu,Natowoulata
vu,Natséré
vu,Navaras
vu,Navel
vu,Naviso
vu,Navitora
vu,Navolou
vu,Navolou
vu,Navonda
vu,Navoun
vu,Navoutiloui
vu,Navouti
vu,Navoutouriki
vu,Nayo
vu,Nazareth
vu,Nazareth-Rantis
vu,Ndui Ndui
vu,Néafou
vu,Néha
vu,Nehatlin
vu,Néhatourou
vu,Nelvololkar
vu,Neubul
vu,Ngalaporoua
vu,Ngalavasorou
vu,Ngalovasoro
vu,Ngouroua
vu,Nikaoura
vu,Nikapa
vu,Nikaura
vu,Nivénou
vu,Noboros
vu,Nobouvilévilé
vu,Nogougou
vu,Nogugu
vu,Nokokoul
vu,Nokombilatata
vu,Nokonbouin
vu,Nokongiri
vu,Nokonsédé
vu,Nokosaké
vu,Nokowoula
vu,Nokuku
vu,Nonona
vu,Noou
vu,Norsoup
vu,Norsup
vu,Nosousou
vu,Noul
vu,Nounapon
vu,Nountor
vu,Nouvi
vu,Npénanavèt
vu,Olal
vu,Olasi
vu,Olbanga
vu,Oloul
vu,Olpoï
vu,Olpoy
vu,Olul
vu,Olwaa
vu,Ombous
vu,Onésoua
vu,Onesua
vu,Onétar
vu,Ontar
vu,Orap
vu,Orati
vu,Oroïbao
vu,Oroni
vu,Orota
vu,Otas
vu,Oualonrigui
vu,Oualourigui
vu,Oulé
vu,Oumetch
vu,Ounakop
vu,Ounasoule
vu,Ounavahé
vu,Ounèvsèm
vu,Ounoua
vu,Ounwarou
vu,Ouo-Ouo
vu,Oupongkor
vu,Oureboul
vu,Ouro
vu,Ousiév
vu,Oussélé
vu,Outanlang
vu,Outèr
vu,Paétoré
vu,Païa
vu,Pakapoultol
vu,Pakaroro
vu,Pakatam
vu,Palikoulo
vu,Palikulo
vu,Pamel
vu,Panap
vu,Panas
vu,Panbroun
vu,Pancros
vu,Pangakara
vu,Pangona
vu,Pango
vu,Panhavoul
vu,Panita
vu,Panmouwouom
vu,Panoka
vu,Pantévamal
vu,Paonangisu
vu,Paonanguis
vu,Paona
vu,Paouléli
vu,Papasoulé
vu,Papoulasmel
vu,Patembiou
vu,Paten
vu,Pêcherie
vu,Péléworéarou
vu,Pellonk
vu,Pélol
vu,Pénantsiro
vu,Pénap
vu,Péniciès
vu,Pénoubéré
vu,Pépéksal
vu,Périmengdé
vu,Pesia
vu,Peskarous
vu,Peskarüs
vu,Pétel
vu,PÌang-PÌang
vu,Piapiéo
vu,Piapouria
vu,Pila
vu,Pilioura
vu,Piloé
vu,Pinaloum
vu,Pinambo
vu,Pinambro
vu,Pitikabilendromé
vu,Pinapel
vu,Pivosava
vu,Plamaé
vu,Ploé
vu,Poal
vu,Poétsaysay
vu,Pohourour
vu,Poliba
vu,Ponof
vu,Ponrah
vu,Pontasipsip
vu,Poporonous
vu,Porao
vu,Port Fila
vu,Port-Havannah
vu,Port Lautour
vu,Port-Olry
vu,Port-Stanley
vu,Port-Vato
vu,Port-Vila
vu,Potiraousak
vu,Potlouzi
vu,Potnarhvin
vu,Potnaroumpouo
vu,Potnarvin
vu,Potovrou
vu,Pouilipoé
vu,Pouillet
vu,Pouiloppoe
vu,Pounalvat
vu,Pourao
vu,Pouriawot
vu,Pourké
vu,Pourtihé
vu,Poussabier
vu,Poussy
vu,Poutoumiel
vu,Pwélé
vu,Pwelpitou
vu,Qunassoule
vu,Radier
vu,Rafinga
vu,Raga
vu,Rambak
vu,Rambouan
vu,Rampounisia
vu,Rampounmampouo
vu,Rampounrougou
vu,Ramwady
vu,Ranbili
vu,Ranbwé
vu,Ranhor
vu,Ranmawat
vu,Ranmouhou
vu,Ranon
vu,Rano
vu,Ranpoutor
vu,Ranpout
vu,Ransaré
vu,Rantas
vu,Ranuetlam
vu,Ranvérékon
vu,Ranwas
vu,Ranwilinto
vu,Rarepa
vu,Rasfahalo
vu,Rata
vu,Remèp
vu,Renmar
vu,Répanbitipbonour
vu,Rerepa
vu,Rerep
vu,Rétour
vu,Rewoka Naboa
vu,Rewoka Namalachi
vu,Ringdove
vu,Rip
vu,Rive Yan
vu,Robago
vu,Roghuros
vu,Rongétra
vu,Ropoutsoum
vu,Roria
vu,Rougoumbo
vu,Roupési
vu,Rovo
vu,Rowok
vu,Rowonawo
vu,Rowo
vu,Rukumbo
vu,Saama
vu,Saé
vu,Safiou
vu,Saint Benoit
vu,Sainte-Anne
vu,Sainte-Marie
vu,Sainte Thérèse
vu,Sainte Thérèse
vu,Saint-François
vu,Saint Gabriel
vu,Saint Henri et Saint-Paul
vu,Saint Henri
vu,Saint Joseph
vu,Saint Michel
vu,Saint-Paul
vu,Saï
vu,Sakao
vu,Sakau
vu,Sakéani
vu,Saké
vu,Saktouy
vu,Salap
vu,Saltas
vu,Samarandas
vu,Sameria
vu,SamÌeo
vu,Samoao
vu,Samo
vu,Samuao
vu,Sanakoumbé
vu,Sanapapa
vu,Sanasoup
vu,Sang'hava
vu,Sankay
vu,Santo
vu,Sanwar
vu,Saouma
vu,Saou
vu,Saraerao
vu,Saranamoundou
vu,Saranatogoro
vu,Saraotou
vu,Saritamata
vu,Sarmét
vu,Sarmette
vu,Sarouaétan
vu,Sasaké
vu,Sasaki
vu,Sasanadam
vu,Sasia
vu,Selembanga
vu,Selembenga
vu,Sénal
vu,Sesake
vu,Sesaki
vu,Sésivi
vu,Sessivi
vu,Siviri
vu,Slelouré
vu,Slétassimal
vu,Soamal
vu,Sola
vu,Sonrha
vu,Souléiséré
vu,Souléoutoubari
vu,Soulé
vu,Souloua
vu,Sounaï
vu,South River
vu,Stade
vu,Sydney
vu,Taal Nétan
vu,Tabalabalaran
vu,Taboukavika
vu,Taboulan
vu,Tabounboder
vu,Taboutsoui
vu,Tabwé
vu,Tabwimoli
vu,Tabwimol
vu,Taémammavi
vu,Tafia
vu,Tafoualé
vu,Tahi
vu,Tahouta
vu,Taïwi
vu,Taktak
vu,Talatas
vu,Talomaco
vu,Talomako
vu,Tambatalo
vu,Tamlilip
vu,Tanbok
vu,Tanbouipil
vu,Tanboun
vu,Tangis
vu,Tanlapa
vu,Tanmaéto
vu,Tanoï
vu,Tanopousa
vu,Tanoriki
vu,Tanoutcho
vu,Tanrig
vu,Tanrik
vu,Taoloa
vu,Taoumanouni
vu,Taoutou
vu,Taouwa
vu,Taraïbé
vu,Tarasag
vu,Tasfaron
vu,Tasiriki
vu,Tasmaloum
vu,Tasmaloun
vu,Tasmalune
vu,Tasmalune Trader
vu,Tasmaori
vu,Tasmate
vu,Tasmat
vu,Tassematte
vu,Tassériki
vu,Tassmatta
vu,Tatafo
vu,Tataïkalo
vu,Tatouira
vu,Tavala
vu,Tavalavala
vu,Tavendroua
vu,Taviac
vu,Tavio
vu,Tavoa
vu,Tavoloua
vu,Tavoni
vu,Tawor
vu,Télékey
vu,Tellit
vu,Témaonu
vu,Tématou
vu,Tembotalo
vu,Tenmarou
vu,Tenmérer
vu,Tenmial
vu,Tentaréssak
vu,Tentaréssoup
vu,Terebia
vu,Terebiu
vu,Térou
vu,Tétavalé
vu,Teuvrat
vu,Tichlélamboué
vu,Tigalga
vu,Tikilasoa
vu,Tioungwi
vu,Tiouroumbo
vu,Tisbel
vu,Tivel
vu,Toak
vu,Tobol
vu,Tobotoumbo
vu,Tokofé
vu,Tokor
vu,Tolab
vu,Tolag
vu,Tolav
vu,Tolomako
vu,Tombaesar
vu,Tombet
vu,Tomboul
vu,Tondila
vu,Tongaméa
vu,Tongwé
vu,Tonvar
vu,Toou
vu,Torari
vu,Tosi
vu,Totokat
vu,Toumbouria
vu,Toupouétap
vu,Tourébiou
vu,Towol
vu,Tsaraépaé
vu,Tsaraépéla
vu,Tsarapao
vu,Tsariaorou
vu,Tsinioni
vu,Tsuréviu
vu,Umpon Yélongi
vu,Unpongkor
vu,Utanlangi
vu,Vaitini
vu,Valaé
vu,Valesdir
vu,Vanaïa
vu,Vanis
vu,Vanmwel
vu,Vanréwérep
vu,Vansémakoul
vu,Vapana
vu,Varabibi
vu,Varéwérèp
vu,Varsaré
vu,Var
vu,Vas
vu,Vatavoui
vu,Vatiinopo
vu,Vatlés
vu,Vatorousin
vu,Vatoukampani
vu,Vatounaki
vu,Vatowasis
vu,Vatrada
vu,Vatrof
vu,Vatroto
vu,Véroué
vu,Ver
vu,Vesalia
vu,Vétoubosor
vu,Veutümboso
vu,Vévérao
vu,Vias
vu,Viei
vu,Vienna
vu,Vilakalaka
vu,Vila
vu,Viniou
vu,Vipaka
vu,Vir
vu,Vitouara
vu,Votlo
vu,Vougénéré
vu,Vourias
vu,Vournéré
vu,Vousin
vu,Vovo
vu,Wadounbaba
vu,Wadounbowi
vu,Wadounmwel
vu,Wadovaga
vu,Waéling
vu,Waésisi
vu,Wailapa
vu,Waïlep
vu,Wakon
vu,Walembwé
vu,Wali
vu,Wall
vu,Walourigi
vu,Walpey
vu,Walraoul
vu,Walurighi
vu,Walurigi
vu,Wanawéré
vu,Wanbagam
vu,Wangtoo
vu,Wanou
vu,Wara Kapa
vu,Waraparo
vu,Wararana
vu,Wasaka
vu,Wasaléa
vu,Watangwélé
vu,Waterfall
vu,Watfanwa
vu,Watiawoli
vu,Wawo
vu,Waylapa
vu,Wéilbéri
vu,Wélawéa
vu,Wéravénou
vu,White Sands
vu,Wiana
vu,Wienna
vu,Wihel
vu,Wilir
vu,Wilit
vu,Wilmèt
vu,Winbou
vu,Winia
vu,Winougap
vu,Wintoua
vu,Wintua
vu,Win
vu,Witaba
vu,Woïnkoni
vu,Wonisule
vu,Woo
vu,Worafiou
vu,Woralapa
vu,Worlembraki
vu,Worlissliss
vu,Wornambek
vu,Worovok
vu,Worowloa
vu,Wortatcha
vu,Wosaga
vu,Woulélé
vu,Woulior
vu,Woumorou
vu,Wounahaowoumhoum
vu,Wounaouss
vu,Wounaout
vu,Wounapaka
vu,Wounapéras
vu,Wounawati
vu,Woundrpoutsour
vu,Wounpipi
vu,Wounpouko
vu,Wounépara
vu,Woungmouil
vu,Wounsoulé
vu,Wountavitslavo
vu,Wounwaka
vu,Wouréwérèp
vu,Wousi
vu,Wousounmwèl
vu,Wouta
vu,Wowo
vu,Wunpuka
vu,Wunpuko
vu,Wunpuku
vu,Wuro
vu,Wusi
vu,Wus
vu,Yakoukak
vu,Yakoul
vu,Yakounétikaoulil
vu,Yakwaraka
vu,Yakwipeur
vu,Yanamahou
vu,Yanamwakel
vu,Yanaouhiya
vu,Yanarbon
vu,Yanavatang
vu,Yankoula
vu,Yankwanénéay
vu,Yanmileun
vu,Yaoukouriruang
vu,Yapana
vu,Yapimay
vu,Yapnawitaleng
vu,Yarouareung
vu,Yasmori
vu,Yatoukwey
vu,Yéléwar
vu,Yélowouwou
vu,Yémamoso
vu,Yéno
vu,Yérou
vu,Yétakapé
vu,Yétap
vu,Yimnakayip
vu,Yoknaéka
vu,Ytapoua
