zw,100 Acre Lots
zw,Adylinn
zw,Alexandra Park
zw,Amandas
zw,Amby
zw,Angus Ranch
zw,Antelope
zw,Antelope Mine
zw,Antenior
zw,Arcadia
zw,Arcadia South
zw,Arcadia West
zw,Arcturas
zw,Arcturus
zw,Ardbennie
zw,Arlington
zw,Arlington Estate
zw,Ascot
zw,Ashbrittle
zw,Ashdown Park
zw,Aspindale Park
zw,Athlone
zw,Avenues
zw,Avoca
zw,Avondale
zw,Avondale Township
zw,Avondale West
zw,Avonlea
zw,Avon Rise
zw,Babblespruit
zw,Badminton Block
zw,Balabala
zw,Balla Balla
zw,Ballantyne Park
zw,Balule
zw,Bangamakuni
zw,Bangamukumi
zw,Banke
zw,Banket
zw,Banket Junction
zw,Bannockburn
zw,Barbour Fields
zw,Barham Green
zw,Barrington
zw,Battlefield
zw,Battlefields
zw,Bauhinia
zw,Bayi Bayi
zw,Beitbridge
zw,Belgravia
zw,Belingwe
zw,Beatrice
zw,Bellevue
zw,Belmont
zw,Belmont East
zw,Belvedere North
zw,Belvedere South
zw,Belvedere
zw,Bemba
zw,Bembesi
zw,Bembezi
zw,Bemthree
zw,Beswota
zw,Beverley
zw,Beverley West
zw,Bezha
zw,Bikeni Nyemba
zw,Bikita
zw,Bindura
zw,Bindura Town
zw,Binga
zw,Bingley
zw,Birchenough Bridge
zw,Bivis
zw,Bizene
zw,Blew Bonny
zw,Bloomingdale
zw,Blue Gum
zw,Bluff Hill
zw,Bluff Hill Park
zw,Boli
zw,Bolton
zw,Bonke
zw,Bonko
zw,Bonkwe
zw,Bonzo
zw,Borrowdale
zw,Borrowdale Brook
zw,Borrowdale Brooke
zw,Borrowdale Estate
zw,Borrowdale West
zw,Bota
zw,Bothashof
zw,Bradley Institute
zw,Braeside
zw,Brawlands
zw,Bromley
zw,Brooke Ridge
zw,Bubu
zw,Budiriro 2
zw,Budiriro 4
zw,Budiriro 5
zw,Budiriro
zw,Buffalo Range
zw,Buhera
zw,Bulale
zw,Bulawayo
zw,Bumi Hills
zw,Burnside
zw,Buschtick
zw,Bushtick
zw,Butabubili
zw,Butabulili
zw,Cashel
zw,Cathleen
zw,Cawunajena
zw,Cement
zw,Cement Siding
zw,Cement Station
zw,Centenary
zw,Chababomera
zw,Chabili
zw,Chadcombe
zw,Chafutchi
zw,Chakara
zw,Chakari
zw,Chamnanga
zw,Chancit
zw,Chatsworth
zw,Cheguto
zw,Chegutu
zw,Chemhondoro
zw,Chereya
zw,Chibi
zw,Chibuwe
zw,Chichindwe
zw,Chief Chereya's Village
zw,Chief Dabola
zw,Chief Mabigwa
zw,Chief Mabikwa
zw,Chief Madhliwa
zw,Chief Mahlaba
zw,Chief Mswigana
zw,Chief Myinga
zw,Chief Nebiris Village
zw,Chief Saba
zw,Chief Sai
zw,Chief Sikobokobo
zw,Chief Simupas Village
zw,Chief Sinampande
zw,Chief Sinangatenkes Village
zw,Chief Sinasenkwe
zw,Chief Sinsalis Village
zw,Chief Siposa
zw,Chief Siposo
zw,Chief Sivalo
zw,Chikombu
zw,Chikomo
zw,Chilimanzi
zw,Chimanimani
zw,Chimbango
zw,Chimsasa
zw,Chinex
zw,Chinhoyi
zw,Chinoyi
zw,Chipimfwe
zw,Chipinga
zw,Chipinge
zw,Chipise
zw,Chiporiro
zw,Chipuriro
zw,Chiredzi
zw,Chirimuanzu
zw,Chirunda
zw,Chirundo
zw,Chirundu
zw,Chirundu Township
zw,Chisipite
zw,Chiso
zw,Chisumbanje
zw,Chitofa
zw,Chitsunga
zw,Chitsungo
zw,Chitungwiza
zw,Chiva
zw,Chivhu
zw,Chiwakanyama
zw,Chizanje
zw,Chomwedzi
zw,Chulu
zw,Churugwi
zw,City Centre
zw,City
zw,Civic Centre
zw,Claremont
zw,Cleveland Park
zw,Clovelly
zw,Cold Comfort
zw,Colleen Bawn
zw,Colne Valley
zw,Colray
zw,Comet Rise
zw,Concession
zw,Connemara
zw,Connemara Mine
zw,Coronation Park
zw,Cotswold Hills
zw,Craigengower
zw,Craiglee
zw,Craigmore
zw,Cranborne
zw,Cranborne Park
zw,Crawborough
zw,Croft Mine
zw,Crowborough North
zw,Dabolas
zw,Dabula
zw,Dagamella
zw,Dahlia
zw,Daisyfield
zw,Dangamvura
zw,Darwendale
zw,Darwin
zw,Dawn Hill
zw,Dawsons
zw,Delmore
zw,Dema Business Centre
zw,Dema
zw,Derbyshire Township
zw,Dete
zw,Dett
zw,Dewsbury
zw,Dhlakapiya
zw,Dhlamini
zw,Dingandawo
zw,Dingindawa
zw,Disi
zw,Doma
zw,Dombo
zw,Domboshawa
zw,Dombosnawa
zw,Donnington
zw,Donnybrook
zw,Dorowa Claims
zw,Dorowa
zw,Dorowa Mining Lease
zw,Douglasdale
zw,Downlands Park
zw,Duchess Hill
zw,Dungarven
zw,Dunkirk
zw,Dunowen
zw,Dzivareskwa
zw,Dzorora
zw,Eastlea
zw,Eastlea North
zw,Eastlea South
zw,Eastnor
zw,East Queens Park
zw,Ebabeni
zw,Ebizeni
zw,Egagwini
zw,Egomeni
zw,Ehampeni
zw,Eiffel Flats
zw,Elandshoek
zw,Elangeni
zw,Eldorado
zw,Eloana
zw,Emakhandeni
zw,Emanaleni
zw,Emangweni
zw,Emateshaneni
zw,Ematetshaneni
zw,Emerald Hill
zw,Emfelabuso
zw,Emgolweni
zw,Emgomeni
zw,Emkayeni
zw,Empafeni
zw,Empisini
zw,Empress Mine Township
zw,Emqolweni
zw,Emvana
zw,Emyana
zw,Enhlangano
zw,Enkeldoorn
zw,Enqameni
zw,Enqotsheni
zw,Ensedhlwini
zw,Entumbane
zw,Epworth
zw,Esibomvu
zw,Esigodini
zw,Esimbomvu
zw,Esinganeni
zw,Essexvale
zw,Eversley
zw,Excelsior
zw,Ezanguweni
zw,Fagadola
zw,Fairland
zw,Fairstar
zw,Famona
zw,Featherstone
zw,Felixburg
zw,Felixburg
zw,Figtree
zw,Filabusi
zw,Filimons Village
zw,Fishan
zw,Folosi
zw,Fombe
zw,(( Forestvale ))
zw,Fort Rixon
zw,Fortunes Gate
zw,Fort Usher
zw,Fort Victoria
zw,Four Winds
zw,Fred Mine
zw,Freelands
zw,Fresnaye
zw,Fumabatshena
zw,Fumbatshena
zw,Funda
zw,Fura
zw,Gadzema
zw,Gagwini
zw,Gambisa
zw,Gambiza
zw,Gampagalale
zw,Gaths Mine
zw,Gatooma
zw,Gawa
zw,Gempo
zw,Georgia
zw,Gevstein Park
zw,Gibixegu
zw,Glass Block
zw,Glenavon Est
zw,Glencoe
zw,Glencova
zw,Glendale
zw,Glendevon
zw,Glendye
zw,Gleneagles
zw,Glenearn
zw,Glengarry
zw,Glenlivet
zw,Glen Lorne
zw,Glen Norah
zw,Glenview
zw,Glenville
zw,Glenwood
zw,Gletwyn A
zw,Gletwyn
zw,Gokwe
zw,Golden Valley
zw,Good Hope
zw,Goredema District Chief Camp
zw,Gorodema
zw,Goromonzi
zw,Granite Park
zw,Graniteside
zw,Greencroft
zw,Greendale
zw,Green Grove
zw,Greenhill
zw,Greenspan
zw,Greystone A
zw,Greystone
zw,Greystone
zw,Greystone Park
zw,Grobbie Park
zw,Groombridge
zw,Guinea Fowl
zw,Gulakabili
zw,Gulakibili
zw,Gumtree
zw,Gun Hill
zw,Guruwe
zw,Gutu
zw,Guwa
zw,Gwaai
zw,Gwabalanda
zw,Gwai
zw,Gwanda
zw,Gwangwari
zw,Gwelo
zw,Gwelutshena
zw,Gwembgwa
zw,Gwemga
zw,Gweru
zw,Gwesi
zw,Gxobonolo
zw,Haig Park
zw,Halale
zw,Hamilton
zw,Hampeni
zw,Handsworth
zw,Hangapu
zw,Harare African Township
zw,Harare
zw,Harari
zw,Harrisvale
zw,Harrisville
zw,Hartlands
zw,Hartley
zw,Hatcliffe
zw,Hatfield
zw,Haydon
zw,Headlands
zw,Heany
zw,Heany Junction
zw,Helensvale
zw,Hewu
zw,Highfield
zw,Highfield Native Village
zw,Highlands Estate
zw,Highlands
zw,Highmount
zw,Hillcrest
zw,Hillside East
zw,Hillside
zw,Hillside
zw,Hillside West
zw,Hillside South
zw,Hingwe
zw,Hippo Valley
zw,Hlananisas
zw,Hlangano
zw,Hogerty Hill
zw,Homefield
zw,Hope Valley
zw,Hopley
zw,Hot Springs
zw,Houghton Park
zw,Howard Institute
zw,Hoyuyu
zw,Hume Park
zw,Hundred Acre Lots
zw,Hunters Road
zw,Hunts Road Halt
zw,Hwali
zw,Hwange
zw,Hwe Hwe
zw,Hyde Park Estate
zw,Hyde Park
zw,Iiunkub
zw,Ilanda
zw,Ilunkubo
zw,Imbesu Park
zw,Iminyela
zw,Impampa
zw,Impampas
zw,Induna
zw,Ingesi
zw,Ingezi
zw,Ingwe
zw,Inkubusi
zw,Inoro
zw,Insiza
zw,Insukamini
zw,Intabayezinduna
zw,Intini
zw,Inyanga
zw,Inyati
zw,Inyazura
zw,Ireland
zw,Irene
zw,Irisvale Halt
zw,Ivorie
zw,Jacaranda
zw,Jakalasi
zw,Jalume
zw,James
zw,Janisa
zw,Janiza
zw,Jawunda
zw,Jerera
zw,Jimila
zw,Jirira
zw,Jissi
zw,Jojos Village
zw,Jolume
zw,Jowa
zw,Juliasdale
zw,Jumbo
zw,Junction Gate
zw,Junction Tea Room
zw,Juru
zw,Kadelas Village
zw,Kadoma
zw,Kalane
zw,Kalugus Village
zw,Kamativi
zw,Kambanji
zw,Kambuzuma
zw,Kame
zw,Kamitivi
zw,Kandana
zw,Kanukamwe School
zw,Kanyemba
zw,Kanyonga Camp
zw,Kapane
zw,Kapateni
zw,Kapoka
zw,Kariba
zw,Kariyangwe
zw,Karoi
zw,Karoyi
zw,Kashambi
zw,Katoma
zw,Kawahove
zw,Kayisa
zw,Kazangarare
zw,Kelvin East
zw,Kelvin North
zw,Kelvin West
zw,Kenilworth Estates
zw,Kenilworth
zw,Kensington
zw,Kenyandavu Camp
zw,Kenyandavu
zw,Kenyungu
zw,Keynshamburg
zw,Kezi
zw,Kilallo
zw,Killarney
zw,Kimberley Reefs
zw,King Mine
zw,Kingsdale
zw,Kingsmead
zw,Kings Mine
zw,Kopje
zw,Korodziba
zw,Kubiko
zw,Kudjwara
zw,Kumalo
zw,Kumalo North
zw,Kutsaga Village
zw,Kuwadzana 3
zw,Kuwadzana 4
zw,Kuwadzana
zw,Kwekwe
zw,Lakeside
zw,Lalapansi
zw,Lalapanzi
zw,Lancaster
zw,Legion
zw,Legion Mine
zw,Letombo Park
zw,Lewisam
zw,Lewisham
zw,Lichendale
zw,Limbeck
zw,Lincoln Green
zw,Lingombenetshankwe
zw,Lions Den
zw,Little Norfolk
zw,Lobengula
zw,Lobenvale
zw,Lochinvar
zw,Lockview
zw,Logan Park
zw,Lonely Mine
zw,Lorelei
zw,Lower Gwelo
zw,Lower Nondwene
zw,Lower Rangemore
zw,Lubesi
zw,Lucu
zw,Luhonja
zw,Luhotswa
zw,Luipaards Vlei
zw,Luna
zw,Lundi
zw,Lupando
zw,Lupane
zw,Lupani
zw,Lupinde
zw,Lupindi
zw,Lupondo
zw,Lusulu
zw,Lusulu Settlement
zw,Lutombe
zw,Lutsha
zw,Luveve
zw,Luveve Native Village
zw,Mabalanas
zw,Mabaye
zw,Mabele
zw,Mabelreign
zw,Mabiriya
zw,Mabutweni
zw,Mabuze
zw,Mabvuku
zw,Machachuta
zw,Macheke
zw,Machendu
zw,Machihiri
zw,Machiroli
zw,Machrole
zw,Maclear
zw,Madadzi
zw,Mademauli
zw,Madhlosi
zw,Madioma
zw,Madona
zw,Madonga
zw,Madubus
zw,Madziwa
zw,Mafayfa
zw,Mafusini
zw,Mafuto
zw,Magazi
zw,Magodi Masili
zw,Magunge
zw,Magwegwe
zw,Magwegwe North
zw,Magwegwe West
zw,Mahanzwa
zw,Mahlalayedwa
zw,Mahlosi
zw,Mahusekwa
zw,Mahusekwa Township
zw,Maimi
zw,Mainway Meadows
zw,Majabane
zw,Majabani
zw,Majumi
zw,Makabusi
zw,Makado
zw,Makaha
zw,Makhaza
zw,Makokoba
zw,Makokwe
zw,Mako
zw,Makonis
zw,Makosa Business Centre
zw,Makosa Township
zw,Makose
zw,Makulugusi
zw,Makulukusa
zw,Makuti
zw,Makvlela
zw,Makwino
zw,Makwira
zw,Makwiro
zw,Malanda
zw,Malapati
zw,Malhera
zw,Malila
zw,Malindela
zw,Malindi
zw,Maloba
zw,Malube
zw,Malvern
zw,Malvulashaba
zw,Manala
zw,Mananzwa
zw,Mandamambge
zw,Mandamombge
zw,Mandara
zw,Mandau
zw,Mandidzudzure
zw,Mangula
zw,Manguta
zw,Mangwalu
zw,Mangwatu
zw,Mangwe
zw,Mangwende
zw,Mangwendi
zw,Mangweni
zw,Manjelengwa
zw,Mankonekaze
zw,Mankonekazi
zw,Manningdale
zw,Manondweni
zw,Manresa
zw,Manubvu
zw,Manyati
zw,Manzamahle
zw,Manzemuhle
zw,Mapengula
zw,Mapili
zw,Mapolisa
zw,Mapulubusi
zw,Maramani
zw,Maranami
zw,Marandellas
zw,Marimba Park
zw,Mari Phumbi
zw,Marlands
zw,Marlborough
zw,Marondera
zw,Marongwe
zw,Marshbrook
zw,Marvel A
zw,Marvel
zw,Maryland Junction
zw,Maryland
zw,Masachuta
zw,Mashaba
zw,Mashachuta
zw,Mashambahaka School
zw,Mashami
zw,Mashava
zw,Mashula
zw,Mashule
zw,Masilingana
zw,Masole
zw,Masvingo
zw,Maswi
zw,Mataga
zw,Matapula
zw,Matemaganya
zw,Matemawule
zw,Matibi
zw,Matibis
zw,Matidoda Park
zw,Matinka
zw,Matiwaza
zw,Matoba
zw,Matobo
zw,Matole
zw,Matombo
zw,Matopos
zw,Matorashangu
zw,Matsai Township
zw,Matsheumhlope Lots
zw,Matsheumhlope
zw,Matshobana
zw,Matshwaheni
zw,Matswaheni
zw,Matswaire
zw,Matupula
zw,Mavele
zw,Mayfield Park
zw,Mazabisa
zw,Mazabiza
zw,Mazanzi
zw,Mazhula
zw,Mazibulala
zw,Mazilingana
zw,Mazoe
zw,Mazowe
zw,Mazunga
zw,Mazunga Ranch Headquarters
zw,Mbalabala
zw,Mbamba
zw,Mbanuana
zw,Mbanyana
zw,Mbare
zw,Mbembezi
zw,Mberengwa
zw,Mbiriya
zw,Mbiza
zw,Mbizi
zw,Mbizo
zw,Mbizo
zw,Mbizo Township
zw,Mbungu Settlement
zw,Mcetshwa
zw,Melfort
zw,Melsetter Junction
zw,Melsetter
zw,Melton
zw,Mendamu
zw,Meyrick Park
zw,Mgadzi
zw,Mgodi Masili
zw,Mhanda
zw,Mhangura
zw,Miami
zw,Miasi
zw,Midlands
zw,Miketwa
zw,Milan
zw,Millievale
zw,Milton Park
zw,Mjumi
zw,Mkasa
zw,Mkauzaan
zw,Mkayeni
zw,Mketwa
zw,Mkoba
zw,Mkombo
zw,Mkubazi
zw,Mnene
zw,Mneni
zw,Mon Abri
zw,Monavale
zw,Monema
zw,Monovale
zw,Montgomery
zw,Montrose
zw,Mormon Hill
zw,Morningside
zw,Mount Darwin
zw,Mount Fura
zw,Mount Hampden Junction
zw,Mount Hampden
zw,Mount Hampton
zw,Mount Pleasant
zw,Mount Pleasant Park
zw,Mowonema
zw,Moyeni
zw,Mpafani
zw,Mpate
zw,Mphoeng
zw,Mphoengs
zw,Mphoweng
zw,Mpilo
zw,Mpinjwana
zw,Mpinjwani
zw,Mpopoma
zw,Mpopomo South
zw,Mpulubuzi
zw,Mrazor
zw,Mrewa
zw,Msasa
zw,Msasa Park
zw,Msonedi
zw,Msonneddi
zw,Mswiganas Kraal
zw,Mtampane
zw,Mtawalos Village
zw,Mtemaganyu
zw,Mtendere
zw,Mtepatepa
zw,Mtoko
zw,Mtole
zw,Mtorashangu
zw,Mtoroshanga
zw,Mtshayeli
zw,Mtsuli
zw,Mubayira
zw,Mubayira Township Reserve
zw,Mucheke Township
zw,Mucheki
zw,Mucibwa
zw,Mufakose
zw,Muhlonga
zw,Mukuvisi
zw,Mukuvisi Park
zw,Mukuvisi Woodlands
zw,Mulujawane
zw,Mulujawane Siding
zw,Mulungwane
zw,Munda
zw,Munene
zw,Munyati
zw,Murehwa
zw,Murewa
zw,Muri Pumbi
zw,Musitkwe
zw,Musondzo
zw,Musonza
zw,Muswewenhede
zw,Mutambara
zw,Mutare
zw,Mutepatepa
zw,Mutoko
zw,Mutorashanga
zw,Muvumi
zw,Muvuti
zw,Mvudhlana
zw,Mvuma
zw,Mvundhlana
zw,Mvurwi
zw,Mwami
zw,Mwanezi
zw,Mwenezi
zw,Mwenezi
zw,Mzenzi
zw,Mzilikazi
zw,Nakabindana
zw,Nandi Mill
zw,Nandi
zw,Napemando
zw,Narakati
zw,Narira
zw,Nbira District Chief Camp
zw,Nbira
zw,Ndanga
zw,Ndolwane
zw,Nembe
zw,Nembudzia
zw,Nembudziya
zw,Nenyuka
zw,Nenyunka
zw,Neuso Business Centre
zw,New Alexandra Park
zw,New Ardbennie
zw,Newbiggin
zw,New Bromley
zw,New Hartley
zw,Newlands
zw,Newmansford
zw,New Marlborough
zw,Newton
zw,Newton West
zw,Ngadza
zw,Ngesi
zw,Ngesi
zw,Ngezi
zw,Ngezi Siding
zw,Ngiki
zw,Ngoku
zw,Ngomahura Leper Settlement
zw,Ngomahuru
zw,Ngoma
zw,Nguboyenia
zw,Ngulalikashi
zw,Ngundu Halt
zw,Nigonenanse
zw,Ningombeneshango
zw,Ningombenonzi
zw,Nintila
zw,Nintili
zw,Nizhou
zw,Nizhowu
zw,Njube
zw,Nkai
zw,Nkanzaan
zw,Nkarakati
zw,Nkayi
zw,Nketa
zw,Nkosikazi
zw,Nkulumane
zw,Nkwichu
zw,Nkwisi Park
zw,Nkwizhu
zw,North End
zw,Northgate
zw,Northlea
zw,North Lynne
zw,North Trenance Estate
zw,North Trenance
zw,Northwood
zw,Norton
zw,Npuma
zw,Nsukumini
zw,Ntaba Moya
zw,Ntabazinduna
zw,Ntakwa
zw,Ntampane
zw,Ntawha
zw,Ntulula
zw,Ntumbuwamayi
zw,Ntumbuyamai
zw,Nuanetsi
zw,Nxabamude
zw,Nyabira
zw,Nyadzi
zw,Nyakatha
zw,Nyala
zw,Nyamandhlovu
zw,Nyamandholovu
zw,Nyamapanda Customs Post
zw,Nyamapanda
zw,Nyamapande
zw,Nyamkoho Township
zw,Nyamwanga
zw,Nyamweda
zw,Nyanda
zw,Nyandoros
zw,Nyanga
zw,Nyanganyeni
zw,Nyanganyuni
zw,Nyangwene
zw,Nyangweni
zw,Nyanyadzi Business Center
zw,Nyanyadzi
zw,Nyariba
zw,Nyautare
zw,Nyazura
zw,Nyazure
zw,Nykasikana
zw,Odzi
zw,One Hundred Acre Lots
zw,Orange Grove
zw,Otto Beit Bridge
zw,Oval Park
zw,Paddonhurst
zw,Pakana
zw,Pambuka African Township
zw,Pambuka
zw,Pamula
zw,Parklands
zw,Park Meadowlands
zw,Parkridge Estate
zw,Parktown
zw,Parkview
zw,Pashu
zw,Pashus
zw,Patalika
zw,Pearson Settlement
zw,Pelandaba
zw,Pelela
zw,Pelendaba
zw,Pembe
zw,Pendennis
zw,Penhalonga
zw,Pfupajena
zw,Philadelphia
zw,Plumtree
zw,Pomona
zw,Pondo
zw,Poomula
zw,Poorte River
zw,Prospect Park
zw,Prospect
zw,Protea
zw,Pumula African Township
zw,Pumula East
zw,Pumula North
zw,Pumula
zw,Qedajaha
zw,Quedajaha
zw,Queensdale
zw,Queensdale
zw,Queens Mine
zw,Que Que
zw,Quinnington
zw,Raffingora
zw,Rangemore
zw,Raylton
zw,Redcliffe
zw,Redcliff
zw,Reigate
zw,Rhodesville
zw,Richmond
zw,Ridgeview
zw,Rietfontein
zw,Rimuka
zw,Riverside Estates
zw,Riverside North
zw,Riverside South
zw,Robert Sinyoka
zw,Robert Sinyoka Suburb
zw,Rocky Spruit
zw,Rolfe Valley
zw,Rolf Valley
zw,Romney Park
zw,Rosa
zw,Rosmalind
zw,Rowa
zw,Rowena
zw,Rugare
zw,Rugari
zw,Rukodora
zw,Runiville
zw,Runnivale
zw,Rupepwe
zw,Rupisi
zw,Rurgwe
zw,Rurwi
zw,Rusape
zw,Rusapi
zw,Rutenga
zw,Ruwa
zw,Rwatsumbu
zw,Ryelands
zw,Saba
zw,Sablevale
zw,Sableville
zw,Sadza
zw,Sahlupeka
zw,Saint Andrews Park
zw,Saint Martins
zw,Saint Marys
zw,Sakubva
zw,Salagushle
zw,Salankomo
zw,Salisbury Park
zw,Salisbury
zw,Salukwe
zw,Samlupeka
zw,Sandawana
zw,Sanyati
zw,Sanyatwe
zw,Sauers
zw,Sauers Town
zw,Sauers Township
zw,Sauers Town West
zw,Sava
zw,Sawa Sawa
zw,Sawmills
zw,Science Park
zw,Seboza
zw,Sedhlwini
zw,Seke
zw,Seki African Township
zw,Seki
zw,Seki Township
zw,Selous
zw,Selukwe
zw,Semawuru
zw,Senka
zw,Sentosa
zw,Setana
zw,Sewela
zw,Shabani
zw,Shaba
zw,Shagari
zw,Shamaburu
zw,Shamva
zw,Shangani
zw,Shavani
zw,Shawasha Hills
zw,Shawila
zw,Sheleni
zw,Sherwood Park
zw,Sherwood
zw,Shingwe
zw,Shololezhou
zw,Shortson
zw,Shoteli
zw,Shurugwi
zw,Siabuwa
zw,Sibanjiba
zw,Sibunkululu
zw,Sigwini
zw,Sihazela
zw,Sikende
zw,Silisi
zw,Silobela
zw,Silonkwe
zw,Simchembo
zw,Sinamatella Camp
zw,Sinamatila Camp
zw,Sinangeti
zw,Sinoia
zw,Sinyoni
zw,Sipolilo
zw,Sipongweni
zw,Siqwini
zw,Siringa
zw,Sitambala
zw,Sitambarara
zw,Sitauze
zw,Sitauzis
zw,Siwela
zw,Siwila
zw,Siwile
zw,Siyangiya
zw,Sizinda
zw,Sodaka
zw,Solonkwe
zw,Somabhula
zw,Somabula
zw,Somkaya
zw,Somlata
zw,Somlota
zw,Somqibe
zw,Somquibe
zw,Sontamba
zw,Sontambo
zw,Sosera
zw,Sote Source
zw,Soti Source
zw,Southdale
zw,Southerton
zw,Southwold
zw,Spingwini
zw,Springfontein
zw,St. Andrews Park
zw,Stapleford
zw,Steeldale
zw,St. Martins
zw,Stortford
zw,Strathaven
zw,Strathmore
zw,Stubbington Park
zw,Suburbs
zw,Sunningdale
zw,Sunninghill
zw,Sunnyside
zw,Sunridge
zw,Sunrise
zw,Susmani
zw,Susumani
zw,Suswe
zw,Sutskwe Township
zw,Sweswe
zw,Tabas Induna
zw,Tafara
zw,Taikoo
zw,Tamhla
zw,Tamuhle
zw,Tandaai
zw,Tandai
zw,Tandayi
zw,Tankahokwe
zw,Tankahukwe
zw,Tegela
zw,Tembile
zw,Tembili
zw,Teneriffe
zw,The Grange
zw,The Helenvale Block
zw,The Jungle
zw,The Range
zw,The Springs
zw,Theydon
zw,Thistle Etna
zw,Thorngrove
zw,Tizoras
zw,Tjagacuhle
zw,Tjolotjo
zw,Tongwe
zw,Torwood
zw,Towla
zw,Trelawney
zw,Trenance
zw,Triangle Ranch
zw,Triangle
zw,Tsambvi
zw,Tsamvi
zw,Tsetana
zw,Tsetseri
zw,Tshabalala
zw,Tshabanda
zw,Tshakapika
zw,Tshayile
zw,Tshefu Tshefu
zw,Tshibizena
zw,Tshibizina
zw,Tshino
zw,Tshinu
zw,Tshitashwana
zw,Tshitatshawa
zw,Tshiturapadsi
zw,Tshiyakwakiwe
zw,Tshiyakwakwe
zw,Tsholotsho
zw,Tstetseri
zw,Tswiza
zw,Tudeley
zw,Tulamela
zw,Tulamila
zw,Tuli
zw,Tullichewan
zw,Turk Mine
zw,Tynwald South
zw,Tynwald
zw,Uhera
zw,Umganine
zw,Umganin
zw,Umgusa Estate
zw,Umgusa
zw,Umguza Estate
zw,Umguza
zw,Umsweswe Siding
zw,Umsweswe
zw,Umtali
zw,Umvukwes
zw,Umvuma
zw,Umvutcha A
zw,Umvutcha
zw,Umwinsidale
zw,Uplands
zw,Upper Glenville
zw,Upper Rangemore
zw,Ushehwokunze
zw,Usher Institute
zw,Ushewokunze
zw,Vainona
zw,Valencedene
zw,Valence Dene
zw,Vengere
zw,Ventersburg
zw,Verona
zw,Victoria Falls
zw,Villa Franca
zw,Vozheka
zw,Vozueka
zw,Vrede
zw,Vulashaba
zw,Wallace Block
zw,Wange
zw,Wankie
zw,Warren Park D
zw,Warren Park North
zw,Warren Park
zw,Warren
zw,Waterfalls
zw,Waterfall
zw,Waterford
zw,Waterlea
zw,Watsomba
zw,Wedza
zw,Welcome
zw,Westgate
zw,West Nicholson
zw,Westondale
zw,West Queens Park
zw,Westwood
zw,West Wood
zw,Wha Wha
zw,Whitecairns
zw,White Star
zw,Willowvale
zw,Willow Vale
zw,Willsgrove
zw,Wilmington Park
zw,Wilton
zw,Winchendon
zw,Windsor Park
zw,Woodlands
zw,Woodville Park
zw,Woodville South
zw,Woodville
zw,Workington
zw,Worringham
zw,Xabamude
zw,Xanixani
zw,Xhani Xhani
zw,Xoboholo
zw,Xotjeni
zw,Zabagwadi
zw,Zaka
zw,Zamqaweni
zw,Zandile
zw,Zandi
zw,Zanyika
zw,Zemalapala
zw,Zemandana
zw,Zemanda
zw,Zibalonkwe
zw,Zibunkululu
zw,Ziga
zw,Zikamanas Village
zw,Zimbabwe
zw,Zimre Park
zw,Ziyakamanas
zw,Zizalisari
zw,Zuzumba
zw,Zvishavane
